{
  "shown": [
    {
      "max_elev": 3199, 
      "cumarea": 360.69342950832225, 
      "area": 141.25, 
      "num_lifts": 564, 
      "name": "Sella Ronda", 
      "source": "jsons/ski_area_elevations//europe-latest.json", 
      "min_elev": 1003, 
      "uid": "c4585162-ee23-4631-a0cd-d8e63ac02f3e"
    }, 
    {
      "max_elev": 3199, 
      "cumarea": 365.26221764209095, 
      "area": 13.05, 
      "num_lifts": 64, 
      "name": "Stubaier Gletscher", 
      "source": "jsons/ski_area_elevations//europe-latest.json", 
      "min_elev": 1745, 
      "uid": "92b4f01d-e594-4438-9210-995305612055"
    }, 
    {
      "max_elev": 3203, 
      "uid": "4f0a03ee-039c-49e3-a509-b0e397be546f", 
      "area": 1.84, 
      "num_lifts": 1, 
      "source": "jsons/ski_area_elevations//asia-latest.json", 
      "min_elev": 2948, 
      "cumarea": 353.7428981382957
    }, 
    {
      "max_elev": 3195, 
      "uid": "9d4b20dc-7770-421b-93c0-d46c415fc150", 
      "area": 1.8, 
      "num_lifts": 1, 
      "source": "jsons/ski_area_elevations//asia-latest.json", 
      "min_elev": 3192, 
      "cumarea": 367.85000430699307
    }
  ], 
  "end_x": 368.78005142809286, 
  "num": 20, 
  "zoom": 10, 
  "start_x": 351.2190965981837
}