{
  "shown": [
    {
      "max_elev": 2979, 
      "cumarea": 538.0147257724184, 
      "area": 16.01, 
      "num_lifts": 53, 
      "name": "St-Luc", 
      "source": "jsons/ski_area_elevations//europe-latest.json", 
      "min_elev": 1683, 
      "uid": "014becc7-8e7f-4ba7-81ac-dae880c80b07"
    }, 
    {
      "max_elev": 2981, 
      "cumarea": 530.6426757443211, 
      "area": 14.14, 
      "num_lifts": 80, 
      "name": "Adamello", 
      "source": "jsons/ski_area_elevations//europe-latest.json", 
      "min_elev": 1127, 
      "uid": "3ebd52c5-5e03-46d2-bf24-be88e22845c9"
    }, 
    {
      "max_elev": 2977, 
      "uid": "ebb1adfb-881e-42df-bb66-ead7463dbb73", 
      "area": 1.8800000000000001, 
      "num_lifts": 1, 
      "source": "jsons/ski_area_elevations//asia-latest.json", 
      "min_elev": 2685, 
      "cumarea": 540.6459975492603
    }, 
    {
      "max_elev": 2980, 
      "uid": "fd5973ce-8b7d-4fc8-9e2b-eb93d9ecd321", 
      "area": 1.82, 
      "num_lifts": 1, 
      "source": "jsons/ski_area_elevations//north-america-latest.json", 
      "min_elev": 2844, 
      "cumarea": 533.2415122454098
    }
  ], 
  "end_x": 544.3895997271846, 
  "num": 30, 
  "zoom": 10, 
  "start_x": 526.8286448972755
}