{
  "shown": [
    {
      "max_elev": 944, 
      "uid": "cedbc872-ee41-4496-afd0-62f5bd6b3ad0", 
      "area": 2.59, 
      "num_lifts": 6, 
      "source": "jsons/ski_area_elevations//europe-latest.json", 
      "min_elev": 682, 
      "cumarea": 8931.966470285959
    }, 
    {
      "max_elev": 944, 
      "uid": "e1ab840a-f3ba-478c-a339-944f55278812", 
      "area": 1.95, 
      "num_lifts": 8, 
      "source": "jsons/ski_area_elevations//europe-latest.json", 
      "min_elev": 813, 
      "cumarea": 8934.634299658535
    }, 
    {
      "max_elev": 944, 
      "uid": "b27f82e4-66e8-48d6-aeaa-366cc46da663", 
      "area": 1.83, 
      "num_lifts": 1, 
      "source": "jsons/ski_area_elevations//europe-latest.json", 
      "min_elev": 839, 
      "cumarea": 8937.238615625389
    }
  ], 
  "end_x": 8938.526008423773, 
  "num": 1017, 
  "zoom": 11, 
  "start_x": 8929.745531008819
}