{
  "shown": [
    {
      "max_elev": 920, 
      "uid": "b3c21cfd-b5b3-402b-975d-d0e95dff8eef", 
      "area": 2.21, 
      "num_lifts": 4, 
      "source": "jsons/ski_area_elevations//europe-latest.json", 
      "min_elev": 794, 
      "cumarea": 9136.88673803818
    }, 
    {
      "max_elev": 921, 
      "uid": "e7f4979c-14b3-40e4-b2e7-ba986531a56c", 
      "area": 1.83, 
      "num_lifts": 1, 
      "source": "jsons/ski_area_elevations//asia-latest.json", 
      "min_elev": 740, 
      "cumarea": 9134.09374552265
    }, 
    {
      "max_elev": 920, 
      "uid": "0bb43bed-78c3-4b44-bf46-d7dceeec183f", 
      "area": 1.83, 
      "num_lifts": 1, 
      "source": "jsons/ski_area_elevations//europe-latest.json", 
      "min_elev": 840, 
      "cumarea": 9139.491054005033
    }
  ], 
  "end_x": 9140.47698896773, 
  "num": 1040, 
  "zoom": 11, 
  "start_x": 9131.696511552775
}