{
  "shown": [
    {
      "max_elev": 901, 
      "uid": "8b41ccea-32c7-4f05-a24c-0ff53329c717", 
      "area": 2.2600000000000002, 
      "num_lifts": 2, 
      "source": "jsons/ski_area_elevations//europe-latest.json", 
      "min_elev": 534, 
      "cumarea": 9262.615519826384
    }, 
    {
      "max_elev": 902, 
      "uid": "f24337ec-7f23-4670-9be9-7d96ca0f5ced", 
      "area": 1.8800000000000001, 
      "num_lifts": 2, 
      "source": "jsons/ski_area_elevations//asia-latest.json", 
      "min_elev": 729, 
      "cumarea": 9259.8001550131
    }, 
    {
      "max_elev": 902, 
      "uid": "7295389e-29f4-43b8-884b-a0a6eabca185", 
      "area": 1.83, 
      "num_lifts": 1, 
      "source": "jsons/ski_area_elevations//north-america-latest.json", 
      "min_elev": 779, 
      "cumarea": 9257.168883236258
    }
  ], 
  "end_x": 9263.403672777094, 
  "num": 1054, 
  "zoom": 11, 
  "start_x": 9254.62319536214
}