{
  "shown": [
    {
      "max_elev": 875, 
      "uid": "a7681525-2314-4097-b58a-1feb834bdcbe", 
      "area": 2.0700000000000003, 
      "num_lifts": 4, 
      "source": "jsons/ski_area_elevations//europe-latest.json", 
      "min_elev": 308, 
      "cumarea": 9478.861840697204
    }, 
    {
      "max_elev": 875, 
      "uid": "de380fb6-8050-42cc-80e0-4fcf297a236e", 
      "area": 1.85, 
      "num_lifts": 2, 
      "source": "jsons/ski_area_elevations//europe-latest.json", 
      "min_elev": 755, 
      "cumarea": 9481.477026336293
    }, 
    {
      "max_elev": 876, 
      "uid": "1bfe0f4c-0453-4b44-9de5-4de883bf98c1", 
      "area": 1.81, 
      "num_lifts": 1, 
      "source": "jsons/ski_area_elevations//europe-latest.json", 
      "min_elev": 851, 
      "cumarea": 9476.134292089926
    }
  ], 
  "end_x": 9482.91560815096, 
  "num": 1079, 
  "zoom": 11, 
  "start_x": 9474.135130736006
}