{
  "shown": [
    {
      "max_elev": 874, 
      "uid": "212b2281-f97b-4c50-9bf7-5d1818ac11d4", 
      "area": 2.14, 
      "num_lifts": 9, 
      "source": "jsons/ski_area_elevations//europe-latest.json", 
      "min_elev": 624, 
      "cumarea": 9489.592790646137
    }, 
    {
      "max_elev": 875, 
      "uid": "2e5d1fe5-9fe9-4088-83b8-e5fc3b6c4b6e", 
      "area": 2.13, 
      "num_lifts": 2, 
      "source": "jsons/ski_area_elevations//asia-latest.json", 
      "min_elev": 433, 
      "cumarea": 9486.831984817103
    }, 
    {
      "max_elev": 875, 
      "uid": "27ec67b2-2328-4d91-9532-44340982319d", 
      "area": 1.82, 
      "num_lifts": 1, 
      "source": "jsons/ski_area_elevations//europe-latest.json", 
      "min_elev": 761, 
      "cumarea": 9484.075862837382
    }
  ], 
  "end_x": 9491.696085565916, 
  "num": 1080, 
  "zoom": 11, 
  "start_x": 9482.91560815096
}