{
  "shown": [
    {
      "max_elev": 864, 
      "uid": "9e86e256-d93b-46e8-a503-be5b6505e621", 
      "area": 2.16, 
      "num_lifts": 5, 
      "source": "jsons/ski_area_elevations//europe-latest.json", 
      "min_elev": 355, 
      "cumarea": 9590.732467526766
    }, 
    {
      "max_elev": 864, 
      "uid": "f6931020-809c-4992-922a-4dc189463484", 
      "area": 2.0, 
      "num_lifts": 3, 
      "source": "jsons/ski_area_elevations//europe-latest.json", 
      "min_elev": 575, 
      "cumarea": 9593.425614707327
    }, 
    {
      "max_elev": 864, 
      "uid": "bd323029-3a63-4dd4-9552-2e5c5d193497", 
      "area": 1.9100000000000001, 
      "num_lifts": 2, 
      "source": "jsons/ski_area_elevations//europe-latest.json", 
      "min_elev": 660, 
      "cumarea": 9596.072717949384
    }
  ], 
  "end_x": 9597.06181454537, 
  "num": 1092, 
  "zoom": 11, 
  "start_x": 9588.281337130415
}