{
  "shown": [
    {
      "max_elev": 845, 
      "uid": "163c21ea-fae1-47d0-abba-a4557ada8081", 
      "area": 2.37, 
      "num_lifts": 7, 
      "source": "jsons/ski_area_elevations//europe-latest.json", 
      "min_elev": 390, 
      "cumarea": 9751.685034556942
    }, 
    {
      "max_elev": 845, 
      "uid": "6c1f322e-e015-4f58-baac-cfc0242c0ff6", 
      "area": 2.1, 
      "num_lifts": 11, 
      "source": "jsons/ski_area_elevations//europe-latest.json", 
      "min_elev": 713, 
      "cumarea": 9754.426971901672
    }, 
    {
      "max_elev": 846, 
      "uid": "6c4810fc-e2de-46f9-8abb-390737ce4da0", 
      "area": 2.0300000000000002, 
      "num_lifts": 1, 
      "source": "jsons/ski_area_elevations//africa-latest.json", 
      "min_elev": 15, 
      "cumarea": 9748.822144601794
    }
  ], 
  "end_x": 9755.110408014552, 
  "num": 1110, 
  "zoom": 11, 
  "start_x": 9746.329930599599
}