{
  "shown": [
    {
      "max_elev": 821, 
      "uid": "10f1cb05-2d38-4d82-bf1b-bb160e8a1618", 
      "area": 2.23, 
      "num_lifts": 8, 
      "source": "jsons/ski_area_elevations//europe-latest.json", 
      "min_elev": 586, 
      "cumarea": 9977.033570147463
    }, 
    {
      "max_elev": 821, 
      "uid": "f2fe5f17-a6e4-4af9-b397-4ff03e8d4483", 
      "area": 1.94, 
      "num_lifts": 4, 
      "source": "jsons/ski_area_elevations//europe-latest.json", 
      "min_elev": 719, 
      "cumarea": 9979.696258120539
    }, 
    {
      "max_elev": 821, 
      "uid": "1935ed8c-ce15-4363-b43e-8abb8bfcec13", 
      "area": 1.9000000000000001, 
      "num_lifts": 5, 
      "source": "jsons/ski_area_elevations//europe-latest.json", 
      "min_elev": 747, 
      "cumarea": 9982.338112006712
    }
  ], 
  "end_x": 9983.40282080337, 
  "num": 1136, 
  "zoom": 11, 
  "start_x": 9974.622343388417
}