{
  "shown": [
    {
      "max_elev": 785, 
      "uid": "36e405cf-b586-4284-8dcd-5e5fc530200d", 
      "area": 1.98, 
      "num_lifts": 4, 
      "source": "jsons/ski_area_elevations//europe-latest.json", 
      "min_elev": 695, 
      "cumarea": 10382.847441950827
    }, 
    {
      "max_elev": 785, 
      "uid": "6f930b81-41c5-4166-bca4-a7046dcfa5bd", 
      "area": 1.85, 
      "num_lifts": 6, 
      "source": "jsons/ski_area_elevations//europe-latest.json", 
      "min_elev": 754, 
      "cumarea": 10385.462627589917
    }, 
    {
      "max_elev": 786, 
      "uid": "8866275f-ff68-406a-8fb7-faef618ad026", 
      "area": 1.81, 
      "num_lifts": 1, 
      "source": "jsons/ski_area_elevations//europe-latest.json", 
      "min_elev": 749, 
      "cumarea": 10380.16434510612
    }
  ], 
  "end_x": 10387.304781891282, 
  "num": 1182, 
  "zoom": 11, 
  "start_x": 10378.524304476328
}