{
  "shown": [
    {
      "max_elev": 778, 
      "uid": "363d8984-e738-4abe-a674-48a8d0404b7b", 
      "area": 2.5, 
      "num_lifts": 21, 
      "source": "jsons/ski_area_elevations//europe-latest.json", 
      "min_elev": 653, 
      "cumarea": 10477.912491886938
    }, 
    {
      "max_elev": 778, 
      "uid": "ef23833a-8088-40ae-a000-4c8466e91935", 
      "area": 1.84, 
      "num_lifts": 4, 
      "source": "jsons/ski_area_elevations//europe-latest.json", 
      "min_elev": 718, 
      "cumarea": 10480.522257458559
    }, 
    {
      "max_elev": 778, 
      "uid": "9a770893-fed0-48b8-84c7-2b978b4bb8f2", 
      "area": 1.82, 
      "num_lifts": 1, 
      "source": "jsons/ski_area_elevations//europe-latest.json", 
      "min_elev": 674, 
      "cumarea": 10483.121093959648
    }
  ], 
  "end_x": 10483.890033455782, 
  "num": 1193, 
  "zoom": 11, 
  "start_x": 10475.109556040828
}