{
  "shown": [
    {
      "max_elev": 772, 
      "uid": "adc09ffa-9819-44dd-9a9b-27464b624648", 
      "area": 1.9000000000000001, 
      "num_lifts": 6, 
      "source": "jsons/ski_area_elevations//asia-latest.json", 
      "min_elev": 619, 
      "cumarea": 10556.220593139733
    }, 
    {
      "max_elev": 771, 
      "uid": "28c6b74c-da01-4748-9501-4350160b6696", 
      "area": 1.86, 
      "num_lifts": 2, 
      "source": "jsons/ski_area_elevations//europe-latest.json", 
      "min_elev": 671, 
      "cumarea": 10558.841169627458
    }, 
    {
      "max_elev": 771, 
      "uid": "93525bad-fcad-4903-b4ac-b9a221cc11dc", 
      "area": 1.83, 
      "num_lifts": 1, 
      "source": "jsons/ski_area_elevations//europe-latest.json", 
      "min_elev": 610, 
      "cumarea": 10561.445485594311
    }
  ], 
  "end_x": 10562.914330190375, 
  "num": 1202, 
  "zoom": 11, 
  "start_x": 10554.13385277542
}