{
  "shown": [
    {
      "max_elev": 758, 
      "uid": "9ee77b04-ae55-4e1f-b969-bce254a70d68", 
      "area": 2.08, 
      "num_lifts": 1, 
      "source": "jsons/ski_area_elevations//europe-latest.json", 
      "min_elev": 652, 
      "cumarea": 10689.575462174285
    }, 
    {
      "max_elev": 758, 
      "uid": "8b821663-1190-4965-9e62-7bf41219aa84", 
      "area": 1.8900000000000001, 
      "num_lifts": 2, 
      "source": "jsons/ski_area_elevations//europe-latest.json", 
      "min_elev": 485, 
      "cumarea": 10692.212039003356
    }, 
    {
      "max_elev": 759, 
      "uid": "689436b8-6586-47d7-87d4-bfed1ab7e106", 
      "area": 1.81, 
      "num_lifts": 1, 
      "source": "jsons/ski_area_elevations//europe-latest.json", 
      "min_elev": 727, 
      "cumarea": 10686.843094280572
    }
  ], 
  "end_x": 10694.621491414693, 
  "num": 1217, 
  "zoom": 11, 
  "start_x": 10685.84101399974
}