{
  "shown": [
    {
      "max_elev": 2560, 
      "cumarea": 1095.3378131151712, 
      "area": 5.97, 
      "num_lifts": 23, 
      "name": "Wei\u00dfsee Gletscherwelt", 
      "source": "jsons/ski_area_elevations//europe-latest.json", 
      "min_elev": 1478, 
      "uid": "79a64f73-41a0-4d0d-b6ed-753c0415950b"
    }, 
    {
      "max_elev": 2561, 
      "uid": "b0133875-8119-49c0-9437-ca84afb1beb6", 
      "area": 2.48, 
      "num_lifts": 3, 
      "source": "jsons/ski_area_elevations//europe-latest.json", 
      "min_elev": 1783, 
      "cumarea": 1091.5510661877668
    }
  ], 
  "end_x": 1097.559676869324, 
  "num": 124, 
  "zoom": 11, 
  "start_x": 1088.7791994543693
}