{
  "shown": [
    {
      "max_elev": 734, 
      "uid": "7d7924dc-874a-41b2-9aca-d6296e6c2e74", 
      "area": 2.9000000000000004, 
      "num_lifts": 17, 
      "source": "jsons/ski_area_elevations//north-america-latest.json", 
      "min_elev": 399, 
      "cumarea": 10944.226789498494
    }, 
    {
      "max_elev": 734, 
      "uid": "12e7afb2-9482-486a-80ef-a3c730e0cfd8", 
      "area": 1.81, 
      "num_lifts": 1, 
      "source": "jsons/ski_area_elevations//europe-latest.json", 
      "min_elev": 677, 
      "cumarea": 10941.162078761501
    }, 
    {
      "max_elev": 734, 
      "uid": "06b0cf89-df60-459c-ac75-eb284e713f05", 
      "area": 1.81, 
      "num_lifts": 1, 
      "source": "jsons/ski_area_elevations//north-america-latest.json", 
      "min_elev": 732, 
      "cumarea": 10946.820116343772
    }
  ], 
  "end_x": 10949.255336448376, 
  "num": 1246, 
  "zoom": 11, 
  "start_x": 10940.474859033422
}