{
  "shown": [
    {
      "max_elev": 729, 
      "uid": "eb76935f-5211-49c8-8aeb-ec521a2e4605", 
      "area": 2.13, 
      "num_lifts": 4, 
      "source": "jsons/ski_area_elevations//europe-latest.json", 
      "min_elev": 608, 
      "cumarea": 10986.078555673626
    }, 
    {
      "max_elev": 729, 
      "uid": "715fea9d-c2c3-443d-b3dd-fc2b4fcad380", 
      "area": 1.85, 
      "num_lifts": 1, 
      "source": "jsons/ski_area_elevations//europe-latest.json", 
      "min_elev": 627, 
      "cumarea": 10988.693741312716
    }, 
    {
      "max_elev": 728, 
      "uid": "b7283aec-a05a-4a59-aeab-879d1a460cd4", 
      "area": 1.8, 
      "num_lifts": 1, 
      "source": "jsons/ski_area_elevations//europe-latest.json", 
      "min_elev": 728, 
      "cumarea": 10991.281527977619
    }
  ], 
  "end_x": 10993.157723523149, 
  "num": 1251, 
  "zoom": 11, 
  "start_x": 10984.377246108194
}