{
  "shown": [
    {
      "max_elev": 726, 
      "uid": "fa545134-3e6a-4e4b-8f5d-cb4b0e5f5f0d", 
      "area": 2.08, 
      "num_lifts": 3, 
      "source": "jsons/ski_area_elevations//europe-latest.json", 
      "min_elev": 666, 
      "cumarea": 11011.332893949912
    }, 
    {
      "max_elev": 726, 
      "uid": "a28b0716-c240-4fd6-abf7-c82a78cb3f58", 
      "area": 1.85, 
      "num_lifts": 3, 
      "source": "jsons/ski_area_elevations//europe-latest.json", 
      "min_elev": 684, 
      "cumarea": 11013.948079589001
    }, 
    {
      "max_elev": 726, 
      "uid": "4d6947ee-f299-4f54-89cb-f242c5b8cb37", 
      "area": 1.82, 
      "num_lifts": 2, 
      "source": "jsons/ski_area_elevations//europe-latest.json", 
      "min_elev": 630, 
      "cumarea": 11016.54691609009
    }, 
    {
      "max_elev": 726, 
      "uid": "8b36c40b-3c9b-437a-b5fa-0f9651d7be56", 
      "area": 1.82, 
      "num_lifts": 1, 
      "source": "jsons/ski_area_elevations//europe-latest.json", 
      "min_elev": 688, 
      "cumarea": 11019.14575259118
    }
  ], 
  "end_x": 11019.499155768011, 
  "num": 1254, 
  "zoom": 11, 
  "start_x": 11010.718678353058
}