{
  "shown": [
    {
      "max_elev": 719, 
      "uid": "8d68d26e-9be5-4f5c-aacb-2d3def9df5f2", 
      "area": 1.99, 
      "num_lifts": 2, 
      "source": "jsons/ski_area_elevations//europe-latest.json", 
      "min_elev": 613, 
      "cumarea": 11100.277657667793
    }, 
    {
      "max_elev": 719, 
      "uid": "3c699b00-d0da-4660-8231-f35eb86d1efe", 
      "area": 1.8800000000000001, 
      "num_lifts": 3, 
      "source": "jsons/ski_area_elevations//europe-latest.json", 
      "min_elev": 625, 
      "cumarea": 11102.908929444635
    }, 
    {
      "max_elev": 719, 
      "uid": "46dcfb01-f084-4d79-9f15-e8f3de2579e0", 
      "area": 1.85, 
      "num_lifts": 1, 
      "source": "jsons/ski_area_elevations//europe-latest.json", 
      "min_elev": 651, 
      "cumarea": 11105.524115083725
    }
  ], 
  "end_x": 11107.303929917558, 
  "num": 1264, 
  "zoom": 11, 
  "start_x": 11098.523452502604
}