{
  "shown": [
    {
      "max_elev": 719, 
      "uid": "ff45e452-fdb0-41d7-a3e4-7c72695558c0", 
      "area": 2.49, 
      "num_lifts": 2, 
      "source": "jsons/ski_area_elevations//north-america-latest.json", 
      "min_elev": 523, 
      "cumarea": 11111.024184459104
    }, 
    {
      "max_elev": 718, 
      "uid": "9044c976-b008-458d-bf26-dbdbfe1c008c", 
      "area": 1.8900000000000001, 
      "num_lifts": 1, 
      "source": "jsons/ski_area_elevations//europe-latest.json", 
      "min_elev": 120, 
      "cumarea": 11113.660761288174
    }, 
    {
      "max_elev": 719, 
      "uid": "ae9319ed-feae-466e-8110-3b3cabfc83ec", 
      "area": 1.8, 
      "num_lifts": 1, 
      "source": "jsons/ski_area_elevations//europe-latest.json", 
      "min_elev": 694, 
      "cumarea": 11108.111901748627
    }
  ], 
  "end_x": 11116.084407332513, 
  "num": 1265, 
  "zoom": 11, 
  "start_x": 11107.303929917558
}