{
  "shown": [
    {
      "max_elev": 717, 
      "uid": "60fba8ff-ea24-43ef-94c2-4f1673a22fae", 
      "area": 1.8900000000000001, 
      "num_lifts": 4, 
      "source": "jsons/ski_area_elevations//europe-latest.json", 
      "min_elev": 424, 
      "cumarea": 11118.91791460497
    }, 
    {
      "max_elev": 718, 
      "uid": "b9dbcfd8-5450-4652-91ee-5a6b8c76b6f2", 
      "area": 1.86, 
      "num_lifts": 1, 
      "source": "jsons/ski_area_elevations//asia-latest.json", 
      "min_elev": 392, 
      "cumarea": 11116.2813377759
    }, 
    {
      "max_elev": 717, 
      "uid": "f1bd5a26-139e-472f-a31c-9541223896a6", 
      "area": 1.83, 
      "num_lifts": 1, 
      "source": "jsons/ski_area_elevations//europe-latest.json", 
      "min_elev": 499, 
      "cumarea": 11121.522230571823
    }, 
    {
      "max_elev": 717, 
      "uid": "d79e05da-74a5-462d-91b6-758fdd5dc45a", 
      "area": 1.83, 
      "num_lifts": 2, 
      "source": "jsons/ski_area_elevations//europe-latest.json", 
      "min_elev": 669, 
      "cumarea": 11124.126546538677
    }
  ], 
  "end_x": 11124.864884747469, 
  "num": 1266, 
  "zoom": 11, 
  "start_x": 11116.084407332513
}