{
  "shown": [
    {
      "max_elev": 713, 
      "uid": "bc54d267-d91c-4983-8f53-a90a65954507", 
      "area": 2.31, 
      "num_lifts": 4, 
      "source": "jsons/ski_area_elevations//europe-latest.json", 
      "min_elev": 597, 
      "cumarea": 11171.397532947876
    }, 
    {
      "max_elev": 713, 
      "uid": "5fb37d04-fe4d-4fd7-8984-47a488a1d790", 
      "area": 2.09, 
      "num_lifts": 4, 
      "source": "jsons/ski_area_elevations//europe-latest.json", 
      "min_elev": 573, 
      "cumarea": 11174.134697013853
    }, 
    {
      "max_elev": 713, 
      "uid": "15b180db-267c-4f8b-beeb-b312898427af", 
      "area": 1.82, 
      "num_lifts": 1, 
      "source": "jsons/ski_area_elevations//europe-latest.json", 
      "min_elev": 629, 
      "cumarea": 11176.733533514942
    }
  ], 
  "end_x": 11177.547749237197, 
  "num": 1272, 
  "zoom": 11, 
  "start_x": 11168.767271822242
}