{
  "shown": [
    {
      "max_elev": 712, 
      "uid": "220c581e-4acb-4eee-abc7-cea504ec7c5e", 
      "area": 1.86, 
      "num_lifts": 0, 
      "source": "jsons/ski_area_elevations//europe-latest.json", 
      "min_elev": 712, 
      "cumarea": 11187.219217822276
    }, 
    {
      "max_elev": 712, 
      "uid": "aac53c4d-8777-4072-8788-2a0edc5748d6", 
      "area": 1.83, 
      "num_lifts": 1, 
      "source": "jsons/ski_area_elevations//europe-latest.json", 
      "min_elev": 490, 
      "cumarea": 11189.82353378913
    }, 
    {
      "max_elev": 712, 
      "uid": "373488de-d106-43c9-8d70-50dde3667f7b", 
      "area": 1.82, 
      "num_lifts": 1, 
      "source": "jsons/ski_area_elevations//europe-latest.json", 
      "min_elev": 638, 
      "cumarea": 11192.422370290218
    }, 
    {
      "max_elev": 712, 
      "uid": "d40395f1-f955-426c-b72d-936c716283b1", 
      "area": 1.82, 
      "num_lifts": 2, 
      "source": "jsons/ski_area_elevations//europe-latest.json", 
      "min_elev": 653, 
      "cumarea": 11195.021206791307
    }
  ], 
  "end_x": 11195.108704067105, 
  "num": 1274, 
  "zoom": 11, 
  "start_x": 11186.328226652151
}