{
  "shown": [
    {
      "max_elev": 711, 
      "uid": "41e54784-4484-4b72-8eaf-bb3987295a44", 
      "area": 1.97, 
      "num_lifts": 3, 
      "source": "jsons/ski_area_elevations//europe-latest.json", 
      "min_elev": 511, 
      "cumarea": 11202.885894024612
    }, 
    {
      "max_elev": 712, 
      "uid": "5ccf80e8-b27f-48ed-b540-95bfeda0e0c1", 
      "area": 1.81, 
      "num_lifts": 1, 
      "source": "jsons/ski_area_elevations//europe-latest.json", 
      "min_elev": 699, 
      "cumarea": 11197.614533636584
    }, 
    {
      "max_elev": 712, 
      "uid": "234c17a1-04e0-47c5-a75b-8e032312d8dc", 
      "area": 1.81, 
      "num_lifts": 1, 
      "source": "jsons/ski_area_elevations//asia-latest.json", 
      "min_elev": 614, 
      "cumarea": 11200.207860481862
    }
  ], 
  "end_x": 11203.88918148206, 
  "num": 1275, 
  "zoom": 11, 
  "start_x": 11195.108704067105
}