{
  "shown": [
    {
      "max_elev": 708, 
      "uid": "d793d66e-06b3-411a-a885-a03cf723b6a0", 
      "area": 1.9100000000000001, 
      "num_lifts": 2, 
      "source": "jsons/ski_area_elevations//europe-latest.json", 
      "min_elev": 507, 
      "cumarea": 11222.021686793674
    }, 
    {
      "max_elev": 708, 
      "uid": "4a23fd96-edaf-4089-8842-585d0dcc9f91", 
      "area": 1.86, 
      "num_lifts": 6, 
      "source": "jsons/ski_area_elevations//europe-latest.json", 
      "min_elev": 652, 
      "cumarea": 11224.6422632814
    }, 
    {
      "max_elev": 708, 
      "uid": "4575d0c3-38a9-4872-9da5-ab3ee2a359a8", 
      "area": 1.86, 
      "num_lifts": 2, 
      "source": "jsons/ski_area_elevations//europe-latest.json", 
      "min_elev": 674, 
      "cumarea": 11227.262839769124
    }, 
    {
      "max_elev": 708, 
      "uid": "f2152e74-ca16-4ea3-9cd3-e9116bdefa30", 
      "area": 1.82, 
      "num_lifts": 1, 
      "source": "jsons/ski_area_elevations//europe-latest.json", 
      "min_elev": 609, 
      "cumarea": 11229.861676270213
    }
  ], 
  "end_x": 11230.230613726922, 
  "num": 1278, 
  "zoom": 11, 
  "start_x": 11221.450136311969
}