{
  "shown": [
    {
      "max_elev": 707, 
      "uid": "b2bef3c8-7af2-4fce-8856-7b79d22e8bcf", 
      "area": 1.83, 
      "num_lifts": 2, 
      "source": "jsons/ski_area_elevations//europe-latest.json", 
      "min_elev": 597, 
      "cumarea": 11240.605841906541
    }, 
    {
      "max_elev": 707, 
      "uid": "506bfc6d-6fd8-4506-b0c4-d71969e37f68", 
      "area": 1.82, 
      "num_lifts": 2, 
      "source": "jsons/ski_area_elevations//europe-latest.json", 
      "min_elev": 652, 
      "cumarea": 11243.20467840763
    }, 
    {
      "max_elev": 707, 
      "uid": "c8a3517c-ed0e-4a1f-a78f-34cde0e82309", 
      "area": 1.82, 
      "num_lifts": 1, 
      "source": "jsons/ski_area_elevations//europe-latest.json", 
      "min_elev": 668, 
      "cumarea": 11245.803514908719
    }
  ], 
  "end_x": 11247.791568556833, 
  "num": 1280, 
  "zoom": 11, 
  "start_x": 11239.011091141878
}