{
  "shown": [
    {
      "max_elev": 702, 
      "uid": "c7bb83b2-e8ce-4ed9-9680-e0e27c5b93bd", 
      "area": 2.02, 
      "num_lifts": 3, 
      "source": "jsons/ski_area_elevations//europe-latest.json", 
      "min_elev": 485, 
      "cumarea": 11267.242924858683
    }, 
    {
      "max_elev": 702, 
      "uid": "22bb827a-c28f-4870-ba96-f5678aee7d6d", 
      "area": 1.98, 
      "num_lifts": 2, 
      "source": "jsons/ski_area_elevations//europe-latest.json", 
      "min_elev": 453, 
      "cumarea": 11269.92602170339
    }, 
    {
      "max_elev": 702, 
      "uid": "534028d2-7449-482e-82c1-eaef56d7a38a", 
      "area": 1.83, 
      "num_lifts": 1, 
      "source": "jsons/ski_area_elevations//europe-latest.json", 
      "min_elev": 635, 
      "cumarea": 11272.530337670243
    }
  ], 
  "end_x": 11274.133000801696, 
  "num": 1283, 
  "zoom": 11, 
  "start_x": 11265.35252338674
}