{
  "shown": [
    {
      "max_elev": 2539, 
      "uid": "059d6ac0-36eb-471c-bf83-d1b852a5ac78", 
      "area": 2.84, 
      "num_lifts": 9, 
      "source": "jsons/ski_area_elevations//europe-latest.json", 
      "min_elev": 1027, 
      "cumarea": 1137.1086537156152
    }, 
    {
      "max_elev": 2541, 
      "uid": "3dd6d3f5-f800-4a8e-9ed6-4a2b8453af47", 
      "area": 1.8900000000000001, 
      "num_lifts": 1, 
      "source": "jsons/ski_area_elevations//europe-latest.json", 
      "min_elev": 1929, 
      "cumarea": 1134.0648496634421
    }, 
    {
      "max_elev": 2539, 
      "uid": "b4bdeea5-7dea-4a6b-8668-fb1357d06198", 
      "area": 1.86, 
      "num_lifts": 1, 
      "source": "jsons/ski_area_elevations//europe-latest.json", 
      "min_elev": 1985, 
      "cumarea": 1139.7292302033404
    }
  ], 
  "end_x": 1141.4620639440968, 
  "num": 129, 
  "zoom": 11, 
  "start_x": 1132.6815865291424
}