{
  "shown": [
    {
      "max_elev": 693, 
      "uid": "c0a282a9-7b63-4f90-991e-50f7e4f0e7f4", 
      "area": 1.83, 
      "num_lifts": 1, 
      "source": "jsons/ski_area_elevations//europe-latest.json", 
      "min_elev": 614, 
      "cumarea": 11379.846407988493
    }, 
    {
      "max_elev": 693, 
      "uid": "64c8b513-a0cc-41a7-bf70-b06824aef65e", 
      "area": 1.83, 
      "num_lifts": 1, 
      "source": "jsons/ski_area_elevations//asia-latest.json", 
      "min_elev": 424, 
      "cumarea": 11385.049560456435
    }, 
    {
      "max_elev": 692, 
      "uid": "3188cded-8c3a-4f8e-8f09-b063dfdf26bb", 
      "area": 1.83, 
      "num_lifts": 1, 
      "source": "jsons/ski_area_elevations//europe-latest.json", 
      "min_elev": 646, 
      "cumarea": 11387.653876423288
    }, 
    {
      "max_elev": 693, 
      "uid": "4697b881-f4ce-4789-b340-b53d54f28a8f", 
      "area": 1.82, 
      "num_lifts": 2, 
      "source": "jsons/ski_area_elevations//europe-latest.json", 
      "min_elev": 570, 
      "cumarea": 11382.445244489581
    }
  ], 
  "end_x": 11388.279207196105, 
  "num": 1296, 
  "zoom": 11, 
  "start_x": 11379.498729781151
}