{
  "shown": [
    {
      "max_elev": 679, 
      "uid": "2f7be9e3-52aa-414d-a1a8-9df6a559f404", 
      "area": 2.13, 
      "num_lifts": 4, 
      "source": "jsons/ski_area_elevations//europe-latest.json", 
      "min_elev": 453, 
      "cumarea": 11552.94027362576
    }, 
    {
      "max_elev": 680, 
      "uid": "c555d635-b332-4903-bfc8-dfdaa1270f8a", 
      "area": 1.9000000000000001, 
      "num_lifts": 2, 
      "source": "jsons/ski_area_elevations//north-america-latest.json", 
      "min_elev": 443, 
      "cumarea": 11550.184151646039
    }, 
    {
      "max_elev": 680, 
      "uid": "d00df8db-ce35-4c39-a15a-e7b3b8e9e27f", 
      "area": 1.81, 
      "num_lifts": 1, 
      "source": "jsons/ski_area_elevations//europe-latest.json", 
      "min_elev": 624, 
      "cumarea": 11547.542297759866
    }
  ], 
  "end_x": 11555.108278080243, 
  "num": 1315, 
  "zoom": 11, 
  "start_x": 11546.327800665287
}