{
  "shown": [
    {
      "max_elev": 661, 
      "uid": "dacc192a-ac84-4ad9-9f6a-582c26ffb5cb", 
      "area": 2.19, 
      "num_lifts": 9, 
      "source": "jsons/ski_area_elevations//europe-latest.json", 
      "min_elev": 449, 
      "cumarea": 11713.68049935227
    }, 
    {
      "max_elev": 660, 
      "uid": "f203f1b6-138d-4ab4-ae11-d6c2df63bac7", 
      "area": 1.83, 
      "num_lifts": 2, 
      "source": "jsons/ski_area_elevations//europe-latest.json", 
      "min_elev": 621, 
      "cumarea": 11718.8781421644
    }, 
    {
      "max_elev": 660, 
      "uid": "7ec7a4ac-a47f-4d7a-b47e-00d7303acdd3", 
      "area": 1.83, 
      "num_lifts": 2, 
      "source": "jsons/ski_area_elevations//europe-latest.json", 
      "min_elev": 638, 
      "cumarea": 11721.482458131253
    }, 
    {
      "max_elev": 661, 
      "uid": "dc76d923-d339-4d88-803c-15596c329263", 
      "area": 1.81, 
      "num_lifts": 1, 
      "source": "jsons/ski_area_elevations//europe-latest.json", 
      "min_elev": 625, 
      "cumarea": 11716.273826197546
    }
  ], 
  "end_x": 11721.93734896438, 
  "num": 1334, 
  "zoom": 11, 
  "start_x": 11713.156871549427
}