{
  "shown": [
    {
      "max_elev": 644, 
      "uid": "55e9c4f8-2921-4e5e-8cbf-f0b312661807", 
      "area": 1.86, 
      "num_lifts": 2, 
      "source": "jsons/ski_area_elevations//europe-latest.json", 
      "min_elev": 578, 
      "cumarea": 11837.70043283287
    }, 
    {
      "max_elev": 644, 
      "uid": "5c5389fc-c4d5-45b0-a2d7-19067dd4cb63", 
      "area": 1.82, 
      "num_lifts": 1, 
      "source": "jsons/ski_area_elevations//europe-latest.json", 
      "min_elev": 611, 
      "cumarea": 11840.299269333958
    }, 
    {
      "max_elev": 644, 
      "uid": "df71e236-6344-48c4-a082-61eed9634cfe", 
      "area": 1.82, 
      "num_lifts": 1, 
      "source": "jsons/ski_area_elevations//europe-latest.json", 
      "min_elev": 571, 
      "cumarea": 11842.898105835047
    }
  ], 
  "end_x": 11844.864032773745, 
  "num": 1348, 
  "zoom": 11, 
  "start_x": 11836.08355535879
}