{
  "shown": [
    {
      "max_elev": 641, 
      "uid": "a2fdb41f-2243-434e-b537-0b813e40155b", 
      "area": 1.95, 
      "num_lifts": 3, 
      "source": "jsons/ski_area_elevations//north-america-latest.json", 
      "min_elev": 552, 
      "cumarea": 11878.451135018728
    }, 
    {
      "max_elev": 641, 
      "uid": "b616b9db-f3a3-4a5b-b24f-7e98d2b4a11d", 
      "area": 1.81, 
      "num_lifts": 1, 
      "source": "jsons/ski_area_elevations//europe-latest.json", 
      "min_elev": 532, 
      "cumarea": 11873.189978800874
    }, 
    {
      "max_elev": 641, 
      "uid": "15a1c0db-be1c-47c5-89e9-2c07e73de32e", 
      "area": 1.81, 
      "num_lifts": 1, 
      "source": "jsons/ski_area_elevations//europe-latest.json", 
      "min_elev": 630, 
      "cumarea": 11875.783305646151
    }
  ], 
  "end_x": 11879.985942433563, 
  "num": 1352, 
  "zoom": 11, 
  "start_x": 11871.205465018607
}