{
  "shown": [
    {
      "max_elev": 635, 
      "cumarea": 11941.653734210424, 
      "area": 2.08, 
      "num_lifts": 1, 
      "name": "(urban, Santiago)", 
      "source": "jsons/ski_area_elevations//south-america-latest.json", 
      "min_elev": 516, 
      "uid": "bc7f4e19-d79f-4fa0-ba5e-356669decdb1"
    }, 
    {
      "max_elev": 634, 
      "uid": "0c8a8cc1-8138-40a8-9331-545d36c7d5b9", 
      "area": 1.97, 
      "num_lifts": 2, 
      "source": "jsons/ski_area_elevations//europe-latest.json", 
      "min_elev": 375, 
      "cumarea": 11944.331767753174
    }, 
    {
      "max_elev": 634, 
      "uid": "582a95f7-6f86-48fa-b89e-1ff2aeeb611f", 
      "area": 1.8800000000000001, 
      "num_lifts": 2, 
      "source": "jsons/ski_area_elevations//europe-latest.json", 
      "min_elev": 549, 
      "cumarea": 11946.963039530016
    }, 
    {
      "max_elev": 633, 
      "uid": "f96a3161-ec98-40bd-a95d-0048b519c8eb", 
      "area": 1.82, 
      "num_lifts": 1, 
      "source": "jsons/ski_area_elevations//europe-latest.json", 
      "min_elev": 527, 
      "cumarea": 11949.561876031104
    }
  ], 
  "end_x": 11950.229761753199, 
  "num": 1360, 
  "zoom": 11, 
  "start_x": 11941.449284338245
}