{
  "shown": [
    {
      "max_elev": 627, 
      "uid": "5392b2c8-3ff5-4203-b2c2-c36d6674aaa8", 
      "area": 1.94, 
      "num_lifts": 5, 
      "source": "jsons/ski_area_elevations//europe-latest.json", 
      "min_elev": 498, 
      "cumarea": 12014.101142507703
    }, 
    {
      "max_elev": 627, 
      "uid": "c35fb08f-df65-4b3e-a46d-a3ec3fb129dd", 
      "area": 1.85, 
      "num_lifts": 5, 
      "source": "jsons/ski_area_elevations//europe-latest.json", 
      "min_elev": 591, 
      "cumarea": 12016.716328146793
    }, 
    {
      "max_elev": 627, 
      "uid": "ba0b209f-59b8-4235-a0ad-a0e893cf8781", 
      "area": 1.82, 
      "num_lifts": 1, 
      "source": "jsons/ski_area_elevations//europe-latest.json", 
      "min_elev": 521, 
      "cumarea": 12019.315164647882
    }
  ], 
  "end_x": 12020.473581072838, 
  "num": 1368, 
  "zoom": 11, 
  "start_x": 12011.693103657883
}