{
  "shown": [
    {
      "max_elev": 609, 
      "uid": "e8ae7ded-ba2f-450e-b0b9-096cff7a373f", 
      "area": 2.23, 
      "num_lifts": 4, 
      "source": "jsons/ski_area_elevations//africa-latest.json", 
      "min_elev": 369, 
      "cumarea": 12198.379186370348
    }, 
    {
      "max_elev": 608, 
      "uid": "be7cb345-99a6-4247-b4aa-74063d81f742", 
      "area": 1.82, 
      "num_lifts": 1, 
      "source": "jsons/ski_area_elevations//europe-latest.json", 
      "min_elev": 545, 
      "cumarea": 12200.978022871437
    }, 
    {
      "max_elev": 608, 
      "uid": "a2d9e4f6-863d-4fc7-a6a3-7336b581863e", 
      "area": 1.82, 
      "num_lifts": 1, 
      "source": "jsons/ski_area_elevations//europe-latest.json", 
      "min_elev": 523, 
      "cumarea": 12203.576859372526
    }
  ], 
  "end_x": 12204.863606786883, 
  "num": 1389, 
  "zoom": 11, 
  "start_x": 12196.083129371927
}