{
  "shown": [
    {
      "max_elev": 3602, 
      "uid": "b1c846a0-729c-44fb-904f-105d7e869811", 
      "area": 3.9800000000000004, 
      "num_lifts": 20, 
      "source": "jsons/ski_area_elevations//north-america-latest.json", 
      "min_elev": 2851, 
      "cumarea": 128.6162506456144
    }, 
    {
      "max_elev": 3603, 
      "uid": "b01df9ab-54d8-469a-baeb-6a4be519173c", 
      "area": 1.92, 
      "num_lifts": 2, 
      "source": "jsons/ski_area_elevations//north-america-latest.json", 
      "min_elev": 3298, 
      "cumarea": 125.23496882631807
    }
  ], 
  "end_x": 131.70716122431887, 
  "num": 14, 
  "zoom": 11, 
  "start_x": 122.92668380936428
}