{
  "shown": [
    {
      "max_elev": 599, 
      "uid": "9e1e2db7-ac5a-455e-a9cf-e3ca3e453e33", 
      "area": 1.82, 
      "num_lifts": 2, 
      "source": "jsons/ski_area_elevations//europe-latest.json", 
      "min_elev": 515, 
      "cumarea": 12310.717996814088
    }, 
    {
      "max_elev": 599, 
      "uid": "2336b946-9eeb-40ad-9e41-9374b08404d0", 
      "area": 1.81, 
      "num_lifts": 1, 
      "source": "jsons/ski_area_elevations//europe-latest.json", 
      "min_elev": 561, 
      "cumarea": 12313.311323659365
    }, 
    {
      "max_elev": 599, 
      "uid": "fb77e994-ba2c-42e5-98c7-13f97ae35065", 
      "area": 1.81, 
      "num_lifts": 1, 
      "source": "jsons/ski_area_elevations//europe-latest.json", 
      "min_elev": 571, 
      "cumarea": 12315.904650504643
    }, 
    {
      "max_elev": 599, 
      "uid": "5e901029-6b47-4548-a414-b88eeca7d7ea", 
      "area": 1.81, 
      "num_lifts": 1, 
      "source": "jsons/ski_area_elevations//europe-latest.json", 
      "min_elev": 580, 
      "cumarea": 12318.49797734992
    }
  ], 
  "end_x": 12319.009813181292, 
  "num": 1402, 
  "zoom": 11, 
  "start_x": 12310.229335766338
}