{
  "shown": [
    {
      "max_elev": 593, 
      "uid": "404c0fb9-84c9-48d8-8646-fb49dd3799f6", 
      "area": 2.18, 
      "num_lifts": 14, 
      "source": "jsons/ski_area_elevations//europe-latest.json", 
      "min_elev": 427, 
      "cumarea": 12358.034184664453
    }, 
    {
      "max_elev": 593, 
      "uid": "0e35a8f4-694b-433f-b49e-6400665df3ef", 
      "area": 1.85, 
      "num_lifts": 2, 
      "source": "jsons/ski_area_elevations//europe-latest.json", 
      "min_elev": 518, 
      "cumarea": 12360.649370303543
    }, 
    {
      "max_elev": 594, 
      "uid": "3b34ef38-66c9-4114-b5cf-85097124fd50", 
      "area": 1.82, 
      "num_lifts": 1, 
      "source": "jsons/ski_area_elevations//europe-latest.json", 
      "min_elev": 470, 
      "cumarea": 12355.254859787652
    }
  ], 
  "end_x": 12362.912200256065, 
  "num": 1407, 
  "zoom": 11, 
  "start_x": 12354.13172284111
}