{
  "shown": [
    {
      "max_elev": 2499, 
      "cumarea": 1252.1852053417476, 
      "area": 28.12, 
      "num_lifts": 134, 
      "name": "Valmorel", 
      "source": "jsons/ski_area_elevations//europe-latest.json", 
      "min_elev": 1220, 
      "uid": "918f88aa-c5c0-4a1b-94ba-bfd1023136e6"
    }, 
    {
      "max_elev": 2500, 
      "uid": "ca61731f-e24f-488b-9e60-839298d9c8d9", 
      "area": 2.73, 
      "num_lifts": 13, 
      "source": "jsons/ski_area_elevations//europe-latest.json", 
      "min_elev": 1604, 
      "cumarea": 1246.8487242748051
    }
  ], 
  "end_x": 1255.6082703385068, 
  "num": 142, 
  "zoom": 11, 
  "start_x": 1246.8277929235521
}