{
  "shown": [
    {
      "max_elev": 579, 
      "uid": "3c58efb4-736a-4edd-85b6-2aa8a0cbb046", 
      "area": 3.05, 
      "num_lifts": 25, 
      "source": "jsons/ski_area_elevations//north-america-latest.json", 
      "min_elev": 279, 
      "cumarea": 12484.558145305928
    }, 
    {
      "max_elev": 580, 
      "uid": "867cd50d-26e4-4cad-bd1b-903cb60e82dd", 
      "area": 1.83, 
      "num_lifts": 1, 
      "source": "jsons/ski_area_elevations//europe-latest.json", 
      "min_elev": 510, 
      "cumarea": 12478.838687748455
    }, 
    {
      "max_elev": 579, 
      "uid": "cfed9d3a-56af-49de-8a9b-434cb1543a26", 
      "area": 1.83, 
      "num_lifts": 1, 
      "source": "jsons/ski_area_elevations//europe-latest.json", 
      "min_elev": 556, 
      "cumarea": 12481.443003715309
    }
  ], 
  "end_x": 12485.83888406543, 
  "num": 1421, 
  "zoom": 11, 
  "start_x": 12477.058406650474
}