{
  "shown": [
    {
      "max_elev": 536, 
      "cumarea": 12911.952546121336, 
      "area": 3.0300000000000002, 
      "num_lifts": 25, 
      "name": "Ski Butternut", 
      "source": "jsons/ski_area_elevations//north-america-latest.json", 
      "min_elev": 253, 
      "uid": "22815b76-2e84-477b-86c1-a094a3eb398f"
    }, 
    {
      "max_elev": 536, 
      "cumarea": 12914.81964660902, 
      "area": 2.38, 
      "num_lifts": 5, 
      "name": "Snow Ridge Ski Resort", 
      "source": "jsons/ski_area_elevations//north-america-latest.json", 
      "min_elev": 398, 
      "uid": "0992a4ab-35fe-481d-b146-b10199032253"
    }, 
    {
      "max_elev": 536, 
      "uid": "af5e88cc-db04-47cd-a417-4e84fa0205fc", 
      "area": 1.82, 
      "num_lifts": 2, 
      "source": "jsons/ski_area_elevations//europe-latest.json", 
      "min_elev": 467, 
      "cumarea": 12908.843983501814
    }
  ], 
  "end_x": 12916.082277398204, 
  "num": 1470, 
  "zoom": 11, 
  "start_x": 12907.30179998325
}