{
  "shown": [
    {
      "max_elev": 527, 
      "cumarea": 13012.982724932343, 
      "area": 7.859999999999999, 
      "num_lifts": 78, 
      "name": "Levi", 
      "source": "jsons/ski_area_elevations//europe-latest.json", 
      "min_elev": 198, 
      "uid": "19444779-bac8-4e3a-91c7-5c6e602012e5"
    }, 
    {
      "max_elev": 527, 
      "uid": "08016123-cf2f-4a99-a0d2-88f1e67a2167", 
      "area": 1.9100000000000001, 
      "num_lifts": 1, 
      "source": "jsons/ski_area_elevations//europe-latest.json", 
      "min_elev": 363, 
      "cumarea": 13015.6298281744
    }, 
    {
      "max_elev": 527, 
      "uid": "33eb0ec7-5e92-4030-ba1c-3e2139f128a9", 
      "area": 1.8900000000000001, 
      "num_lifts": 1, 
      "source": "jsons/ski_area_elevations//europe-latest.json", 
      "min_elev": 494, 
      "cumarea": 13018.266405003471
    }, 
    {
      "max_elev": 527, 
      "uid": "ad434c30-8aee-4c55-ace2-a9221faa2fbe", 
      "area": 1.86, 
      "num_lifts": 2, 
      "source": "jsons/ski_area_elevations//europe-latest.json", 
      "min_elev": 410, 
      "cumarea": 13020.886981491196
    }
  ], 
  "end_x": 13021.448006377657, 
  "num": 1482, 
  "zoom": 11, 
  "start_x": 13012.667528962704
}