{
  "shown": [
    {
      "max_elev": 496, 
      "uid": "e4c09bb7-8575-4ee3-8343-ac986152cc58", 
      "area": 1.84, 
      "num_lifts": 2, 
      "source": "jsons/ski_area_elevations//europe-latest.json", 
      "min_elev": 375, 
      "cumarea": 13330.919663180453
    }, 
    {
      "max_elev": 495, 
      "uid": "e9dd19b5-78f3-4360-a207-b9fb11eca102", 
      "area": 1.81, 
      "num_lifts": 1, 
      "source": "jsons/ski_area_elevations//europe-latest.json", 
      "min_elev": 439, 
      "cumarea": 13336.100776690633
    }, 
    {
      "max_elev": 496, 
      "uid": "dfb88455-0df0-48fe-9009-f82487d2f091", 
      "area": 1.8, 
      "num_lifts": 1, 
      "source": "jsons/ski_area_elevations//europe-latest.json", 
      "min_elev": 492, 
      "cumarea": 13333.507449845356
    }
  ], 
  "end_x": 13337.545193316026, 
  "num": 1518, 
  "zoom": 11, 
  "start_x": 13328.76471590107
}