{
  "shown": [
    {
      "max_elev": 2472, 
      "uid": "89024789-aa2d-4175-ae3b-c9567537ca02", 
      "area": 3.14, 
      "num_lifts": 16, 
      "source": "jsons/ski_area_elevations//europe-latest.json", 
      "min_elev": 2022, 
      "cumarea": 1335.4156783329763
    }, 
    {
      "max_elev": 2472, 
      "uid": "72dbfca5-296c-4ab8-874b-ad5f1bcbc7c6", 
      "area": 2.96, 
      "num_lifts": 11, 
      "source": "jsons/ski_area_elevations//europe-latest.json", 
      "min_elev": 1684, 
      "cumarea": 1338.5008676013124
    }, 
    {
      "max_elev": 2472, 
      "uid": "fec700d7-5bc1-4e53-b758-4f8344eab8eb", 
      "area": 1.8800000000000001, 
      "num_lifts": 1, 
      "source": "jsons/ski_area_elevations//europe-latest.json", 
      "min_elev": 1878, 
      "cumarea": 1341.1321393781543
    }
  ], 
  "end_x": 1343.4130444880525, 
  "num": 152, 
  "zoom": 11, 
  "start_x": 1334.632567073098
}