{
  "shown": [
    {
      "max_elev": 489, 
      "uid": "d1976ed3-ad2c-448a-a8c5-8657cc3ef59f", 
      "area": 2.44, 
      "num_lifts": 36, 
      "source": "jsons/ski_area_elevations//north-america-latest.json", 
      "min_elev": 201, 
      "cumarea": 13397.740768243404
    }, 
    {
      "max_elev": 489, 
      "uid": "6e7de0c5-d590-419e-86fa-6edeae377438", 
      "area": 1.84, 
      "num_lifts": 1, 
      "source": "jsons/ski_area_elevations//europe-latest.json", 
      "min_elev": 340, 
      "cumarea": 13392.24993370301
    }, 
    {
      "max_elev": 489, 
      "uid": "785b8e12-cab1-490a-9db2-a160fee90e3f", 
      "area": 1.82, 
      "num_lifts": 2, 
      "source": "jsons/ski_area_elevations//europe-latest.json", 
      "min_elev": 454, 
      "cumarea": 13394.848770204098
    }
  ], 
  "end_x": 13399.008535220708, 
  "num": 1525, 
  "zoom": 11, 
  "start_x": 13390.228057805754
}