{
  "shown": [
    {
      "max_elev": 470, 
      "uid": "26da5ad7-feb2-42c9-90c5-3d33f907363f", 
      "area": 1.82, 
      "num_lifts": 2, 
      "source": "jsons/ski_area_elevations//europe-latest.json", 
      "min_elev": 409, 
      "cumarea": 13548.203866301148
    }, 
    {
      "max_elev": 471, 
      "uid": "ff7d6f28-a57e-402c-8541-3cb41f3fe0b2", 
      "area": 1.81, 
      "num_lifts": 1, 
      "source": "jsons/ski_area_elevations//europe-latest.json", 
      "min_elev": 448, 
      "cumarea": 13540.42391628988
    }, 
    {
      "max_elev": 471, 
      "uid": "de1b528e-cc26-4d9c-9958-b1ec142ffc56", 
      "area": 1.81, 
      "num_lifts": 1, 
      "source": "jsons/ski_area_elevations//europe-latest.json", 
      "min_elev": 458, 
      "cumarea": 13543.017243135157
    }, 
    {
      "max_elev": 471, 
      "uid": "2cdb8a29-9bbd-47ae-a757-9f0f4d4bbdd4", 
      "area": 1.8, 
      "num_lifts": 1, 
      "source": "jsons/ski_area_elevations//europe-latest.json", 
      "min_elev": 469, 
      "cumarea": 13545.60502980006
    }
  ], 
  "end_x": 13548.276651274933, 
  "num": 1542, 
  "zoom": 11, 
  "start_x": 13539.49617385998
}