{
  "shown": [
    {
      "max_elev": 469, 
      "cumarea": 13563.066541556815, 
      "area": 5.3, 
      "num_lifts": 31, 
      "name": "Ski Bromont", 
      "source": "jsons/ski_area_elevations//north-america-latest.json", 
      "min_elev": 198, 
      "uid": "29bc4890-58c9-425f-bc9a-be73840f01fe"
    }, 
    {
      "max_elev": 469, 
      "uid": "42c9fbc1-9cf6-48fe-a627-a5b6743e8d86", 
      "area": 1.84, 
      "num_lifts": 2, 
      "source": "jsons/ski_area_elevations//europe-latest.json", 
      "min_elev": 433, 
      "cumarea": 13559.398834736257
    }, 
    {
      "max_elev": 469, 
      "uid": "f5ab425b-269c-4f2f-b5ec-0e80c9d5d1cd", 
      "area": 1.82, 
      "num_lifts": 1, 
      "source": "jsons/ski_area_elevations//north-america-latest.json", 
      "min_elev": 468, 
      "cumarea": 13565.665378057904
    }
  ], 
  "end_x": 13565.837606104844, 
  "num": 1544, 
  "zoom": 11, 
  "start_x": 13557.057128689888
}