{
  "shown": [
    {
      "max_elev": 467, 
      "uid": "5c1ad2fe-2448-4844-b5e6-c1b5720bb346", 
      "area": 1.95, 
      "num_lifts": 1, 
      "source": "jsons/ski_area_elevations//asia-latest.json", 
      "min_elev": 50, 
      "cumarea": 13587.244837820977
    }, 
    {
      "max_elev": 467, 
      "uid": "97d104d4-fbb1-4ead-b3f9-d2d579ef38e7", 
      "area": 1.9100000000000001, 
      "num_lifts": 5, 
      "source": "jsons/ski_area_elevations//north-america-latest.json", 
      "min_elev": 415, 
      "cumarea": 13584.577008448401
    }, 
    {
      "max_elev": 467, 
      "uid": "c66fecdd-662d-4351-ac4a-8fed834262c8", 
      "area": 1.83, 
      "num_lifts": 1, 
      "source": "jsons/ski_area_elevations//asia-latest.json", 
      "min_elev": 399, 
      "cumarea": 13589.84915378783
    }
  ], 
  "end_x": 13592.179038349706, 
  "num": 1547, 
  "zoom": 11, 
  "start_x": 13583.398560934751
}