{
  "shown": [
    {
      "max_elev": 465, 
      "uid": "ca94c640-5331-43dd-857c-65e481c4ee6c", 
      "area": 3.02, 
      "num_lifts": 40, 
      "source": "jsons/ski_area_elevations//north-america-latest.json", 
      "min_elev": 177, 
      "cumarea": 13614.07473368785
    }, 
    {
      "max_elev": 465, 
      "uid": "449d6897-4779-4962-b8e6-d0975a4c03e0", 
      "area": 1.8800000000000001, 
      "num_lifts": 2, 
      "source": "jsons/ski_area_elevations//asia-latest.json", 
      "min_elev": 71, 
      "cumarea": 13616.706005464692
    }, 
    {
      "max_elev": 465, 
      "uid": "a24e6fd9-1b5b-4fc6-b29f-57b58e90f2d8", 
      "area": 1.81, 
      "num_lifts": 1, 
      "source": "jsons/ski_area_elevations//europe-latest.json", 
      "min_elev": 431, 
      "cumarea": 13610.969476856464
    }
  ], 
  "end_x": 13618.520470594573, 
  "num": 1550, 
  "zoom": 11, 
  "start_x": 13609.739993179617
}