{
  "shown": [
    {
      "max_elev": 453, 
      "uid": "f495e1d7-1695-40c2-8e49-7ded18b12fca", 
      "area": 2.56, 
      "num_lifts": 21, 
      "source": "jsons/ski_area_elevations//north-america-latest.json", 
      "min_elev": 243, 
      "cumarea": 13721.449297303292
    }, 
    {
      "max_elev": 453, 
      "uid": "ca26ff96-25f5-480a-bb27-352858f0aeab", 
      "area": 1.81, 
      "num_lifts": 1, 
      "source": "jsons/ski_area_elevations//europe-latest.json", 
      "min_elev": 393, 
      "cumarea": 13715.915963199523
    }, 
    {
      "max_elev": 453, 
      "uid": "66eea42b-19c5-4705-871f-2b0b9eb3e9e2", 
      "area": 1.81, 
      "num_lifts": 1, 
      "source": "jsons/ski_area_elevations//europe-latest.json", 
      "min_elev": 429, 
      "cumarea": 13718.5092900448
    }
  ], 
  "end_x": 13723.886199574026, 
  "num": 1562, 
  "zoom": 11, 
  "start_x": 13715.105722159073
}