{
  "shown": [
    {
      "max_elev": 440, 
      "uid": "165bb65f-86dc-457e-9ac6-7f1eaf372678", 
      "area": 1.87, 
      "num_lifts": 5, 
      "source": "jsons/ski_area_elevations//europe-latest.json", 
      "min_elev": 358, 
      "cumarea": 13835.40580401426
    }, 
    {
      "max_elev": 442, 
      "uid": "071690c9-a1c5-452a-b93d-8f83b1a2c373", 
      "area": 1.85, 
      "num_lifts": 1, 
      "source": "jsons/ski_area_elevations//asia-latest.json", 
      "min_elev": 258, 
      "cumarea": 13830.181029082305
    }, 
    {
      "max_elev": 440, 
      "uid": "8a6a35a4-16fa-4ab7-b789-a011b07b32a7", 
      "area": 1.83, 
      "num_lifts": 1, 
      "source": "jsons/ski_area_elevations//europe-latest.json", 
      "min_elev": 325, 
      "cumarea": 13838.010119981114
    }, 
    {
      "max_elev": 441, 
      "uid": "80423c03-1c10-4594-82a4-0ec9471cca4d", 
      "area": 1.82, 
      "num_lifts": 1, 
      "source": "jsons/ski_area_elevations//europe-latest.json", 
      "min_elev": 384, 
      "cumarea": 13832.779865583394
    }
  ], 
  "end_x": 13838.032405968435, 
  "num": 1575, 
  "zoom": 11, 
  "start_x": 13829.25192855348
}