{
  "shown": [
    {
      "max_elev": 2451, 
      "cumarea": 1393.0660780250937, 
      "area": 20.59, 
      "num_lifts": 111, 
      "name": "La Clusaz", 
      "source": "jsons/ski_area_elevations//europe-latest.json", 
      "min_elev": 1021, 
      "uid": "d7d13a31-dd05-49c6-9907-cf41b2494168"
    }, 
    {
      "max_elev": 2455, 
      "uid": "4436379d-6c86-44ec-b789-80e4394a0613", 
      "area": 4.55, 
      "num_lifts": 34, 
      "source": "jsons/ski_area_elevations//europe-latest.json", 
      "min_elev": 1343, 
      "cumarea": 1388.041272504054
    }
  ], 
  "end_x": 1396.0959089777803, 
  "num": 158, 
  "zoom": 11, 
  "start_x": 1387.3154315628256
}