{
  "shown": [
    {
      "max_elev": 433, 
      "uid": "dbb20169-769b-43ec-a214-df8507a74720", 
      "area": 2.12, 
      "num_lifts": 5, 
      "source": "jsons/ski_area_elevations//north-america-latest.json", 
      "min_elev": 289, 
      "cumarea": 13931.398634986714
    }, 
    {
      "max_elev": 432, 
      "uid": "cdd2ef89-6b38-47df-b924-08c51b4a872c", 
      "area": 1.86, 
      "num_lifts": 1, 
      "source": "jsons/ski_area_elevations//europe-latest.json", 
      "min_elev": 253, 
      "cumarea": 13934.019211474439
    }, 
    {
      "max_elev": 433, 
      "uid": "b7e0485e-2cff-4ccc-842d-d9509cabae64", 
      "area": 1.85, 
      "num_lifts": 1, 
      "source": "jsons/ski_area_elevations//europe-latest.json", 
      "min_elev": 433, 
      "cumarea": 13926.04838239694
    }, 
    {
      "max_elev": 433, 
      "uid": "eb3331d6-40b2-4881-85d6-fedd272a99b5", 
      "area": 1.82, 
      "num_lifts": 1, 
      "source": "jsons/ski_area_elevations//europe-latest.json", 
      "min_elev": 348, 
      "cumarea": 13928.64721889803
    }
  ], 
  "end_x": 13934.617657532937, 
  "num": 1586, 
  "zoom": 11, 
  "start_x": 13925.837180117982
}