{
  "shown": [
    {
      "max_elev": 432, 
      "uid": "95ad90a4-620e-4b30-a722-7a9d05c604c6", 
      "area": 2.52, 
      "num_lifts": 11, 
      "source": "jsons/ski_area_elevations//north-america-latest.json", 
      "min_elev": 284, 
      "cumarea": 13944.761689675817
    }, 
    {
      "max_elev": 432, 
      "uid": "1b708e44-e908-46e4-af9f-aef41101d451", 
      "area": 2.2600000000000002, 
      "num_lifts": 6, 
      "source": "jsons/ski_area_elevations//africa-latest.json", 
      "min_elev": 426, 
      "cumarea": 13947.577054489102
    }, 
    {
      "max_elev": 432, 
      "uid": "18f5d5db-e111-4696-974a-773714af35a4", 
      "area": 1.8900000000000001, 
      "num_lifts": 2, 
      "source": "jsons/ski_area_elevations//asia-latest.json", 
      "min_elev": 318, 
      "cumarea": 13950.213631318173
    }
  ], 
  "end_x": 13952.178612362848, 
  "num": 1588, 
  "zoom": 11, 
  "start_x": 13943.398134947893
}