{
  "shown": [
    {
      "max_elev": 414, 
      "uid": "ef5cc6cb-98ce-4665-a129-13207b0b64f6", 
      "area": 2.0700000000000003, 
      "num_lifts": 2, 
      "source": "jsons/ski_area_elevations//europe-latest.json", 
      "min_elev": 408, 
      "cumarea": 14107.073940007205
    }, 
    {
      "max_elev": 415, 
      "uid": "664a5c57-eddf-4f68-9dd6-fdbdd3ff2ff8", 
      "area": 1.81, 
      "num_lifts": 1, 
      "source": "jsons/ski_area_elevations//europe-latest.json", 
      "min_elev": 393, 
      "cumarea": 14101.758604735025
    }, 
    {
      "max_elev": 414, 
      "uid": "fed9c4e8-b698-4799-9993-ca0d6ab17510", 
      "area": 1.81, 
      "num_lifts": 1, 
      "source": "jsons/ski_area_elevations//europe-latest.json", 
      "min_elev": 390, 
      "cumarea": 14109.667266852482
    }, 
    {
      "max_elev": 415, 
      "uid": "328eb276-3090-4c71-b653-da344a497b07", 
      "area": 1.8, 
      "num_lifts": 1, 
      "source": "jsons/ski_area_elevations//europe-latest.json", 
      "min_elev": 402, 
      "cumarea": 14104.346391399928
    }
  ], 
  "end_x": 14110.227205832027, 
  "num": 1606, 
  "zoom": 11, 
  "start_x": 14101.446728417073
}