{
  "shown": [
    {
      "max_elev": 410, 
      "uid": "3238cee7-19eb-489d-abb1-fc0068cec73c", 
      "area": 2.41, 
      "num_lifts": 3, 
      "source": "jsons/ski_area_elevations//north-america-latest.json", 
      "min_elev": 339, 
      "cumarea": 14144.726432887092
    }, 
    {
      "max_elev": 410, 
      "uid": "75149d00-1083-4ce8-ba35-806597bbbd19", 
      "area": 1.85, 
      "num_lifts": 2, 
      "source": "jsons/ski_area_elevations//europe-latest.json", 
      "min_elev": 285, 
      "cumarea": 14136.660152449034
    }, 
    {
      "max_elev": 410, 
      "uid": "ced800f7-7b73-4590-9c6d-4284320f4ae9", 
      "area": 1.81, 
      "num_lifts": 1, 
      "source": "jsons/ski_area_elevations//europe-latest.json", 
      "min_elev": 386, 
      "cumarea": 14139.253479294312
    }, 
    {
      "max_elev": 410, 
      "uid": "f08f4806-7a6d-461d-97e5-1bcb89867909", 
      "area": 1.81, 
      "num_lifts": 1, 
      "source": "jsons/ski_area_elevations//europe-latest.json", 
      "min_elev": 363, 
      "cumarea": 14141.846806139589
    }
  ], 
  "end_x": 14145.349115491845, 
  "num": 1610, 
  "zoom": 11, 
  "start_x": 14136.568638076891
}