{
  "shown": [
    {
      "max_elev": 408, 
      "uid": "225a1052-97c8-433a-8e53-22a07eb173f6", 
      "area": 1.92, 
      "num_lifts": 1, 
      "source": "jsons/ski_area_elevations//asia-latest.json", 
      "min_elev": 382, 
      "cumarea": 14176.954898791515
    }, 
    {
      "max_elev": 408, 
      "uid": "7caf5840-5079-4f1b-b40e-85c835ef3c6c", 
      "area": 1.8800000000000001, 
      "num_lifts": 2, 
      "source": "jsons/ski_area_elevations//north-america-latest.json", 
      "min_elev": 223, 
      "cumarea": 14174.302573605475
    }, 
    {
      "max_elev": 407, 
      "uid": "7fcf935e-1968-45ff-a63f-51ef8bc5855b", 
      "area": 1.81, 
      "num_lifts": 1, 
      "source": "jsons/ski_area_elevations//europe-latest.json", 
      "min_elev": 363, 
      "cumarea": 14179.548225636792
    }
  ], 
  "end_x": 14180.471025151666, 
  "num": 1614, 
  "zoom": 11, 
  "start_x": 14171.69054773671
}