{
  "shown": [
    {
      "max_elev": 404, 
      "uid": "6c25bbf1-66a9-48a1-927b-78c554b57339", 
      "area": 1.83, 
      "num_lifts": 1, 
      "source": "jsons/ski_area_elevations//europe-latest.json", 
      "min_elev": 285, 
      "cumarea": 14211.814579263759
    }, 
    {
      "max_elev": 404, 
      "uid": "c665d22d-12aa-4a06-b820-b18eb720b4da", 
      "area": 1.81, 
      "num_lifts": 1, 
      "source": "jsons/ski_area_elevations//europe-latest.json", 
      "min_elev": 362, 
      "cumarea": 14214.407906109036
    }, 
    {
      "max_elev": 405, 
      "uid": "2783eb86-5c2e-4db9-a4b3-69e168353c2c", 
      "area": 1.8, 
      "num_lifts": 1, 
      "source": "jsons/ski_area_elevations//asia-latest.json", 
      "min_elev": 397, 
      "cumarea": 14209.210263296905
    }
  ], 
  "end_x": 14215.592934811484, 
  "num": 1618, 
  "zoom": 11, 
  "start_x": 14206.812457396529
}