{
  "shown": [
    {
      "max_elev": 403, 
      "uid": "991bca03-ea34-4722-809c-3f5e5f5cf7bd", 
      "area": 2.63, 
      "num_lifts": 9, 
      "source": "jsons/ski_area_elevations//north-america-latest.json", 
      "min_elev": 278, 
      "cumarea": 14217.374889955227
    }, 
    {
      "max_elev": 401, 
      "uid": "f80e004d-5ca5-4b16-a462-9de305144dcb", 
      "area": 1.98, 
      "num_lifts": 4, 
      "source": "jsons/ski_area_elevations//europe-latest.json", 
      "min_elev": 308, 
      "cumarea": 14222.70509004199
    }, 
    {
      "max_elev": 403, 
      "uid": "c4db9585-80cb-42e5-bc58-162a575b8b8b", 
      "area": 1.9100000000000001, 
      "num_lifts": 3, 
      "source": "jsons/ski_area_elevations//asia-latest.json", 
      "min_elev": 247, 
      "cumarea": 14220.021993197284
    }
  ], 
  "end_x": 14224.37341222644, 
  "num": 1619, 
  "zoom": 11, 
  "start_x": 14215.592934811484
}