{
  "shown": [
    {
      "max_elev": 2434, 
      "uid": "25d1993d-660c-4336-8b9b-0c6d3859f8a2", 
      "area": 3.9000000000000004, 
      "num_lifts": 14, 
      "source": "jsons/ski_area_elevations//europe-latest.json", 
      "min_elev": 1560, 
      "cumarea": 1425.2941153449628
    }, 
    {
      "max_elev": 2434, 
      "uid": "8907e2d3-40a0-413b-805c-abbb693dc011", 
      "area": 2.83, 
      "num_lifts": 9, 
      "source": "jsons/ski_area_elevations//europe-latest.json", 
      "min_elev": 630, 
      "cumarea": 1428.334392056618
    }, 
    {
      "max_elev": 2433, 
      "uid": "8b128869-6336-40be-8545-7e41db390edc", 
      "area": 1.8800000000000001, 
      "num_lifts": 2, 
      "source": "jsons/ski_area_elevations//europe-latest.json", 
      "min_elev": 1744, 
      "cumarea": 1430.96566383346
    }
  ], 
  "end_x": 1431.2178186375986, 
  "num": 162, 
  "zoom": 11, 
  "start_x": 1422.437341222644
}