{
  "shown": [
    {
      "max_elev": 393, 
      "uid": "17be55fc-747d-44fa-8963-678c6e41ce52", 
      "area": 1.84, 
      "num_lifts": 3, 
      "source": "jsons/ski_area_elevations//europe-latest.json", 
      "min_elev": 61, 
      "cumarea": 14296.988564877984
    }, 
    {
      "max_elev": 393, 
      "uid": "dbdb4f3c-be5d-47fa-8e68-ef5661484c71", 
      "area": 1.82, 
      "num_lifts": 1, 
      "source": "jsons/ski_area_elevations//europe-latest.json", 
      "min_elev": 365, 
      "cumarea": 14299.587401379073
    }, 
    {
      "max_elev": 393, 
      "uid": "4f1fc1e6-98df-4f06-be7a-64202bb344a0", 
      "area": 1.81, 
      "num_lifts": 1, 
      "source": "jsons/ski_area_elevations//north-america-latest.json", 
      "min_elev": 260, 
      "cumarea": 14302.18072822435
    }
  ], 
  "end_x": 14303.39770896103, 
  "num": 1628, 
  "zoom": 11, 
  "start_x": 14294.617231546075
}