{
  "shown": [
    {
      "max_elev": 389, 
      "uid": "e62a2087-1206-4e6a-9fae-c50e37132fb8", 
      "area": 2.08, 
      "num_lifts": 6, 
      "source": "jsons/ski_area_elevations//europe-latest.json", 
      "min_elev": 149, 
      "cumarea": 14326.0673957406
    }, 
    {
      "max_elev": 390, 
      "uid": "93774a7a-0c0d-40e0-8a94-fe3bd5e98ea7", 
      "area": 1.92, 
      "num_lifts": 1, 
      "source": "jsons/ski_area_elevations//asia-latest.json", 
      "min_elev": 72, 
      "cumarea": 14323.335027846886
    }, 
    {
      "max_elev": 389, 
      "uid": "ad38a65d-6579-4553-b72a-6a29e6f3bb11", 
      "area": 1.92, 
      "num_lifts": 2, 
      "source": "jsons/ski_area_elevations//europe-latest.json", 
      "min_elev": 185, 
      "cumarea": 14328.71972092664
    }
  ], 
  "end_x": 14329.739141205893, 
  "num": 1631, 
  "zoom": 11, 
  "start_x": 14320.958663790938
}