{
  "shown": [
    {
      "max_elev": 378, 
      "uid": "d220d7dd-f00f-4979-b518-d13e51de0abc", 
      "area": 2.15, 
      "num_lifts": 14, 
      "source": "jsons/ski_area_elevations//europe-latest.json", 
      "min_elev": 245, 
      "cumarea": 14403.626326067326
    }, 
    {
      "max_elev": 379, 
      "uid": "7fa3f757-1dce-4dce-83cc-e74d61deabcc", 
      "area": 2.08, 
      "num_lifts": 29, 
      "source": "jsons/ski_area_elevations//north-america-latest.json", 
      "min_elev": 294, 
      "cumarea": 14400.860858225185
    }, 
    {
      "max_elev": 378, 
      "uid": "69566620-e08d-4b6a-8216-524ea6fc2652", 
      "area": 1.9100000000000001, 
      "num_lifts": 3, 
      "source": "jsons/ski_area_elevations//europe-latest.json", 
      "min_elev": 249, 
      "cumarea": 14406.273429309384
    }
  ], 
  "end_x": 14408.763437940484, 
  "num": 1640, 
  "zoom": 11, 
  "start_x": 14399.982960525529
}