{
  "shown": [
    {
      "max_elev": 378, 
      "uid": "ad8b11f0-ed67-4a70-9f66-b50a9abe2ef1", 
      "area": 2.24, 
      "num_lifts": 10, 
      "source": "jsons/ski_area_elevations//north-america-latest.json", 
      "min_elev": 257, 
      "cumarea": 14409.079905175251
    }, 
    {
      "max_elev": 377, 
      "uid": "9698460c-bb16-4991-a0e8-e7d533e6d6c8", 
      "area": 2.24, 
      "num_lifts": 8, 
      "source": "jsons/ski_area_elevations//europe-latest.json", 
      "min_elev": 122, 
      "cumarea": 14414.574515679855
    }, 
    {
      "max_elev": 378, 
      "uid": "54fef52a-29f7-4407-9335-9c62309dfd99", 
      "area": 1.99, 
      "num_lifts": 9, 
      "source": "jsons/ski_area_elevations//north-america-latest.json", 
      "min_elev": 341, 
      "cumarea": 14411.768039813987
    }, 
    {
      "max_elev": 377, 
      "uid": "fec84bbd-0f00-4290-9f28-af81ba1648ed", 
      "area": 1.8, 
      "num_lifts": 1, 
      "source": "jsons/ski_area_elevations//europe-latest.json", 
      "min_elev": 356, 
      "cumarea": 14417.162302344757
    }
  ], 
  "end_x": 14417.543915355438, 
  "num": 1641, 
  "zoom": 11, 
  "start_x": 14408.763437940484
}