{
  "shown": [
    {
      "max_elev": 370, 
      "uid": "bd1dff85-2b4f-4bcb-b725-790b99a5f1e9", 
      "area": 1.85, 
      "num_lifts": 2, 
      "source": "jsons/ski_area_elevations//europe-latest.json", 
      "min_elev": 321, 
      "cumarea": 14479.988619565238
    }, 
    {
      "max_elev": 369, 
      "uid": "218ae674-d44b-45f2-b31a-a7ab21b09b9f", 
      "area": 1.83, 
      "num_lifts": 1, 
      "source": "jsons/ski_area_elevations//asia-latest.json", 
      "min_elev": 202, 
      "cumarea": 14482.592935532091
    }, 
    {
      "max_elev": 368, 
      "uid": "0478af8f-8834-4527-9070-392cfd852339", 
      "area": 1.82, 
      "num_lifts": 1, 
      "source": "jsons/ski_area_elevations//europe-latest.json", 
      "min_elev": 312, 
      "cumarea": 14485.19177203318
    }
  ], 
  "end_x": 14487.787734675076, 
  "num": 1649, 
  "zoom": 11, 
  "start_x": 14479.00725726012
}