{
  "shown": [
    {
      "max_elev": 367, 
      "uid": "f1832f2b-2c3e-4e3c-931a-f53c14610af5", 
      "area": 2.94, 
      "num_lifts": 15, 
      "source": "jsons/ski_area_elevations//north-america-latest.json", 
      "min_elev": 151, 
      "cumarea": 14504.534083892226
    }, 
    {
      "max_elev": 368, 
      "uid": "166748f7-07cc-4d9d-b16e-0367cbc73f15", 
      "area": 2.11, 
      "num_lifts": 3, 
      "source": "jsons/ski_area_elevations//africa-latest.json", 
      "min_elev": 57, 
      "cumarea": 14498.862347465598
    }, 
    {
      "max_elev": 367, 
      "uid": "cf8a4e76-be2e-4d8b-ba7c-edf9467b9c6c", 
      "area": 1.81, 
      "num_lifts": 1, 
      "source": "jsons/ski_area_elevations//europe-latest.json", 
      "min_elev": 289, 
      "cumarea": 14501.455674310875
    }
  ], 
  "end_x": 14505.348689504986, 
  "num": 1651, 
  "zoom": 11, 
  "start_x": 14496.568212090031
}