{
  "shown": [
    {
      "max_elev": 354, 
      "uid": "17fce3f1-a5eb-47d9-bfee-ab19b3c10aa5", 
      "area": 2.33, 
      "num_lifts": 8, 
      "source": "jsons/ski_area_elevations//north-america-latest.json", 
      "min_elev": 178, 
      "cumarea": 14624.379994244915
    }, 
    {
      "max_elev": 354, 
      "uid": "f297a5bc-00ae-4424-ad2f-a7094e8a5c1b", 
      "area": 2.08, 
      "num_lifts": 9, 
      "source": "jsons/ski_area_elevations//north-america-latest.json", 
      "min_elev": 212, 
      "cumarea": 14627.112362138629
    }, 
    {
      "max_elev": 354, 
      "uid": "4f4e1292-a612-40c0-a5d2-9d73b385e40e", 
      "area": 1.81, 
      "num_lifts": 1, 
      "source": "jsons/ski_area_elevations//europe-latest.json", 
      "min_elev": 310, 
      "cumarea": 14621.534125977338
    }
  ], 
  "end_x": 14628.275373314349, 
  "num": 1665, 
  "zoom": 11, 
  "start_x": 14619.494895899395
}