{
  "shown": [
    {
      "max_elev": 330, 
      "uid": "cb0713b0-3b88-4837-9850-83b77ab951e7", 
      "area": 1.92, 
      "num_lifts": 9, 
      "source": "jsons/ski_area_elevations//europe-latest.json", 
      "min_elev": 248, 
      "cumarea": 14845.895761708916
    }, 
    {
      "max_elev": 331, 
      "uid": "fc5afebc-feee-4377-a368-3f6ad17a60c0", 
      "area": 1.8800000000000001, 
      "num_lifts": 4, 
      "source": "jsons/ski_area_elevations//north-america-latest.json", 
      "min_elev": 252, 
      "cumarea": 14843.243436522876
    }, 
    {
      "max_elev": 332, 
      "uid": "adc21b88-8497-44f8-a916-417851cd6c35", 
      "area": 1.82, 
      "num_lifts": 2, 
      "source": "jsons/ski_area_elevations//asia-latest.json", 
      "min_elev": 244, 
      "cumarea": 14840.612164746035
    }
  ], 
  "end_x": 14847.787308688214, 
  "num": 1690, 
  "zoom": 11, 
  "start_x": 14839.00683127326
}