{
  "shown": [
    {
      "max_elev": 329, 
      "uid": "770959b3-eb26-4147-8d49-e2bfeec4a514", 
      "area": 2.62, 
      "num_lifts": 16, 
      "source": "jsons/ski_area_elevations//europe-latest.json", 
      "min_elev": 174, 
      "cumarea": 14857.045332861693
    }, 
    {
      "max_elev": 328, 
      "uid": "53f3073e-459e-4b1b-8306-19f74a41104b", 
      "area": 1.8800000000000001, 
      "num_lifts": 4, 
      "source": "jsons/ski_area_elevations//north-america-latest.json", 
      "min_elev": 243, 
      "cumarea": 14864.885206711244
    }, 
    {
      "max_elev": 329, 
      "uid": "e61d9a24-9c4f-49a0-81d8-3cd9ce75279a", 
      "area": 1.84, 
      "num_lifts": 1, 
      "source": "jsons/ski_area_elevations//europe-latest.json", 
      "min_elev": 18, 
      "cumarea": 14859.655098433313
    }, 
    {
      "max_elev": 329, 
      "uid": "57b056b4-1ed2-4718-9f60-7cea2fef79e3", 
      "area": 1.82, 
      "num_lifts": 0, 
      "source": "jsons/ski_area_elevations//europe-latest.json", 
      "min_elev": 329, 
      "cumarea": 14862.253934934402
    }
  ], 
  "end_x": 14865.348263518124, 
  "num": 1692, 
  "zoom": 11, 
  "start_x": 14856.567786103169
}