{
  "shown": [
    {
      "max_elev": 315, 
      "uid": "81e9786b-da8b-49dc-a2ac-cbd7640acb7a", 
      "area": 2.1, 
      "num_lifts": 6, 
      "source": "jsons/ski_area_elevations//europe-latest.json", 
      "min_elev": 155, 
      "cumarea": 14965.506396189743
    }, 
    {
      "max_elev": 316, 
      "uid": "fd5ba731-e1c7-4c88-9a8d-f7162cbba595", 
      "area": 1.81, 
      "num_lifts": 1, 
      "source": "jsons/ski_area_elevations//asia-latest.json", 
      "min_elev": 277, 
      "cumarea": 14962.764458845013
    }, 
    {
      "max_elev": 315, 
      "uid": "da0651a8-5e31-4e39-a4ef-f934aca5641c", 
      "area": 1.81, 
      "num_lifts": 2, 
      "source": "jsons/ski_area_elevations//europe-latest.json", 
      "min_elev": 311, 
      "cumarea": 14968.09972303502
    }
  ], 
  "end_x": 14970.713992497578, 
  "num": 1704, 
  "zoom": 11, 
  "start_x": 14961.933515082623
}