{
  "shown": [
    {
      "max_elev": 313, 
      "uid": "63de0703-e9ad-4d6d-9f9f-a375ebde01eb", 
      "area": 2.8600000000000003, 
      "num_lifts": 22, 
      "source": "jsons/ski_area_elevations//europe-latest.json", 
      "min_elev": 152, 
      "cumarea": 14981.762423858747
    }, 
    {
      "max_elev": 313, 
      "uid": "786369e4-287b-4b63-b77e-e156e9674e0a", 
      "area": 2.2800000000000002, 
      "num_lifts": 29, 
      "source": "jsons/ski_area_elevations//north-america-latest.json", 
      "min_elev": 236, 
      "cumarea": 14987.17992614699
    }, 
    {
      "max_elev": 313, 
      "uid": "e2493aaf-e22f-4384-9a7d-849c00760765", 
      "area": 1.81, 
      "num_lifts": 1, 
      "source": "jsons/ski_area_elevations//europe-latest.json", 
      "min_elev": 290, 
      "cumarea": 14984.355750704024
    }
  ], 
  "end_x": 14988.274947327485, 
  "num": 1706, 
  "zoom": 11, 
  "start_x": 14979.494469912532
}