{
  "shown": [
    {
      "max_elev": 307, 
      "uid": "e224026f-3196-49f3-84c2-c77bf671ac6b", 
      "area": 2.27, 
      "num_lifts": 1, 
      "source": "jsons/ski_area_elevations//asia-latest.json", 
      "min_elev": 253, 
      "cumarea": 15041.032469608726
    }, 
    {
      "max_elev": 306, 
      "uid": "6969e69c-6818-4e7f-acd6-f0eb39c0d071", 
      "area": 2.06, 
      "num_lifts": 7, 
      "source": "jsons/ski_area_elevations//north-america-latest.json", 
      "min_elev": 239, 
      "cumarea": 15049.06448091112
    }, 
    {
      "max_elev": 307, 
      "uid": "b321ad54-81f3-439d-a5f5-d94fd9697b62", 
      "area": 1.97, 
      "num_lifts": 5, 
      "source": "jsons/ski_area_elevations//asia-latest.json", 
      "min_elev": 246, 
      "cumarea": 15043.710503151477
    }, 
    {
      "max_elev": 306, 
      "uid": "cf2310f8-b319-4189-8e40-cec290292371", 
      "area": 1.8800000000000001, 
      "num_lifts": 2, 
      "source": "jsons/ski_area_elevations//europe-latest.json", 
      "min_elev": 60, 
      "cumarea": 15046.341774928318
    }
  ], 
  "end_x": 15049.73828923217, 
  "num": 1713, 
  "zoom": 11, 
  "start_x": 15040.957811817214
}