{
  "shown": [
    {
      "max_elev": 301, 
      "uid": "792c89c3-f35d-4352-b2a2-5146a0cb6e15", 
      "area": 1.85, 
      "num_lifts": 2, 
      "source": "jsons/ski_area_elevations//asia-latest.json", 
      "min_elev": 220, 
      "cumarea": 15094.115926602733
    }, 
    {
      "max_elev": 301, 
      "uid": "953cd02c-bfe1-42cf-bafd-a2f1fef1c6df", 
      "area": 1.83, 
      "num_lifts": 1, 
      "source": "jsons/ski_area_elevations//asia-latest.json", 
      "min_elev": 130, 
      "cumarea": 15096.720242569587
    }, 
    {
      "max_elev": 300, 
      "uid": "d3131f70-f4aa-44b9-b98e-ebaa9c4e4bcc", 
      "area": 1.83, 
      "num_lifts": 7, 
      "source": "jsons/ski_area_elevations//europe-latest.json", 
      "min_elev": 251, 
      "cumarea": 15099.32455853644
    }, 
    {
      "max_elev": 300, 
      "uid": "4c8e48ed-c034-433f-b377-a83e6d8d50d1", 
      "area": 1.83, 
      "num_lifts": 1, 
      "source": "jsons/ski_area_elevations//europe-latest.json", 
      "min_elev": 43, 
      "cumarea": 15101.928874503294
    }
  ], 
  "end_x": 15102.421153721898, 
  "num": 1719, 
  "zoom": 11, 
  "start_x": 15093.640676306943
}