{
  "shown": [
    {
      "max_elev": 282, 
      "uid": "35a863fc-7422-4b24-aa17-e6200fcfde96", 
      "area": 1.96, 
      "num_lifts": 3, 
      "source": "jsons/ski_area_elevations//asia-latest.json", 
      "min_elev": 185, 
      "cumarea": 15246.587734340857
    }, 
    {
      "max_elev": 282, 
      "uid": "b4beb0ef-5b81-4aa7-9005-4ab67f10f1f5", 
      "area": 1.8900000000000001, 
      "num_lifts": 1, 
      "source": "jsons/ski_area_elevations//europe-latest.json", 
      "min_elev": 35, 
      "cumarea": 15243.914789867615
    }, 
    {
      "max_elev": 281, 
      "uid": "f22bca7f-cb05-4170-a798-c67d34b3f60e", 
      "area": 1.81, 
      "num_lifts": 1, 
      "source": "jsons/ski_area_elevations//europe-latest.json", 
      "min_elev": 265, 
      "cumarea": 15249.181061186135
    }
  ], 
  "end_x": 15251.689269776125, 
  "num": 1736, 
  "zoom": 11, 
  "start_x": 15242.90879236117
}