{
  "shown": [
    {
      "max_elev": 267, 
      "uid": "ee981aaf-8f6f-4d34-950e-bf396bd72824", 
      "area": 1.9000000000000001, 
      "num_lifts": 1, 
      "source": "jsons/ski_area_elevations//europe-latest.json", 
      "min_elev": 202, 
      "cumarea": 15362.466088580071
    }, 
    {
      "max_elev": 267, 
      "uid": "514d480c-32d2-4a48-b62a-caf1267dca01", 
      "area": 1.84, 
      "num_lifts": 1, 
      "source": "jsons/ski_area_elevations//europe-latest.json", 
      "min_elev": 31, 
      "cumarea": 15365.075854151692
    }, 
    {
      "max_elev": 268, 
      "uid": "944b139e-ef13-4056-8c26-eb1855ae735e", 
      "area": 1.83, 
      "num_lifts": 2, 
      "source": "jsons/ski_area_elevations//europe-latest.json", 
      "min_elev": 243, 
      "cumarea": 15357.22539819281
    }, 
    {
      "max_elev": 268, 
      "uid": "619ca884-ec71-427d-a9ab-dc42fcefb7b8", 
      "area": 1.82, 
      "num_lifts": 1, 
      "source": "jsons/ski_area_elevations//europe-latest.json", 
      "min_elev": 201, 
      "cumarea": 15359.824234693899
    }
  ], 
  "end_x": 15365.835476170536, 
  "num": 1749, 
  "zoom": 11, 
  "start_x": 15357.054998755582
}