{
  "shown": [
    {
      "max_elev": 254, 
      "uid": "3cfcf5bb-b304-4245-a443-a9829f7e1f6a", 
      "area": 1.83, 
      "num_lifts": 1, 
      "source": "jsons/ski_area_elevations//europe-latest.json", 
      "min_elev": 217, 
      "cumarea": 15486.239371443318
    }, 
    {
      "max_elev": 256, 
      "uid": "9a2cf225-9d31-4dd9-8149-4cfed3b276df", 
      "area": 1.82, 
      "num_lifts": 1, 
      "source": "jsons/ski_area_elevations//asia-latest.json", 
      "min_elev": 223, 
      "cumarea": 15481.047268811562
    }, 
    {
      "max_elev": 255, 
      "uid": "c309d8a9-19ac-4524-936c-d3ea736ce698", 
      "area": 1.8, 
      "num_lifts": 1, 
      "source": "jsons/ski_area_elevations//europe-latest.json", 
      "min_elev": 255, 
      "cumarea": 15483.635055476465
    }
  ], 
  "end_x": 15488.762159979899, 
  "num": 1763, 
  "zoom": 11, 
  "start_x": 15479.981682564943
}