{
  "shown": [
    {
      "max_elev": 253, 
      "uid": "31fa8bbe-4add-4c8d-9930-fcee4948369a", 
      "area": 1.81, 
      "num_lifts": 1, 
      "source": "jsons/ski_area_elevations//europe-latest.json", 
      "min_elev": 232, 
      "cumarea": 15494.0082716184
    }, 
    {
      "max_elev": 253, 
      "uid": "d8d920db-d90a-4ceb-88b7-36f022ad11a7", 
      "area": 1.81, 
      "num_lifts": 1, 
      "source": "jsons/ski_area_elevations//europe-latest.json", 
      "min_elev": 248, 
      "cumarea": 15496.601598463678
    }, 
    {
      "max_elev": 254, 
      "uid": "3c11c9e6-8282-4d42-9834-1041b552d7b2", 
      "area": 1.8, 
      "num_lifts": 6, 
      "source": "jsons/ski_area_elevations//europe-latest.json", 
      "min_elev": 254, 
      "cumarea": 15488.82715810822
    }, 
    {
      "max_elev": 254, 
      "uid": "a09b7c71-852b-4e13-82f6-f1dfe54d6675", 
      "area": 1.8, 
      "num_lifts": 1, 
      "source": "jsons/ski_area_elevations//europe-latest.json", 
      "min_elev": 253, 
      "cumarea": 15491.414944773123
    }
  ], 
  "end_x": 15497.542637394854, 
  "num": 1764, 
  "zoom": 11, 
  "start_x": 15488.762159979899
}