{
  "shown": [
    {
      "max_elev": 250, 
      "uid": "271c1523-910a-401d-9955-a977f30041cf", 
      "area": 1.87, 
      "num_lifts": 2, 
      "source": "jsons/ski_area_elevations//europe-latest.json", 
      "min_elev": 212, 
      "cumarea": 15512.199680776743
    }, 
    {
      "max_elev": 250, 
      "uid": "dc4d4c93-4d5f-4d63-a762-d1044604a98a", 
      "area": 1.85, 
      "num_lifts": 3, 
      "source": "jsons/ski_area_elevations//europe-latest.json", 
      "min_elev": 195, 
      "cumarea": 15514.814866415833
    }, 
    {
      "max_elev": 251, 
      "uid": "2f117089-906c-473e-8103-42e7919a45dd", 
      "area": 1.81, 
      "num_lifts": 1, 
      "source": "jsons/ski_area_elevations//europe-latest.json", 
      "min_elev": 185, 
      "cumarea": 15506.980415500599
    }, 
    {
      "max_elev": 251, 
      "uid": "637ed438-4907-422f-b4eb-0d19821bdc28", 
      "area": 1.81, 
      "num_lifts": 0, 
      "source": "jsons/ski_area_elevations//north-america-latest.json", 
      "min_elev": 251, 
      "cumarea": 15509.573742345876
    }
  ], 
  "end_x": 15515.103592224761, 
  "num": 1766, 
  "zoom": 11, 
  "start_x": 15506.323114809808
}