{
  "shown": [
    {
      "max_elev": 235, 
      "uid": "29ffd6aa-a1cb-4f6d-9bca-f4f822b02135", 
      "area": 1.84, 
      "num_lifts": 0, 
      "source": "jsons/ski_area_elevations//europe-latest.json", 
      "min_elev": 235, 
      "cumarea": 15631.097593290098
    }, 
    {
      "max_elev": 235, 
      "uid": "892f30e9-5804-471c-97c0-07c4947aa328", 
      "area": 1.84, 
      "num_lifts": 2, 
      "source": "jsons/ski_area_elevations//europe-latest.json", 
      "min_elev": 217, 
      "cumarea": 15633.707358861719
    }, 
    {
      "max_elev": 235, 
      "uid": "4c3a991b-caa4-4676-a141-7d147bead306", 
      "area": 1.8, 
      "num_lifts": 1, 
      "source": "jsons/ski_area_elevations//europe-latest.json", 
      "min_elev": 234, 
      "cumarea": 15636.295145526621
    }
  ], 
  "end_x": 15638.03027603413, 
  "num": 1780, 
  "zoom": 11, 
  "start_x": 15629.249798619174
}