{
  "shown": [
    {
      "max_elev": 234, 
      "uid": "4a13d5fc-b360-416c-b065-d30cbd3ddbe6", 
      "area": 1.96, 
      "num_lifts": 2, 
      "source": "jsons/ski_area_elevations//europe-latest.json", 
      "min_elev": 6, 
      "cumarea": 15638.968089999864
    }, 
    {
      "max_elev": 234, 
      "uid": "156b554d-d46b-4aa6-96ab-e6877131683c", 
      "area": 1.96, 
      "num_lifts": 2, 
      "source": "jsons/ski_area_elevations//asia-latest.json", 
      "min_elev": 6, 
      "cumarea": 15641.641034473107
    }, 
    {
      "max_elev": 233, 
      "uid": "5fd3867a-22f1-4aba-ab76-bbcc4625c0c2", 
      "area": 1.81, 
      "num_lifts": 1, 
      "source": "jsons/ski_area_elevations//north-america-latest.json", 
      "min_elev": 231, 
      "cumarea": 15644.234361318384
    }
  ], 
  "end_x": 15646.810753449083, 
  "num": 1781, 
  "zoom": 11, 
  "start_x": 15638.03027603413
}