{
  "shown": [
    {
      "max_elev": 172, 
      "uid": "318277d7-5c8d-4b39-af6a-ce25f5454777", 
      "area": 2.29, 
      "num_lifts": 1, 
      "source": "jsons/ski_area_elevations//asia-latest.json", 
      "min_elev": 142, 
      "cumarea": 16269.924210499657
    }, 
    {
      "max_elev": 173, 
      "uid": "06c62bef-1146-4839-a1a0-49cf925b22db", 
      "area": 2.06, 
      "num_lifts": 8, 
      "source": "jsons/ski_area_elevations//north-america-latest.json", 
      "min_elev": 48, 
      "cumarea": 16261.796775777982
    }, 
    {
      "max_elev": 173, 
      "uid": "42cd9abc-4962-40a7-966c-522b3c670369", 
      "area": 1.96, 
      "num_lifts": 6, 
      "source": "jsons/ski_area_elevations//asia-latest.json", 
      "min_elev": 85, 
      "cumarea": 16264.469720251225
    }, 
    {
      "max_elev": 172, 
      "uid": "708d40a5-ccd7-440c-b661-ae6dbbaab9ba", 
      "area": 1.87, 
      "num_lifts": 4, 
      "source": "jsons/ski_area_elevations//europe-latest.json", 
      "min_elev": 127, 
      "cumarea": 16267.095658682092
    }
  ], 
  "end_x": 16270.224649910859, 
  "num": 1852, 
  "zoom": 11, 
  "start_x": 16261.444172495903
}