{
  "shown": [
    {
      "max_elev": 169, 
      "uid": "7975a27a-6b2e-4606-9eb3-9b8d519d03bd", 
      "area": 1.84, 
      "num_lifts": 3, 
      "source": "jsons/ski_area_elevations//europe-latest.json", 
      "min_elev": 122, 
      "cumarea": 16295.96624750098
    }, 
    {
      "max_elev": 170, 
      "uid": "6a48e597-dc02-440d-aa26-a5702f0a9ac0", 
      "area": 1.82, 
      "num_lifts": 2, 
      "source": "jsons/ski_area_elevations//europe-latest.json", 
      "min_elev": 145, 
      "cumarea": 16288.17536841918
    }, 
    {
      "max_elev": 170, 
      "uid": "7812462d-0154-4f29-a75d-6d3ed144432a", 
      "area": 1.81, 
      "num_lifts": 1, 
      "source": "jsons/ski_area_elevations//europe-latest.json", 
      "min_elev": 108, 
      "cumarea": 16290.768695264458
    }, 
    {
      "max_elev": 170, 
      "uid": "d8b7be99-870a-4e0a-bbab-c49927881d0d", 
      "area": 1.8, 
      "num_lifts": 1, 
      "source": "jsons/ski_area_elevations//europe-latest.json", 
      "min_elev": 155, 
      "cumarea": 16293.35648192936
    }
  ], 
  "end_x": 16296.566082155721, 
  "num": 1855, 
  "zoom": 11, 
  "start_x": 16287.785604740766
}