{
  "shown": [
    {
      "max_elev": 166, 
      "uid": "afeb43c8-c909-4770-95e2-925001143dd6", 
      "area": 2.12, 
      "num_lifts": 17, 
      "source": "jsons/ski_area_elevations//north-america-latest.json", 
      "min_elev": 47, 
      "cumarea": 16335.58533743808
    }, 
    {
      "max_elev": 166, 
      "uid": "12941ef4-1bce-4391-86a1-43d7fbdcedd3", 
      "area": 1.9100000000000001, 
      "num_lifts": 1, 
      "source": "jsons/ski_area_elevations//asia-latest.json", 
      "min_elev": 111, 
      "cumarea": 16338.232440680138
    }, 
    {
      "max_elev": 166, 
      "uid": "937ded33-9890-4fa3-b1ad-3f85c4478240", 
      "area": 1.81, 
      "num_lifts": 1, 
      "source": "jsons/ski_area_elevations//europe-latest.json", 
      "min_elev": 140, 
      "cumarea": 16332.833921349396
    }
  ], 
  "end_x": 16340.468469230495, 
  "num": 1860, 
  "zoom": 11, 
  "start_x": 16331.68799181554
}