{
  "shown": [
    {
      "max_elev": 158, 
      "uid": "f4065b84-ab77-4471-b653-5b8c7cc40d31", 
      "area": 1.83, 
      "num_lifts": 1, 
      "source": "jsons/ski_area_elevations//asia-latest.json", 
      "min_elev": 28, 
      "cumarea": 16431.309881573216
    }, 
    {
      "max_elev": 157, 
      "uid": "e95071f6-0b8c-4cd3-9558-92418eb6b06d", 
      "area": 1.83, 
      "num_lifts": 3, 
      "source": "jsons/ski_area_elevations//europe-latest.json", 
      "min_elev": 128, 
      "cumarea": 16433.914197540067
    }, 
    {
      "max_elev": 158, 
      "uid": "b818681e-f160-4555-abe8-622ae059f45e", 
      "area": 1.82, 
      "num_lifts": 1, 
      "source": "jsons/ski_area_elevations//europe-latest.json", 
      "min_elev": 140, 
      "cumarea": 16428.705565606364
    }, 
    {
      "max_elev": 157, 
      "uid": "61c56b5e-5cbd-4871-b180-2bc62b94a6df", 
      "area": 1.82, 
      "num_lifts": 1, 
      "source": "jsons/ski_area_elevations//europe-latest.json", 
      "min_elev": 65, 
      "cumarea": 16436.513034041156
    }
  ], 
  "end_x": 16437.053720794996, 
  "num": 1871, 
  "zoom": 11, 
  "start_x": 16428.27324338004
}