{
  "shown": [
    {
      "max_elev": 157, 
      "uid": "b2e5b31f-14ee-498d-8ea6-d3041376f807", 
      "area": 1.81, 
      "num_lifts": 1, 
      "source": "jsons/ski_area_elevations//europe-latest.json", 
      "min_elev": 152, 
      "cumarea": 16446.891851078082
    }, 
    {
      "max_elev": 157, 
      "uid": "7d150350-b979-45cd-8c2c-822bd2edf412", 
      "area": 1.81, 
      "num_lifts": 1, 
      "source": "jsons/ski_area_elevations//asia-latest.json", 
      "min_elev": 135, 
      "cumarea": 16452.072964588264
    }, 
    {
      "max_elev": 157, 
      "uid": "f39ec798-df36-4ea8-8f4c-164ed1b67be0", 
      "area": 1.8, 
      "num_lifts": 1, 
      "source": "jsons/ski_area_elevations//europe-latest.json", 
      "min_elev": 116, 
      "cumarea": 16449.479637742985
    }
  ], 
  "end_x": 16454.614675624907, 
  "num": 1873, 
  "zoom": 11, 
  "start_x": 16445.834198209952
}