{
  "shown": [
    {
      "max_elev": 155, 
      "uid": "99112d46-6cc6-40c7-9b9e-1d2ef52f727a", 
      "area": 1.99, 
      "num_lifts": 13, 
      "source": "jsons/ski_area_elevations//asia-latest.json", 
      "min_elev": 70, 
      "cumarea": 16478.288176219346
    }, 
    {
      "max_elev": 155, 
      "uid": "7cedf5df-2b1a-4284-8457-a90de7efb263", 
      "area": 1.82, 
      "num_lifts": 3, 
      "source": "jsons/ski_area_elevations//europe-latest.json", 
      "min_elev": 110, 
      "cumarea": 16473.00120507952
    }, 
    {
      "max_elev": 155, 
      "uid": "b9260bab-2f1e-4985-b99f-fcc4ee2d5ed2", 
      "area": 1.82, 
      "num_lifts": 0, 
      "source": "jsons/ski_area_elevations//europe-latest.json", 
      "min_elev": 155, 
      "cumarea": 16475.60004158061
    }, 
    {
      "max_elev": 155, 
      "uid": "02bbf1e1-7cd3-48de-947d-ae372d4173a9", 
      "area": 1.82, 
      "num_lifts": 1, 
      "source": "jsons/ski_area_elevations//asia-latest.json", 
      "min_elev": 99, 
      "cumarea": 16480.887012720435
    }
  ], 
  "end_x": 16480.956107869766, 
  "num": 1876, 
  "zoom": 11, 
  "start_x": 16472.175630454814
}