{
  "shown": [
    {
      "max_elev": 2367, 
      "cumarea": 1653.1769581332032, 
      "area": 41.3, 
      "num_lifts": 214, 
      "name": "Meg\u00e9ve", 
      "source": "jsons/ski_area_elevations//europe-latest.json", 
      "min_elev": 827, 
      "uid": "f68e82a4-3081-4533-88fc-887a782f42c1"
    }, 
    {
      "max_elev": 2365, 
      "uid": "203dea11-ed27-4bf0-a9e2-cf35621941ae", 
      "area": 4.08, 
      "num_lifts": 23, 
      "source": "jsons/ski_area_elevations//europe-latest.json", 
      "min_elev": 1716, 
      "cumarea": 1656.5830551216193
    }
  ], 
  "end_x": 1659.5102314264177, 
  "num": 188, 
  "zoom": 11, 
  "start_x": 1650.7297540114632
}