{
  "shown": [
    {
      "max_elev": 149, 
      "uid": "39af98b2-ea61-4dc0-97a3-f824ff3d5437", 
      "area": 1.82, 
      "num_lifts": 1, 
      "source": "jsons/ski_area_elevations//europe-latest.json", 
      "min_elev": 97, 
      "cumarea": 16536.108773670385
    }, 
    {
      "max_elev": 149, 
      "uid": "705688be-ab7e-494e-8a90-42bf47d84dd2", 
      "area": 1.82, 
      "num_lifts": 1, 
      "source": "jsons/ski_area_elevations//europe-latest.json", 
      "min_elev": 97, 
      "cumarea": 16538.707610171474
    }, 
    {
      "max_elev": 149, 
      "uid": "07fd21c9-4b6b-487c-ab63-a08deae160ae", 
      "area": 1.82, 
      "num_lifts": 1, 
      "source": "jsons/ski_area_elevations//north-america-latest.json", 
      "min_elev": 141, 
      "cumarea": 16541.306446672563
    }
  ], 
  "end_x": 16542.41944977445, 
  "num": 1883, 
  "zoom": 11, 
  "start_x": 16533.6389723595
}