{
  "shown": [
    {
      "max_elev": 131, 
      "uid": "c66ee131-b85c-47b1-8dee-9baa4fc8bb64", 
      "area": 1.9300000000000002, 
      "num_lifts": 2, 
      "source": "jsons/ski_area_elevations//asia-latest.json", 
      "min_elev": 72, 
      "cumarea": 16711.048163706724
    }, 
    {
      "max_elev": 130, 
      "uid": "950320a7-14dd-4df0-940b-242efe29ce2a", 
      "area": 1.84, 
      "num_lifts": 3, 
      "source": "jsons/ski_area_elevations//europe-latest.json", 
      "min_elev": 109, 
      "cumarea": 16713.657929278346
    }, 
    {
      "max_elev": 130, 
      "uid": "6cbd7da8-9087-40d5-ba8d-3ec6c52427d2", 
      "area": 1.81, 
      "num_lifts": 1, 
      "source": "jsons/ski_area_elevations//europe-latest.json", 
      "min_elev": 126, 
      "cumarea": 16716.251256123625
    }
  ], 
  "end_x": 16718.02899807354, 
  "num": 1903, 
  "zoom": 11, 
  "start_x": 16709.248520658584
}