{
  "shown": [
    {
      "max_elev": 127, 
      "uid": "98641c9a-14b2-4be8-b621-94934936b598", 
      "area": 1.86, 
      "num_lifts": 1, 
      "source": "jsons/ski_area_elevations//asia-latest.json", 
      "min_elev": 122, 
      "cumarea": 16755.58246886051
    }, 
    {
      "max_elev": 126, 
      "uid": "0bc2da96-953a-4451-aa55-5803f995070c", 
      "area": 1.83, 
      "num_lifts": 2, 
      "source": "jsons/ski_area_elevations//europe-latest.json", 
      "min_elev": 100, 
      "cumarea": 16758.18678482736
    }, 
    {
      "max_elev": 126, 
      "uid": "d447b846-ea0a-4bd0-b0e2-726e508ff3d1", 
      "area": 1.81, 
      "num_lifts": 1, 
      "source": "jsons/ski_area_elevations//north-america-latest.json", 
      "min_elev": 88, 
      "cumarea": 16760.78011167264
    }
  ], 
  "end_x": 16761.93138514831, 
  "num": 1908, 
  "zoom": 11, 
  "start_x": 16753.150907733358
}