{
  "shown": [
    {
      "max_elev": 2354, 
      "uid": "49f62ff3-a7e3-46d6-8f41-67b493393bec", 
      "area": 2.29, 
      "num_lifts": 5, 
      "source": "jsons/ski_area_elevations//europe-latest.json", 
      "min_elev": 1949, 
      "cumarea": 1678.6955473212327
    }, 
    {
      "max_elev": 2353, 
      "cumarea": 1683.9944302253416, 
      "area": 1.96, 
      "num_lifts": 2, 
      "name": "Davos Klosters", 
      "source": "jsons/ski_area_elevations//europe-latest.json", 
      "min_elev": 1850, 
      "uid": "54f51665-c82c-4fac-bca6-bd34b77fae2f"
    }, 
    {
      "max_elev": 2354, 
      "uid": "9fcf8a06-e8e2-4cb0-be48-49dc85cb08db", 
      "area": 1.87, 
      "num_lifts": 1, 
      "source": "jsons/ski_area_elevations//europe-latest.json", 
      "min_elev": 1884, 
      "cumarea": 1681.321485752099
    }
  ], 
  "end_x": 1685.8516636712816, 
  "num": 191, 
  "zoom": 11, 
  "start_x": 1677.071186256327
}