{
  "shown": [
    {
      "max_elev": 120, 
      "uid": "fd3fdb71-3b21-44fa-b0a4-29ca457921fa", 
      "area": 1.9100000000000001, 
      "num_lifts": 3, 
      "source": "jsons/ski_area_elevations//europe-latest.json", 
      "min_elev": 33, 
      "cumarea": 16842.081862991592
    }, 
    {
      "max_elev": 120, 
      "uid": "95db71fa-5ea8-4ca7-a90f-6722bbb0dad3", 
      "area": 1.8800000000000001, 
      "num_lifts": 5, 
      "source": "jsons/ski_area_elevations//europe-latest.json", 
      "min_elev": 54, 
      "cumarea": 16844.713134768434
    }, 
    {
      "max_elev": 120, 
      "uid": "8ed7c853-8129-4603-988c-41f4f6979bb0", 
      "area": 1.82, 
      "num_lifts": 2, 
      "source": "jsons/ski_area_elevations//europe-latest.json", 
      "min_elev": 116, 
      "cumarea": 16847.311971269522
    }
  ], 
  "end_x": 16849.736159297863, 
  "num": 1918, 
  "zoom": 11, 
  "start_x": 16840.955681882908
}