{
  "shown": [
    {
      "max_elev": 107, 
      "uid": "28c7fd24-b43a-4048-8c97-93858163e015", 
      "area": 1.82, 
      "num_lifts": 1, 
      "source": "jsons/ski_area_elevations//europe-latest.json", 
      "min_elev": 97, 
      "cumarea": 16973.510356079118
    }, 
    {
      "max_elev": 107, 
      "uid": "37bcaf53-c332-439b-80c8-613bce284e90", 
      "area": 1.81, 
      "num_lifts": 1, 
      "source": "jsons/ski_area_elevations//europe-latest.json", 
      "min_elev": 92, 
      "cumarea": 16976.103682924397
    }, 
    {
      "max_elev": 107, 
      "uid": "c29add4c-f3d7-4a65-aec0-ea4062f13c55", 
      "area": 1.81, 
      "num_lifts": 1, 
      "source": "jsons/ski_area_elevations//asia-latest.json", 
      "min_elev": 62, 
      "cumarea": 16978.697009769676
    }, 
    {
      "max_elev": 107, 
      "uid": "346d5421-3ae7-46e0-b2e4-7408b5437257", 
      "area": 1.81, 
      "num_lifts": 1, 
      "source": "jsons/ski_area_elevations//asia-latest.json", 
      "min_elev": 89, 
      "cumarea": 16981.290336614955
    }
  ], 
  "end_x": 16981.44332052218, 
  "num": 1933, 
  "zoom": 11, 
  "start_x": 16972.662843107224
}