{
  "shown": [
    {
      "max_elev": 85, 
      "uid": "f385030f-8090-4960-89a4-c540c01a5a2a", 
      "area": 1.85, 
      "num_lifts": 1, 
      "source": "jsons/ski_area_elevations//asia-latest.json", 
      "min_elev": 40, 
      "cumarea": 17164.890103328744
    }, 
    {
      "max_elev": 85, 
      "uid": "595f3ca4-e290-4e47-bc90-6962d22333c2", 
      "area": 1.82, 
      "num_lifts": 1, 
      "source": "jsons/ski_area_elevations//europe-latest.json", 
      "min_elev": 20, 
      "cumarea": 17159.681590844375
    }, 
    {
      "max_elev": 86, 
      "uid": "166128a7-f005-49fa-9cda-b91fc2b59198", 
      "area": 1.81, 
      "num_lifts": 1, 
      "source": "jsons/ski_area_elevations//north-america-latest.json", 
      "min_elev": 85, 
      "cumarea": 17157.082754343286
    }, 
    {
      "max_elev": 85, 
      "uid": "3a68ed6d-4eac-44e5-8a15-7d6c0c6374ea", 
      "area": 1.81, 
      "num_lifts": 3, 
      "source": "jsons/ski_area_elevations//europe-latest.json", 
      "min_elev": 79, 
      "cumarea": 17162.274917689654
    }
  ], 
  "end_x": 17165.833346236228, 
  "num": 1954, 
  "zoom": 11, 
  "start_x": 17157.052868821273
}