{
  "shown": [
    {
      "max_elev": 2336, 
      "uid": "c4e24d84-2fef-475e-a0be-4be99a2278f6", 
      "area": 4.66, 
      "num_lifts": 18, 
      "source": "jsons/ski_area_elevations//europe-latest.json", 
      "min_elev": 985, 
      "cumarea": 1723.5006459981346
    }, 
    {
      "max_elev": 2334, 
      "uid": "785b7e59-2c55-4c22-a548-6d2c585dda3d", 
      "area": 3.02, 
      "num_lifts": 5, 
      "source": "jsons/ski_area_elevations//europe-latest.json", 
      "min_elev": 1811, 
      "cumarea": 1726.6059028295213
    }, 
    {
      "max_elev": 2334, 
      "uid": "b035f8b3-7984-4082-817c-f8ae8c139224", 
      "area": 2.0, 
      "num_lifts": 2, 
      "source": "jsons/ski_area_elevations//europe-latest.json", 
      "min_elev": 1507, 
      "cumarea": 1729.2990500100811
    }
  ], 
  "end_x": 1729.7540507460544, 
  "num": 196, 
  "zoom": 11, 
  "start_x": 1720.9735733311
}