{
  "shown": [
    {
      "max_elev": 65, 
      "uid": "6ceb722f-4f1d-4eb4-8751-eea18864b59d", 
      "area": 1.81, 
      "num_lifts": 1, 
      "source": "jsons/ski_area_elevations//europe-latest.json", 
      "min_elev": 38, 
      "cumarea": 17361.54213316129
    }, 
    {
      "max_elev": 65, 
      "uid": "b4255ad1-ec91-4d0a-8a5b-b80c8628ef64", 
      "area": 1.81, 
      "num_lifts": 2, 
      "source": "jsons/ski_area_elevations//europe-latest.json", 
      "min_elev": 48, 
      "cumarea": 17364.135460006568
    }, 
    {
      "max_elev": 65, 
      "uid": "3daa5c6b-5385-4fd8-81b3-4000512a4ea1", 
      "area": 1.8, 
      "num_lifts": 1, 
      "source": "jsons/ski_area_elevations//europe-latest.json", 
      "min_elev": 55, 
      "cumarea": 17366.72324667147
    }
  ], 
  "end_x": 17367.78432678018, 
  "num": 1977, 
  "zoom": 11, 
  "start_x": 17359.003849365225
}