{
  "shown": [
    {
      "max_elev": 62, 
      "uid": "293d0288-851a-47be-9f8c-99e05a08686c", 
      "area": 1.82, 
      "num_lifts": 3, 
      "source": "jsons/ski_area_elevations//europe-latest.json", 
      "min_elev": 53, 
      "cumarea": 17395.287490723822
    }, 
    {
      "max_elev": 62, 
      "uid": "e715e9fc-abf0-49e2-bfad-ba70abfd710e", 
      "area": 1.82, 
      "num_lifts": 1, 
      "source": "jsons/ski_area_elevations//europe-latest.json", 
      "min_elev": 60, 
      "cumarea": 17397.88632722491
    }, 
    {
      "max_elev": 62, 
      "uid": "90b9e13d-e759-4fc5-a35c-00b361d4743b", 
      "area": 1.81, 
      "num_lifts": 1, 
      "source": "jsons/ski_area_elevations//europe-latest.json", 
      "min_elev": 47, 
      "cumarea": 17400.47965407019
    }
  ], 
  "end_x": 17402.90623644, 
  "num": 1981, 
  "zoom": 11, 
  "start_x": 17394.125759025046
}