{
  "shown": [
    {
      "max_elev": 60, 
      "uid": "b8ec0bf8-69b3-4eb3-b342-4a8a4f0b200d", 
      "area": 1.8900000000000001, 
      "num_lifts": 1, 
      "source": "jsons/ski_area_elevations//asia-latest.json", 
      "min_elev": 56, 
      "cumarea": 17423.92300032462
    }, 
    {
      "max_elev": 59, 
      "uid": "286d9732-894f-4c6c-ba5c-a6ca0d7b3c03", 
      "area": 1.81, 
      "num_lifts": 2, 
      "source": "jsons/ski_area_elevations//europe-latest.json", 
      "min_elev": 33, 
      "cumarea": 17426.5163271699
    }, 
    {
      "max_elev": 59, 
      "uid": "802c2fae-4091-46a3-b3a6-4296652b28e0", 
      "area": 1.81, 
      "num_lifts": 4, 
      "source": "jsons/ski_area_elevations//europe-latest.json", 
      "min_elev": 43, 
      "cumarea": 17429.109654015178
    }, 
    {
      "max_elev": 60, 
      "uid": "1aa3bf69-7779-4e75-8a8a-e2b57f0f9179", 
      "area": 1.8, 
      "num_lifts": 1, 
      "source": "jsons/ski_area_elevations//europe-latest.json", 
      "min_elev": 60, 
      "cumarea": 17421.28642349555
    }
  ], 
  "end_x": 17429.24766868486, 
  "num": 1984, 
  "zoom": 11, 
  "start_x": 17420.46719126991
}