{
  "shown": [
    {
      "max_elev": 47, 
      "uid": "3328fc23-f27c-47c3-acd4-f55f5fdd3288", 
      "area": 1.87, 
      "num_lifts": 6, 
      "source": "jsons/ski_area_elevations//europe-latest.json", 
      "min_elev": 33, 
      "cumarea": 17504.370060074532
    }, 
    {
      "max_elev": 47, 
      "uid": "79d19c08-9921-4188-af17-5155df5bde1b", 
      "area": 1.84, 
      "num_lifts": 1, 
      "source": "jsons/ski_area_elevations//europe-latest.json", 
      "min_elev": 46, 
      "cumarea": 17506.979825646154
    }, 
    {
      "max_elev": 48, 
      "uid": "e64eed9b-ccd6-4924-9aac-6b7bf97da09c", 
      "area": 1.81, 
      "num_lifts": 2, 
      "source": "jsons/ski_area_elevations//europe-latest.json", 
      "min_elev": 19, 
      "cumarea": 17501.744121643667
    }
  ], 
  "end_x": 17508.27196541946, 
  "num": 1993, 
  "zoom": 11, 
  "start_x": 17499.491488004503
}