{
  "shown": [
    {
      "max_elev": 47, 
      "uid": "41cca40d-1057-49b6-b58e-239354f166fb", 
      "area": 1.96, 
      "num_lifts": 1, 
      "source": "jsons/ski_area_elevations//north-america-latest.json", 
      "min_elev": 1, 
      "cumarea": 17517.438260311043
    }, 
    {
      "max_elev": 46, 
      "uid": "9405b6c7-6896-4d5f-8710-c6a94bd09d40", 
      "area": 1.81, 
      "num_lifts": 1, 
      "source": "jsons/ski_area_elevations//europe-latest.json", 
      "min_elev": 38, 
      "cumarea": 17522.619373821224
    }, 
    {
      "max_elev": 46, 
      "uid": "8671fcf1-15ae-4b3e-84c9-f0696a503db9", 
      "area": 1.81, 
      "num_lifts": 1, 
      "source": "jsons/ski_area_elevations//europe-latest.json", 
      "min_elev": 26, 
      "cumarea": 17525.212700666503
    }, 
    {
      "max_elev": 47, 
      "uid": "9798089f-66c9-4f7a-a648-116ddab94c55", 
      "area": 1.8, 
      "num_lifts": 1, 
      "source": "jsons/ski_area_elevations//africa-latest.json", 
      "min_elev": 4, 
      "cumarea": 17520.026046975945
    }
  ], 
  "end_x": 17525.832920249366, 
  "num": 1995, 
  "zoom": 11, 
  "start_x": 17517.052442834414
}