{
  "shown": [
    {
      "max_elev": 45, 
      "uid": "dbde7e24-5d79-4651-b1b9-c077a6c1525e", 
      "area": 1.85, 
      "num_lifts": 1, 
      "source": "jsons/ski_area_elevations//europe-latest.json", 
      "min_elev": 45, 
      "cumarea": 17535.596786480677
    }, 
    {
      "max_elev": 45, 
      "uid": "2c9d38ae-6107-45f5-8aca-851cc8e909fd", 
      "area": 1.83, 
      "num_lifts": 3, 
      "source": "jsons/ski_area_elevations//europe-latest.json", 
      "min_elev": 11, 
      "cumarea": 17538.20110244753
    }, 
    {
      "max_elev": 45, 
      "uid": "ccf91df8-9352-4632-90bd-5ecd50abfbf5", 
      "area": 1.81, 
      "num_lifts": 2, 
      "source": "jsons/ski_area_elevations//europe-latest.json", 
      "min_elev": 25, 
      "cumarea": 17540.794429292808
    }
  ], 
  "end_x": 17543.393875079273, 
  "num": 1997, 
  "zoom": 11, 
  "start_x": 17534.613397664318
}