{
  "shown": [
    {
      "max_elev": 44, 
      "uid": "d4afcc0e-6928-4a7b-a819-f5662d31dc58", 
      "area": 2.1, 
      "num_lifts": 2, 
      "source": "jsons/ski_area_elevations//europe-latest.json", 
      "min_elev": 37, 
      "cumarea": 17543.536366637538
    }, 
    {
      "max_elev": 44, 
      "uid": "79e2f68f-5350-4e09-9eb3-b84ac9eb480c", 
      "area": 1.87, 
      "num_lifts": 6, 
      "source": "jsons/ski_area_elevations//europe-latest.json", 
      "min_elev": 11, 
      "cumarea": 17546.162305068403
    }, 
    {
      "max_elev": 44, 
      "uid": "e3afd3fe-01fe-4945-a088-5f6805db79b4", 
      "area": 1.84, 
      "num_lifts": 7, 
      "source": "jsons/ski_area_elevations//europe-latest.json", 
      "min_elev": 21, 
      "cumarea": 17548.772070640025
    }, 
    {
      "max_elev": 44, 
      "uid": "daa3d6e0-de7d-4dfc-9a56-5d0f08f9b7ec", 
      "area": 1.83, 
      "num_lifts": 0, 
      "source": "jsons/ski_area_elevations//europe-latest.json", 
      "min_elev": 44, 
      "cumarea": 17551.376386606877
    }
  ], 
  "end_x": 17552.17435249423, 
  "num": 1998, 
  "zoom": 11, 
  "start_x": 17543.393875079273
}