{
  "shown": [
    {
      "max_elev": 37, 
      "uid": "0d4362de-71aa-4110-bb1a-e7b9904037a7", 
      "area": 1.85, 
      "num_lifts": 2, 
      "source": "jsons/ski_area_elevations//europe-latest.json", 
      "min_elev": 30, 
      "cumarea": 17626.943518853186
    }, 
    {
      "max_elev": 37, 
      "uid": "612a225a-525e-42dc-8eb8-b3073118a998", 
      "area": 1.81, 
      "num_lifts": 3, 
      "source": "jsons/ski_area_elevations//europe-latest.json", 
      "min_elev": 31, 
      "cumarea": 17629.536845698465
    }, 
    {
      "max_elev": 38, 
      "uid": "f3bd076e-360c-4dcb-acdb-a64306bf87ef", 
      "area": 1.8, 
      "num_lifts": 1, 
      "source": "jsons/ski_area_elevations//europe-latest.json", 
      "min_elev": 38, 
      "cumarea": 17624.328333214096
    }
  ], 
  "end_x": 17631.19864922882, 
  "num": 2007, 
  "zoom": 11, 
  "start_x": 17622.418171813864
}