{
  "shown": [
    {
      "max_elev": 2307, 
      "cumarea": 1803.274182841126, 
      "area": 11.88, 
      "num_lifts": 119, 
      "name": "Obertauern", 
      "source": "jsons/ski_area_elevations//europe-latest.json", 
      "min_elev": 1632, 
      "uid": "90ccf184-c2a3-4aa0-853b-a026398a7dc3"
    }, 
    {
      "max_elev": 2306, 
      "uid": "76acb2ef-f7be-4758-950b-6b269ba49138", 
      "area": 2.4, 
      "num_lifts": 5, 
      "source": "jsons/ski_area_elevations//europe-latest.json", 
      "min_elev": 1785, 
      "cumarea": 1806.14965157848
    }
  ], 
  "end_x": 1808.7783474806458, 
  "num": 205, 
  "zoom": 11, 
  "start_x": 1799.9978700656911
}