{
  "shown": [
    {
      "max_elev": 2302, 
      "uid": "9301e97b-f241-4df0-9112-e3742a2e1b9b", 
      "area": 5.39, 
      "num_lifts": 16, 
      "source": "jsons/ski_area_elevations//europe-latest.json", 
      "min_elev": 1343, 
      "cumarea": 1827.857786986766
    }, 
    {
      "max_elev": 2300, 
      "uid": "37a9f0e6-6d95-4856-9fae-abfed83f5540", 
      "area": 2.04, 
      "num_lifts": 2, 
      "source": "jsons/ski_area_elevations//europe-latest.json", 
      "min_elev": 1546, 
      "cumarea": 1833.2436812678648
    }, 
    {
      "max_elev": 2302, 
      "uid": "ec7dae18-aba3-4870-9ccb-defc960c0354", 
      "area": 1.96, 
      "num_lifts": 1, 
      "source": "jsons/ski_area_elevations//europe-latest.json", 
      "min_elev": 654, 
      "cumarea": 1830.5307314600086
    }
  ], 
  "end_x": 1835.1197797255095, 
  "num": 208, 
  "zoom": 11, 
  "start_x": 1826.339302310555
}