{
  "shown": [
    {
      "max_elev": 2070, 
      "uid": "8bf593f9-34e0-4b2c-9dc6-3c7d6c981804", 
      "area": 4.29, 
      "num_lifts": 31, 
      "source": "jsons/ski_area_elevations//europe-latest.json", 
      "min_elev": 1433, 
      "cumarea": 2624.6737964358026
    }, 
    {
      "max_elev": 2071, 
      "uid": "bc6fe12e-8599-4b20-b212-b7b1dc6079a2", 
      "area": 2.27, 
      "num_lifts": 3, 
      "source": "jsons/ski_area_elevations//europe-latest.json", 
      "min_elev": 1280, 
      "cumarea": 2618.570406460804
    }, 
    {
      "max_elev": 2071, 
      "uid": "e667f5bc-ba31-4793-9daa-ce9a49c476fd", 
      "area": 1.9100000000000001, 
      "num_lifts": 1, 
      "source": "jsons/ski_area_elevations//asia-latest.json", 
      "min_elev": 1796, 
      "cumarea": 2621.2175097028626
    }
  ], 
  "end_x": 2625.3627470714227, 
  "num": 298, 
  "zoom": 11, 
  "start_x": 2616.5822696564683
}