{
  "shown": [
    {
      "max_elev": 2038, 
      "uid": "54f15ff1-0d21-441b-a3b2-4e3fec3df770", 
      "area": 3.01, 
      "num_lifts": 10, 
      "source": "jsons/ski_area_elevations//europe-latest.json", 
      "min_elev": 845, 
      "cumarea": 2766.6610425302465
    }, 
    {
      "max_elev": 2038, 
      "uid": "f42291c5-6113-4436-a3e2-0188bb02e350", 
      "area": 2.95, 
      "num_lifts": 14, 
      "source": "jsons/ski_area_elevations//europe-latest.json", 
      "min_elev": 1376, 
      "cumarea": 2769.7428477005983
    }, 
    {
      "max_elev": 2037, 
      "uid": "2e1b3b55-a782-457c-82e1-c5bb7a345fe4", 
      "area": 1.84, 
      "num_lifts": 1, 
      "source": "jsons/ski_area_elevations//europe-latest.json", 
      "min_elev": 1837, 
      "cumarea": 2772.352613272219
    }
  ], 
  "end_x": 2774.630863125651, 
  "num": 315, 
  "zoom": 11, 
  "start_x": 2765.850385710696
}