{
  "shown": [
    {
      "max_elev": 2005, 
      "uid": "0453f1e1-e182-4d66-98b7-81066af4430e", 
      "area": 2.02, 
      "num_lifts": 2, 
      "source": "jsons/ski_area_elevations//europe-latest.json", 
      "min_elev": 1376, 
      "cumarea": 2931.683407652615
    }, 
    {
      "max_elev": 2006, 
      "uid": "bb632da3-2389-4e4e-8521-9d6a84c44a35", 
      "area": 1.82, 
      "num_lifts": 3, 
      "source": "jsons/ski_area_elevations//europe-latest.json", 
      "min_elev": 1358, 
      "cumarea": 2926.3869832959244
    }, 
    {
      "max_elev": 2006, 
      "uid": "bc1566b5-6023-4d31-853e-2c928b7d0cdd", 
      "area": 1.81, 
      "num_lifts": 3, 
      "source": "jsons/ski_area_elevations//europe-latest.json", 
      "min_elev": 1358, 
      "cumarea": 2928.980310141202
    }
  ], 
  "end_x": 2932.679456594834, 
  "num": 333, 
  "zoom": 11, 
  "start_x": 2923.8989791798795
}