{
  "shown": [
    {
      "max_elev": 1961, 
      "uid": "b6d6a9f4-eb20-41db-86c5-caf66b292498", 
      "area": 2.25, 
      "num_lifts": 3, 
      "source": "jsons/ski_area_elevations//europe-latest.json", 
      "min_elev": 1688, 
      "cumarea": 3110.029609633235
    }, 
    {
      "max_elev": 1960, 
      "uid": "f31cd3c7-cb70-4461-9077-48093179ffaf", 
      "area": 2.12, 
      "num_lifts": 3, 
      "source": "jsons/ski_area_elevations//europe-latest.json", 
      "min_elev": 1516, 
      "cumarea": 3115.3907912935397
    }, 
    {
      "max_elev": 1961, 
      "uid": "b70a7543-f243-4e64-a4d4-ff7d6ea8c6ec", 
      "area": 1.84, 
      "num_lifts": 1, 
      "source": "jsons/ski_area_elevations//europe-latest.json", 
      "min_elev": 1608, 
      "cumarea": 3112.6393752048557
    }
  ], 
  "end_x": 3117.0694823088797, 
  "num": 354, 
  "zoom": 11, 
  "start_x": 3108.2890048939253
}