{
  "shown": [
    {
      "max_elev": 1900, 
      "cumarea": 3359.5004128727396, 
      "area": 5.9399999999999995, 
      "num_lifts": 37, 
      "name": "Gerlitzen", 
      "source": "jsons/ski_area_elevations//europe-latest.json", 
      "min_elev": 524, 
      "uid": "e963f70e-f21e-4f8a-a1f6-01ad2130ceb7"
    }, 
    {
      "max_elev": 1898, 
      "cumarea": 3362.592336173257, 
      "area": 2.98, 
      "num_lifts": 13, 
      "name": "Roubion les Buisses", 
      "source": "jsons/ski_area_elevations//europe-latest.json", 
      "min_elev": 1430, 
      "uid": "4ed22287-7551-4b01-a674-44d1d4297547"
    }, 
    {
      "max_elev": 1901, 
      "uid": "70af8780-9693-4266-ae17-66f05e6cdd7a", 
      "area": 1.96, 
      "num_lifts": 4, 
      "source": "jsons/ski_area_elevations//asia-latest.json", 
      "min_elev": 1573, 
      "cumarea": 3355.718703739365
    }
  ], 
  "end_x": 3362.9228499276087, 
  "num": 382, 
  "zoom": 11, 
  "start_x": 3354.142372512654
}