{
  "shown": [
    {
      "max_elev": 1883, 
      "uid": "6415bc86-c319-4fb2-91fe-943aff58c75e", 
      "area": 1.92, 
      "num_lifts": 1, 
      "source": "jsons/ski_area_elevations//north-america-latest.json", 
      "min_elev": 1760, 
      "cumarea": 3394.8515221868693
    }, 
    {
      "max_elev": 1883, 
      "uid": "f158cac3-6761-421d-8329-5c96e1c1e417", 
      "area": 1.85, 
      "num_lifts": 2, 
      "source": "jsons/ski_area_elevations//europe-latest.json", 
      "min_elev": 1472, 
      "cumarea": 3392.1991970008294
    }, 
    {
      "max_elev": 1884, 
      "uid": "e1a2b984-641a-4b58-b13d-8ff4b2a776f2", 
      "area": 1.82, 
      "num_lifts": 1, 
      "source": "jsons/ski_area_elevations//europe-latest.json", 
      "min_elev": 1579, 
      "cumarea": 3389.584011361739
    }, 
    {
      "max_elev": 1883, 
      "uid": "6fff795d-7eb9-4bf8-a236-a7fd8e5f8e1a", 
      "area": 1.82, 
      "num_lifts": 1, 
      "source": "jsons/ski_area_elevations//asia-latest.json", 
      "min_elev": 1866, 
      "cumarea": 3397.4503586879578
    }
  ], 
  "end_x": 3398.0447595874266, 
  "num": 386, 
  "zoom": 11, 
  "start_x": 3389.264282172472
}