{
  "shown": [
    {
      "max_elev": 1877, 
      "cumarea": 3422.337211954918, 
      "area": 16.9, 
      "num_lifts": 129, 
      "name": "Dienten - Hochk\u00f6nig", 
      "source": "jsons/ski_area_elevations//europe-latest.json", 
      "min_elev": 830, 
      "uid": "aba0d8ca-0826-4136-bdcb-b4d742f05bc4"
    }, 
    {
      "max_elev": 1878, 
      "uid": "e9a328b2-a10f-4622-97eb-c52f0ec54dfd", 
      "area": 1.85, 
      "num_lifts": 1, 
      "source": "jsons/ski_area_elevations//asia-latest.json", 
      "min_elev": 1709, 
      "cumarea": 3417.509898332989
    }
  ], 
  "end_x": 3424.386191832291, 
  "num": 389, 
  "zoom": 11, 
  "start_x": 3415.6057144173365
}