{
  "shown": [
    {
      "max_elev": 1857, 
      "uid": "a946ced8-9959-4eb4-adbb-edeceaad266d", 
      "area": 4.49, 
      "num_lifts": 23, 
      "source": "jsons/ski_area_elevations//europe-latest.json", 
      "min_elev": 996, 
      "cumarea": 3541.8851171807005
    }, 
    {
      "max_elev": 1857, 
      "uid": "59eeb911-7579-460b-937f-0c3e630f6e79", 
      "area": 2.6100000000000003, 
      "num_lifts": 9, 
      "source": "jsons/ski_area_elevations//europe-latest.json", 
      "min_elev": 1425, 
      "cumarea": 3544.844467402035
    }
  ], 
  "end_x": 3547.312875641655, 
  "num": 403, 
  "zoom": 11, 
  "start_x": 3538.5323982267
}