{
  "shown": [
    {
      "max_elev": 1849, 
      "uid": "ea6b1f90-b8a0-469b-8333-e2410772c851", 
      "area": 2.09, 
      "num_lifts": 1, 
      "source": "jsons/ski_area_elevations//europe-latest.json", 
      "min_elev": 1490, 
      "cumarea": 3569.9892215832087
    }, 
    {
      "max_elev": 1851, 
      "uid": "16698ac6-0af4-47e5-ac27-a92514a692ab", 
      "area": 1.92, 
      "num_lifts": 1, 
      "source": "jsons/ski_area_elevations//europe-latest.json", 
      "min_elev": 786, 
      "cumarea": 3567.252057517232
    }, 
    {
      "max_elev": 1849, 
      "uid": "ed84cb48-4b04-4623-a394-0de793433786", 
      "area": 1.84, 
      "num_lifts": 1, 
      "source": "jsons/ski_area_elevations//europe-latest.json", 
      "min_elev": 1617, 
      "cumarea": 3572.5989871548295
    }
  ], 
  "end_x": 3573.654307886519, 
  "num": 406, 
  "zoom": 11, 
  "start_x": 3564.8738304715644
}