{
  "shown": [
    {
      "max_elev": 1779, 
      "uid": "389af296-9ecc-4e37-b370-27ba581355ae", 
      "area": 2.56, 
      "num_lifts": 7, 
      "source": "jsons/ski_area_elevations//europe-latest.json", 
      "min_elev": 1381, 
      "cumarea": 3980.935608228671
    }, 
    {
      "max_elev": 1779, 
      "uid": "f006b3b9-f649-47cd-b1ed-6305eee111f1", 
      "area": 2.48, 
      "num_lifts": 11, 
      "source": "jsons/ski_area_elevations//europe-latest.json", 
      "min_elev": 1500, 
      "cumarea": 3983.8438667888477
    }, 
    {
      "max_elev": 1780, 
      "uid": "7f8fede5-505b-4b9a-a72a-e56477fcca21", 
      "area": 1.8900000000000001, 
      "num_lifts": 1, 
      "source": "jsons/ski_area_elevations//europe-latest.json", 
      "min_elev": 885, 
      "cumarea": 3977.9956009701796
    }
  ], 
  "end_x": 3986.3367463893846, 
  "num": 453, 
  "zoom": 11, 
  "start_x": 3977.55626897443
}