{
  "shown": [
    {
      "max_elev": 1756, 
      "cumarea": 4089.4256025771333, 
      "area": 11.190000000000001, 
      "num_lifts": 89, 
      "name": "Tarvisio", 
      "source": "jsons/ski_area_elevations//europe-latest.json", 
      "min_elev": 757, 
      "uid": "e101ec71-7a1e-407c-af9f-a0387aac542c"
    }, 
    {
      "max_elev": 1757, 
      "uid": "487e4e43-9b88-4276-b76f-79ef8ad8900d", 
      "area": 1.81, 
      "num_lifts": 1, 
      "source": "jsons/ski_area_elevations//europe-latest.json", 
      "min_elev": 1724, 
      "cumarea": 4085.0105820548097
    }
  ], 
  "end_x": 4091.7024753688397, 
  "num": 465, 
  "zoom": 11, 
  "start_x": 4082.921997953885
}