{
  "shown": [
    {
      "max_elev": 1719, 
      "uid": "c5d19bd7-47b3-42f0-bb3d-d2cb461e83fb", 
      "area": 2.88, 
      "num_lifts": 21, 
      "source": "jsons/ski_area_elevations//europe-latest.json", 
      "min_elev": 1477, 
      "cumarea": 4277.432247412552
    }, 
    {
      "max_elev": 1719, 
      "uid": "4e3d0ee8-664c-4815-b4b5-5d4c8210bcb1", 
      "area": 1.96, 
      "num_lifts": 1, 
      "source": "jsons/ski_area_elevations//europe-latest.json", 
      "min_elev": 1306, 
      "cumarea": 4280.105191885795
    }, 
    {
      "max_elev": 1719, 
      "uid": "252939ef-b282-489e-b685-6f188acebe8f", 
      "area": 1.9000000000000001, 
      "num_lifts": 3, 
      "source": "jsons/ski_area_elevations//europe-latest.json", 
      "min_elev": 1554, 
      "cumarea": 4282.747045771967
    }
  ], 
  "end_x": 4284.87297849784, 
  "num": 487, 
  "zoom": 11, 
  "start_x": 4276.092501082886
}