{
  "shown": [
    {
      "max_elev": 1670, 
      "uid": "64aee3d3-adbb-45e9-a558-22c635a3df4c", 
      "area": 3.84, 
      "num_lifts": 18, 
      "source": "jsons/ski_area_elevations//europe-latest.json", 
      "min_elev": 752, 
      "cumarea": 4521.639077973763
    }, 
    {
      "max_elev": 1671, 
      "uid": "85c4b90a-6f09-46db-8188-21d2c1728bc4", 
      "area": 3.37, 
      "num_lifts": 9, 
      "source": "jsons/ski_area_elevations//europe-latest.json", 
      "min_elev": 954, 
      "cumarea": 4518.293605607163
    }, 
    {
      "max_elev": 1672, 
      "uid": "1c8fb2b0-41cd-4316-8d78-2b5aefd88ce1", 
      "area": 1.84, 
      "num_lifts": 1, 
      "source": "jsons/ski_area_elevations//asia-latest.json", 
      "min_elev": 1374, 
      "cumarea": 4515.078692862799
    }
  ], 
  "end_x": 4521.945868701615, 
  "num": 514, 
  "zoom": 11, 
  "start_x": 4513.16539128666
}