{
  "shown": [
    {
      "max_elev": 1662, 
      "uid": "eb36f740-0a17-429b-8904-e523e4bf5a53", 
      "area": 2.77, 
      "num_lifts": 9, 
      "source": "jsons/ski_area_elevations//europe-latest.json", 
      "min_elev": 832, 
      "cumarea": 4567.810818064668
    }, 
    {
      "max_elev": 1662, 
      "uid": "7da69c80-ebd1-4cda-8bd6-2fbbea740a77", 
      "area": 2.02, 
      "num_lifts": 3, 
      "source": "jsons/ski_area_elevations//europe-latest.json", 
      "min_elev": 1431, 
      "cumarea": 4570.513915576081
    }, 
    {
      "max_elev": 1662, 
      "uid": "f46ed9e8-34b6-45db-a211-aa83faa26124", 
      "area": 1.85, 
      "num_lifts": 1, 
      "source": "jsons/ski_area_elevations//europe-latest.json", 
      "min_elev": 1565, 
      "cumarea": 4573.129101215171
    }
  ], 
  "end_x": 4574.628733191342, 
  "num": 520, 
  "zoom": 11, 
  "start_x": 4565.848255776387
}