{
  "shown": [
    {
      "max_elev": 1653, 
      "uid": "b3bb29a1-dc7e-4319-9ff7-87c374eaa081", 
      "area": 5.26, 
      "num_lifts": 21, 
      "source": "jsons/ski_area_elevations//europe-latest.json", 
      "min_elev": 1017, 
      "cumarea": 4630.114907881835
    }, 
    {
      "max_elev": 1653, 
      "uid": "0929866c-c39d-4745-a65a-4174870d6186", 
      "area": 2.96, 
      "num_lifts": 7, 
      "source": "jsons/ski_area_elevations//europe-latest.json", 
      "min_elev": 1163, 
      "cumarea": 4633.200097150171
    }, 
    {
      "max_elev": 1651, 
      "uid": "1f125c3f-5f0d-4f8b-b2bb-1991ec0e7565", 
      "area": 2.16, 
      "num_lifts": 2, 
      "source": "jsons/ski_area_elevations//europe-latest.json", 
      "min_elev": 933, 
      "cumarea": 4635.970205371867
    }
  ], 
  "end_x": 4636.092075096025, 
  "num": 527, 
  "zoom": 11, 
  "start_x": 4627.31159768107
}