{
  "shown": [
    {
      "max_elev": 1637, 
      "uid": "87942b70-3424-4046-82a1-7321689c2701", 
      "area": 2.79, 
      "num_lifts": 4, 
      "source": "jsons/ski_area_elevations//europe-latest.json", 
      "min_elev": 1351, 
      "cumarea": 4704.3970019302205
    }, 
    {
      "max_elev": 1638, 
      "uid": "8a8f237c-b72e-4993-9323-7338c1f03ac4", 
      "area": 2.3, 
      "num_lifts": 15, 
      "source": "jsons/ski_area_elevations//europe-latest.json", 
      "min_elev": 1259, 
      "cumarea": 4698.755774695296
    }, 
    {
      "max_elev": 1638, 
      "uid": "901db389-6ffe-44bc-a41f-1f4dae3e38a4", 
      "area": 1.85, 
      "num_lifts": 1, 
      "source": "jsons/ski_area_elevations//europe-latest.json", 
      "min_elev": 1468, 
      "cumarea": 4701.370960334387
    }
  ], 
  "end_x": 4706.335894415662, 
  "num": 535, 
  "zoom": 11, 
  "start_x": 4697.555417000707
}