{
  "shown": [
    {
      "max_elev": 1591, 
      "uid": "f2ee07b4-0f79-4de8-b2a3-1f29a2aa5954", 
      "area": 3.8099999999999996, 
      "num_lifts": 16, 
      "source": "jsons/ski_area_elevations//europe-latest.json", 
      "min_elev": 1116, 
      "cumarea": 4935.97423948456
    }, 
    {
      "max_elev": 1589, 
      "uid": "c08319ae-d952-4aef-83a7-49f9280c0b9e", 
      "area": 2.52, 
      "num_lifts": 17, 
      "source": "jsons/ski_area_elevations//europe-latest.json", 
      "min_elev": 1287, 
      "cumarea": 4938.898498386083
    }, 
    {
      "max_elev": 1588, 
      "uid": "99dda5c7-667a-439a-8359-51306b2f165f", 
      "area": 2.47, 
      "num_lifts": 5, 
      "source": "jsons/ski_area_elevations//europe-latest.json", 
      "min_elev": 1236, 
      "cumarea": 4941.802716536723
    }
  ], 
  "end_x": 4943.408784619435, 
  "num": 562, 
  "zoom": 11, 
  "start_x": 4934.628307204481
}