{
  "shown": [
    {
      "max_elev": 1588, 
      "uid": "78dca11a-07df-4289-9bca-484445b5fc12", 
      "area": 2.27, 
      "num_lifts": 2, 
      "source": "jsons/ski_area_elevations//europe-latest.json", 
      "min_elev": 1113, 
      "cumarea": 4944.622496368216
    }, 
    {
      "max_elev": 1588, 
      "uid": "6a5aecb9-7bbe-462c-9dd8-b1422af8f482", 
      "area": 2.2, 
      "num_lifts": 7, 
      "source": "jsons/ski_area_elevations//north-america-latest.json", 
      "min_elev": 1236, 
      "cumarea": 4947.41095372858
    }, 
    {
      "max_elev": 1587, 
      "uid": "8a63faa8-09e6-4a8e-9e97-f0aabf9324d6", 
      "area": 1.97, 
      "num_lifts": 1, 
      "source": "jsons/ski_area_elevations//asia-latest.json", 
      "min_elev": 1103, 
      "cumarea": 4950.088987271331
    }
  ], 
  "end_x": 4952.18926203439, 
  "num": 563, 
  "zoom": 11, 
  "start_x": 4943.408784619435
}