{
  "shown": [
    {
      "max_elev": 1540, 
      "uid": "e1a52c01-82e2-476e-a58e-7ccf284a6bab", 
      "area": 3.46, 
      "num_lifts": 25, 
      "source": "jsons/ski_area_elevations//europe-latest.json", 
      "min_elev": 1277, 
      "cumarea": 5182.361667604278
    }, 
    {
      "max_elev": 1540, 
      "uid": "954f035e-46d0-40de-abf6-cecbf57b8417", 
      "area": 1.85, 
      "num_lifts": 2, 
      "source": "jsons/ski_area_elevations//europe-latest.json", 
      "min_elev": 1164, 
      "cumarea": 5184.976853243369
    }, 
    {
      "max_elev": 1538, 
      "uid": "57be9022-09fc-4cad-b03d-64e152b4ad7f", 
      "area": 1.81, 
      "num_lifts": 1, 
      "source": "jsons/ski_area_elevations//europe-latest.json", 
      "min_elev": 1504, 
      "cumarea": 5187.570180088647
    }
  ], 
  "end_x": 5189.262152238164, 
  "num": 590, 
  "zoom": 11, 
  "start_x": 5180.48167482321
}