{
  "shown": [
    {
      "max_elev": 1510, 
      "uid": "21fe8ab6-79d4-46bd-8283-b916303a556f", 
      "area": 1.97, 
      "num_lifts": 4, 
      "source": "jsons/ski_area_elevations//europe-latest.json", 
      "min_elev": 1250, 
      "cumarea": 5337.4035232975775
    }, 
    {
      "max_elev": 1511, 
      "uid": "bd857b28-aed7-4126-84ed-007786d8b904", 
      "area": 1.87, 
      "num_lifts": 3, 
      "source": "jsons/ski_area_elevations//europe-latest.json", 
      "min_elev": 1246, 
      "cumarea": 5332.110304115737
    }, 
    {
      "max_elev": 1511, 
      "uid": "3bd3fd4b-7272-4846-a6c4-7d8c70af241c", 
      "area": 1.85, 
      "num_lifts": 1, 
      "source": "jsons/ski_area_elevations//europe-latest.json", 
      "min_elev": 1018, 
      "cumarea": 5334.725489754827
    }
  ], 
  "end_x": 5338.530268292392, 
  "num": 607, 
  "zoom": 11, 
  "start_x": 5329.749790877438
}