{
  "shown": [
    {
      "max_elev": 1510, 
      "uid": "12e9b897-6488-47ea-8625-25dfcd81a525", 
      "area": 1.86, 
      "num_lifts": 1, 
      "source": "jsons/ski_area_elevations//europe-latest.json", 
      "min_elev": 1041, 
      "cumarea": 5340.0240997853025
    }, 
    {
      "max_elev": 1510, 
      "uid": "ee8760bf-d810-4f49-9bc7-93a7a9265f8f", 
      "area": 1.85, 
      "num_lifts": 2, 
      "source": "jsons/ski_area_elevations//europe-latest.json", 
      "min_elev": 1272, 
      "cumarea": 5342.639285424393
    }, 
    {
      "max_elev": 1510, 
      "uid": "70328018-13bc-424d-a962-5cac5a6563b4", 
      "area": 1.82, 
      "num_lifts": 1, 
      "source": "jsons/ski_area_elevations//europe-latest.json", 
      "min_elev": 1323, 
      "cumarea": 5345.238121925482
    }
  ], 
  "end_x": 5347.3107457073465, 
  "num": 608, 
  "zoom": 11, 
  "start_x": 5338.530268292392
}