{
  "shown": [
    {
      "max_elev": 1492, 
      "uid": "d7823a29-725f-4f16-863a-68350f104eb0", 
      "area": 2.17, 
      "num_lifts": 3, 
      "source": "jsons/ski_area_elevations//europe-latest.json", 
      "min_elev": 1299, 
      "cumarea": 5445.481782019414
    }, 
    {
      "max_elev": 1490, 
      "uid": "8073ee34-ddbe-421b-9ca6-d6744f7909d6", 
      "area": 1.87, 
      "num_lifts": 1, 
      "source": "jsons/ski_area_elevations//europe-latest.json", 
      "min_elev": 980, 
      "cumarea": 5448.107720450281
    }, 
    {
      "max_elev": 1490, 
      "uid": "80d2b74e-29be-46a1-b781-2aa0264fc90a", 
      "area": 1.85, 
      "num_lifts": 1, 
      "source": "jsons/ski_area_elevations//asia-latest.json", 
      "min_elev": 932, 
      "cumarea": 5450.7229060893715
    }
  ], 
  "end_x": 5452.676474686802, 
  "num": 620, 
  "zoom": 11, 
  "start_x": 5443.895997271848
}