{
  "shown": [
    {
      "max_elev": 1423, 
      "uid": "84756e6e-8924-4ccd-a227-8fd75689faf9", 
      "area": 2.04, 
      "num_lifts": 1, 
      "source": "jsons/ski_area_elevations//asia-latest.json", 
      "min_elev": 1182, 
      "cumarea": 5799.566768190528
    }, 
    {
      "max_elev": 1423, 
      "uid": "4c76bb81-7097-47f8-b45c-25da75bbd3d6", 
      "area": 2.0100000000000002, 
      "num_lifts": 4, 
      "source": "jsons/ski_area_elevations//north-america-latest.json", 
      "min_elev": 1268, 
      "cumarea": 5796.853818382672
    }, 
    {
      "max_elev": 1422, 
      "uid": "0c99ce46-b4a9-48ec-b6e4-77d3f822e628", 
      "area": 1.97, 
      "num_lifts": 6, 
      "source": "jsons/ski_area_elevations//europe-latest.json", 
      "min_elev": 1276, 
      "cumarea": 5802.244801733278
    }
  ], 
  "end_x": 5803.895571284985, 
  "num": 660, 
  "zoom": 11, 
  "start_x": 5795.11509387003
}