{
  "shown": [
    {
      "max_elev": 1399, 
      "uid": "6a7b5d04-7847-4907-99f8-016d62122899", 
      "area": 2.12, 
      "num_lifts": 2, 
      "source": "jsons/ski_area_elevations//europe-latest.json", 
      "min_elev": 1054, 
      "cumarea": 5901.070840188386
    }, 
    {
      "max_elev": 1399, 
      "uid": "2f3a557d-3a8c-4098-b674-0022574204ab", 
      "area": 2.04, 
      "num_lifts": 8, 
      "source": "jsons/ski_area_elevations//europe-latest.json", 
      "min_elev": 977, 
      "cumarea": 5903.7837899962415
    }, 
    {
      "max_elev": 1399, 
      "uid": "5f00da33-12e0-484a-b86b-381b92267256", 
      "area": 1.9000000000000001, 
      "num_lifts": 1, 
      "source": "jsons/ski_area_elevations//asia-latest.json", 
      "min_elev": 954, 
      "cumarea": 5909.035409454035
    }, 
    {
      "max_elev": 1399, 
      "uid": "4b92d3d8-67a2-498d-9d57-3855d4dde3bf", 
      "area": 1.84, 
      "num_lifts": 1, 
      "source": "jsons/ski_area_elevations//europe-latest.json", 
      "min_elev": 1236, 
      "cumarea": 5906.393555567863
    }
  ], 
  "end_x": 5909.26130026444, 
  "num": 672, 
  "zoom": 11, 
  "start_x": 5900.480822849486
}