{
  "shown": [
    {
      "max_elev": 1381, 
      "uid": "87e69e47-89c0-4e2f-a651-0bbd6c7a0b6d", 
      "area": 3.1100000000000003, 
      "num_lifts": 9, 
      "source": "jsons/ski_area_elevations//europe-latest.json", 
      "min_elev": 1064, 
      "cumarea": 6021.414538256196
    }, 
    {
      "max_elev": 1382, 
      "uid": "8028b64f-f181-402c-b5bc-7a82331d77ae", 
      "area": 1.9000000000000001, 
      "num_lifts": 1, 
      "source": "jsons/ski_area_elevations//europe-latest.json", 
      "min_elev": 655, 
      "cumarea": 6015.6810790289155
    }, 
    {
      "max_elev": 1382, 
      "uid": "721d5da0-7dc1-4067-8785-c205dc3d074a", 
      "area": 1.82, 
      "num_lifts": 1, 
      "source": "jsons/ski_area_elevations//europe-latest.json", 
      "min_elev": 1244, 
      "cumarea": 6018.2799155300045
    }
  ], 
  "end_x": 6023.40750665885, 
  "num": 685, 
  "zoom": 11, 
  "start_x": 6014.627029243896
}