{
  "shown": [
    {
      "max_elev": 3822, 
      "cumarea": 68.16702939406306, 
      "area": 8.98, 
      "num_lifts": 19, 
      "name": "Snowmass", 
      "source": "jsons/ski_area_elevations//north-america-latest.json", 
      "min_elev": 2473, 
      "uid": "dc632447-315f-43f7-b2ce-b6c524b50aee"
    }, 
    {
      "max_elev": 3845, 
      "uid": "c13a3dcd-1175-4359-89a4-7244e11c259a", 
      "area": 2.73, 
      "num_lifts": 5, 
      "source": "jsons/ski_area_elevations//asia-latest.json", 
      "min_elev": 1912, 
      "cumarea": 63.97202951174896
    }
  ], 
  "end_x": 70.24381931963673, 
  "num": 7, 
  "zoom": 11, 
  "start_x": 61.46334190468214
}