{
  "shown": [
    {
      "max_elev": 1336, 
      "cumarea": 6232.4012222264255, 
      "area": 5.97, 
      "num_lifts": 97, 
      "name": "Whiteface Mtn", 
      "source": "jsons/ski_area_elevations//north-america-latest.json", 
      "min_elev": 371, 
      "uid": "5b8860e6-4aa1-4a3e-a743-593e4700e345"
    }, 
    {
      "max_elev": 1336, 
      "uid": "eb12fe56-776a-4002-9377-e07f889731ba", 
      "area": 2.3, 
      "num_lifts": 4, 
      "source": "jsons/ski_area_elevations//europe-latest.json", 
      "min_elev": 977, 
      "cumarea": 6225.863059210337
    }, 
    {
      "max_elev": 1336, 
      "uid": "2b22c153-f97a-4386-b824-1330f79f0746", 
      "area": 2.12, 
      "num_lifts": 2, 
      "source": "jsons/ski_area_elevations//europe-latest.json", 
      "min_elev": 1151, 
      "cumarea": 6228.614475299021
    }
  ], 
  "end_x": 6234.1389646177595, 
  "num": 709, 
  "zoom": 11, 
  "start_x": 6225.358487202805
}