{
  "shown": [
    {
      "max_elev": 2880, 
      "cumarea": 628.170790233101, 
      "area": 15.63, 
      "num_lifts": 95, 
      "name": "Crans-Montana", 
      "source": "jsons/ski_area_elevations//europe-latest.json", 
      "min_elev": 1431, 
      "uid": "e33f2f8a-b8c2-4895-9b82-ce6dd2022259"
    }, 
    {
      "max_elev": 2881, 
      "cumarea": 623.4215980886676, 
      "area": 9.06, 
      "num_lifts": 28, 
      "name": "Madesimo", 
      "source": "jsons/ski_area_elevations//europe-latest.json", 
      "min_elev": 1542, 
      "uid": "d3c23e02-199f-4449-97bb-d9ab180aa616"
    }
  ], 
  "end_x": 632.1943738767307, 
  "num": 71, 
  "zoom": 11, 
  "start_x": 623.4138964617761
}