{
  "shown": [
    {
      "max_elev": 1333, 
      "uid": "ce8235ea-1255-497c-a26c-2c322f1e84a1", 
      "area": 1.92, 
      "num_lifts": 2, 
      "source": "jsons/ski_area_elevations//north-america-latest.json", 
      "min_elev": 1146, 
      "cumarea": 6248.150203085371
    }, 
    {
      "max_elev": 1333, 
      "uid": "89c06437-fef7-407b-af34-f89e6312cd23", 
      "area": 1.84, 
      "num_lifts": 1, 
      "source": "jsons/ski_area_elevations//africa-latest.json", 
      "min_elev": 1294, 
      "cumarea": 6250.759968656992
    }, 
    {
      "max_elev": 1333, 
      "uid": "62db8734-0a90-40b9-9fe6-6e33eceeec1c", 
      "area": 1.83, 
      "num_lifts": 1, 
      "source": "jsons/ski_area_elevations//europe-latest.json", 
      "min_elev": 1194, 
      "cumarea": 6245.497877899331
    }
  ], 
  "end_x": 6251.699919447669, 
  "num": 711, 
  "zoom": 11, 
  "start_x": 6242.919442032715
}