{
  "shown": [
    {
      "max_elev": 1330, 
      "uid": "20ae9a5b-d210-44d6-ac88-af9e02605edb", 
      "area": 1.81, 
      "num_lifts": 1, 
      "source": "jsons/ski_area_elevations//europe-latest.json", 
      "min_elev": 1159, 
      "cumarea": 6279.337363724865
    }, 
    {
      "max_elev": 1330, 
      "uid": "79380967-8623-4df4-8e24-15664c010d09", 
      "area": 1.81, 
      "num_lifts": 1, 
      "source": "jsons/ski_area_elevations//europe-latest.json", 
      "min_elev": 1262, 
      "cumarea": 6281.930690570143
    }, 
    {
      "max_elev": 1329, 
      "uid": "4ba8ce12-a1d8-4465-a38a-00da4e5b2d6a", 
      "area": 1.81, 
      "num_lifts": 1, 
      "source": "jsons/ski_area_elevations//europe-latest.json", 
      "min_elev": 1291, 
      "cumarea": 6284.524017415421
    }
  ], 
  "end_x": 6286.821829107488, 
  "num": 715, 
  "zoom": 11, 
  "start_x": 6278.041351692534
}