{
  "shown": [
    {
      "max_elev": 1304, 
      "uid": "df0faff8-8bff-49af-82d8-27b4ae50316a", 
      "area": 2.02, 
      "num_lifts": 3, 
      "source": "jsons/ski_area_elevations//europe-latest.json", 
      "min_elev": 1120, 
      "cumarea": 6419.96991854618
    }, 
    {
      "max_elev": 1303, 
      "uid": "e8db42a7-260d-4f91-be20-9e6b3e7c8072", 
      "area": 1.86, 
      "num_lifts": 1, 
      "source": "jsons/ski_area_elevations//europe-latest.json", 
      "min_elev": 1022, 
      "cumarea": 6422.590495033905
    }, 
    {
      "max_elev": 1303, 
      "uid": "fc96a92a-6a34-4cd3-9763-92d4c26724ac", 
      "area": 1.84, 
      "num_lifts": 2, 
      "source": "jsons/ski_area_elevations//europe-latest.json", 
      "min_elev": 1256, 
      "cumarea": 6425.200260605527
    }
  ], 
  "end_x": 6427.309467746762, 
  "num": 731, 
  "zoom": 11, 
  "start_x": 6418.528990331807
}