{
  "shown": [
    {
      "max_elev": 1237, 
      "uid": "12098036-8e7d-4307-8bf2-f9fb7033dbcb", 
      "area": 4.53, 
      "num_lifts": 35, 
      "source": "jsons/ski_area_elevations//europe-latest.json", 
      "min_elev": 763, 
      "cumarea": 6785.157562501323
    }, 
    {
      "max_elev": 1238, 
      "uid": "f5fdd4a6-2733-4fdd-9d36-f7c234bcf4e6", 
      "area": 1.82, 
      "num_lifts": 1, 
      "source": "jsons/ski_area_elevations//europe-latest.json", 
      "min_elev": 1180, 
      "cumarea": 6779.05351371655
    }, 
    {
      "max_elev": 1238, 
      "uid": "1bb58136-cd21-4d8d-9a32-5ac629ffdbbe", 
      "area": 1.81, 
      "num_lifts": 1, 
      "source": "jsons/ski_area_elevations//europe-latest.json", 
      "min_elev": 1156, 
      "cumarea": 6781.646840561828
    }
  ], 
  "end_x": 6787.309041759899, 
  "num": 772, 
  "zoom": 11, 
  "start_x": 6778.528564344944
}