{
  "shown": [
    {
      "max_elev": 1234, 
      "uid": "d38ac6b8-ae06-4b42-b67b-4fd7f40b7913", 
      "area": 2.65, 
      "num_lifts": 10, 
      "source": "jsons/ski_area_elevations//europe-latest.json", 
      "min_elev": 677, 
      "cumarea": 6814.723230681964
    }, 
    {
      "max_elev": 1233, 
      "uid": "433d45f1-898e-40d5-bd8d-d0ca851d245d", 
      "area": 1.82, 
      "num_lifts": 1, 
      "source": "jsons/ski_area_elevations//europe-latest.json", 
      "min_elev": 1175, 
      "cumarea": 6819.915394028331
    }, 
    {
      "max_elev": 1234, 
      "uid": "270806ee-ca03-408a-9a5c-77cefa104987", 
      "area": 1.81, 
      "num_lifts": 1, 
      "source": "jsons/ski_area_elevations//europe-latest.json", 
      "min_elev": 1190, 
      "cumarea": 6817.316557527242
    }
  ], 
  "end_x": 6822.4309514197175, 
  "num": 776, 
  "zoom": 11, 
  "start_x": 6813.650474004763
}