{
  "shown": [
    {
      "max_elev": 1217, 
      "uid": "11b681b5-a06c-4c46-bede-fbcd15f7469d", 
      "area": 3.3200000000000003, 
      "num_lifts": 7, 
      "source": "jsons/ski_area_elevations//europe-latest.json", 
      "min_elev": 668, 
      "cumarea": 6930.291890047817
    }, 
    {
      "max_elev": 1217, 
      "cumarea": 6933.019438655095, 
      "area": 2.0700000000000003, 
      "num_lifts": 3, 
      "name": "Garmisch-Classic", 
      "source": "jsons/ski_area_elevations//europe-latest.json", 
      "min_elev": 734, 
      "uid": "7e11196d-9d86-46a4-baa0-8c2fcdb79c56"
    }
  ], 
  "end_x": 6936.577157814127, 
  "num": 789, 
  "zoom": 11, 
  "start_x": 6927.796680399172
}