{
  "shown": [
    {
      "max_elev": 1200, 
      "uid": "18916cb1-d806-460d-9f90-fbb1cbbdcec1", 
      "area": 2.24, 
      "num_lifts": 2, 
      "source": "jsons/ski_area_elevations//europe-latest.json", 
      "min_elev": 684, 
      "cumarea": 7035.782358950502
    }, 
    {
      "max_elev": 1199, 
      "uid": "6bf6f7a7-f0e8-421c-9a1d-9b23422db19f", 
      "area": 1.97, 
      "num_lifts": 6, 
      "source": "jsons/ski_area_elevations//europe-latest.json", 
      "min_elev": 1053, 
      "cumarea": 7041.064708460106
    }, 
    {
      "max_elev": 1200, 
      "uid": "04a7bda9-2e4f-4e42-a6e4-0dd40c6836f3", 
      "area": 1.83, 
      "num_lifts": 1, 
      "source": "jsons/ski_area_elevations//europe-latest.json", 
      "min_elev": 1134, 
      "cumarea": 7038.386674917356
    }
  ], 
  "end_x": 7041.942886793582, 
  "num": 801, 
  "zoom": 11, 
  "start_x": 7033.162409378628
}