{
  "shown": [
    {
      "max_elev": 1183, 
      "cumarea": 7135.94935156717, 
      "area": 7.87, 
      "num_lifts": 95, 
      "name": "Stratton", 
      "source": "jsons/ski_area_elevations//north-america-latest.json", 
      "min_elev": 605, 
      "uid": "fb10030f-6e16-4bfa-994c-b33f023f7e78"
    }, 
    {
      "max_elev": 1183, 
      "uid": "e848b768-3660-40fa-96f8-966a02c2293f", 
      "area": 3.0700000000000003, 
      "num_lifts": 7, 
      "source": "jsons/ski_area_elevations//europe-latest.json", 
      "min_elev": 562, 
      "cumarea": 7131.886293504741
    }
  ], 
  "end_x": 7138.528138358083, 
  "num": 812, 
  "zoom": 11, 
  "start_x": 7129.747660943129
}