{
  "shown": [
    {
      "max_elev": 1183, 
      "cumarea": 7139.703755249854, 
      "area": 5.78, 
      "num_lifts": 53, 
      "name": "Summit at Snoqualmie", 
      "source": "jsons/ski_area_elevations//north-america-latest.json", 
      "min_elev": 797, 
      "uid": "5a823805-77bd-4244-87db-67b6b10941a2"
    }, 
    {
      "max_elev": 1182, 
      "uid": "1e2f2da0-3908-464f-9d7c-223179b744fc", 
      "area": 3.62, 
      "num_lifts": 12, 
      "source": "jsons/ski_area_elevations//europe-latest.json", 
      "min_elev": 101, 
      "cumarea": 7142.9902292756915
    }, 
    {
      "max_elev": 1182, 
      "uid": "8f7b630a-7240-4768-9f37-3df8ea6577df", 
      "area": 3.12, 
      "num_lifts": 6, 
      "source": "jsons/ski_area_elevations//europe-latest.json", 
      "min_elev": 594, 
      "cumarea": 7146.128062277513
    }
  ], 
  "end_x": 7147.308615773038, 
  "num": 813, 
  "zoom": 11, 
  "start_x": 7138.528138358083
}