{
  "shown": [
    {
      "max_elev": 1176, 
      "uid": "88d8b3bf-addb-4f03-bd8a-46156fb27c74", 
      "area": 1.99, 
      "num_lifts": 2, 
      "source": "jsons/ski_area_elevations//europe-latest.json", 
      "min_elev": 790, 
      "cumarea": 7200.989831928331
    }, 
    {
      "max_elev": 1176, 
      "uid": "8b932f6e-cbb4-4067-8c55-29b59c839ffd", 
      "area": 1.82, 
      "num_lifts": 1, 
      "source": "jsons/ski_area_elevations//europe-latest.json", 
      "min_elev": 1074, 
      "cumarea": 7203.58866842942
    }, 
    {
      "max_elev": 1176, 
      "uid": "449b48a0-8b28-4b5c-8f16-ab0b7b8537eb", 
      "area": 1.82, 
      "num_lifts": 1, 
      "source": "jsons/ski_area_elevations//europe-latest.json", 
      "min_elev": 1090, 
      "cumarea": 7206.187504930509
    }
  ], 
  "end_x": 7208.771957677719, 
  "num": 820, 
  "zoom": 11, 
  "start_x": 7199.9914802627645
}