{
  "shown": [
    {
      "max_elev": 1175, 
      "uid": "cabca66c-3764-42f4-af23-088dc20b855a", 
      "area": 2.22, 
      "num_lifts": 7, 
      "source": "jsons/ski_area_elevations//europe-latest.json", 
      "min_elev": 930, 
      "cumarea": 7214.301044954474
    }, 
    {
      "max_elev": 1176, 
      "uid": "5fe5908f-434b-493d-84d4-4de828ec837a", 
      "area": 2.06, 
      "num_lifts": 4, 
      "source": "jsons/ski_area_elevations//asia-latest.json", 
      "min_elev": 922, 
      "cumarea": 7211.503537758589
    }, 
    {
      "max_elev": 1175, 
      "uid": "7d95080b-5439-4d1b-a6eb-dcc108b17c1c", 
      "area": 1.83, 
      "num_lifts": 1, 
      "source": "jsons/ski_area_elevations//europe-latest.json", 
      "min_elev": 937, 
      "cumarea": 7216.905360921327
    }, 
    {
      "max_elev": 1176, 
      "uid": "2aa4c89e-4196-4ae1-b905-95973ece133b", 
      "area": 1.81, 
      "num_lifts": 1, 
      "source": "jsons/ski_area_elevations//europe-latest.json", 
      "min_elev": 1126, 
      "cumarea": 7208.780831775787
    }
  ], 
  "end_x": 7217.5524350926735, 
  "num": 821, 
  "zoom": 11, 
  "start_x": 7208.771957677719
}