{
  "shown": [
    {
      "max_elev": 2779, 
      "cumarea": 742.7131487276095, 
      "area": 46.54, 
      "num_lifts": 250, 
      "name": "Sestriere", 
      "source": "jsons/ski_area_elevations//europe-latest.json", 
      "min_elev": 1375, 
      "uid": "4cda8c6e-c67d-4fe1-8d31-639f8600092b"
    }
  ], 
  "end_x": 746.3405802711403, 
  "num": 84, 
  "zoom": 11, 
  "start_x": 737.5601028561857
}