{
  "shown": [
    {
      "max_elev": 1141, 
      "uid": "61ae50e6-64eb-416d-b862-8b02c88e6110", 
      "area": 1.83, 
      "num_lifts": 3, 
      "source": "jsons/ski_area_elevations//europe-latest.json", 
      "min_elev": 1085, 
      "cumarea": 7410.852502264347
    }, 
    {
      "max_elev": 1140, 
      "uid": "42a95602-e1f3-4188-bb10-fd945dc5dd81", 
      "area": 1.83, 
      "num_lifts": 1, 
      "source": "jsons/ski_area_elevations//europe-latest.json", 
      "min_elev": 867, 
      "cumarea": 7413.4568182312005
    }, 
    {
      "max_elev": 1140, 
      "uid": "8e08205c-b4de-4563-8f79-edb72271f0d3", 
      "area": 1.82, 
      "num_lifts": 1, 
      "source": "jsons/ski_area_elevations//europe-latest.json", 
      "min_elev": 1037, 
      "cumarea": 7416.055654732289
    }, 
    {
      "max_elev": 1140, 
      "uid": "a9d28d24-311b-46a6-b64b-fb0d5b8bde3d", 
      "area": 1.81, 
      "num_lifts": 1, 
      "source": "jsons/ski_area_elevations//europe-latest.json", 
      "min_elev": 1087, 
      "cumarea": 7418.648981577568
    }
  ], 
  "end_x": 7419.50341563663, 
  "num": 844, 
  "zoom": 11, 
  "start_x": 7410.722938221676
}