{
  "shown": [
    {
      "max_elev": 1062, 
      "uid": "4ee08329-9619-48bf-a124-24eb98b86d2d", 
      "area": 2.5, 
      "num_lifts": 24, 
      "source": "jsons/ski_area_elevations//europe-latest.json", 
      "min_elev": 896, 
      "cumarea": 7938.54081629433
    }, 
    {
      "max_elev": 1062, 
      "uid": "a330f74f-56d3-4d8f-9a82-a6eea643caae", 
      "area": 1.83, 
      "num_lifts": 1, 
      "source": "jsons/ski_area_elevations//europe-latest.json", 
      "min_elev": 988, 
      "cumarea": 7941.145132261184
    }, 
    {
      "max_elev": 1062, 
      "uid": "ac4fc87c-f9f6-497e-b424-9d1e3c313efb", 
      "area": 1.82, 
      "num_lifts": 1, 
      "source": "jsons/ski_area_elevations//europe-latest.json", 
      "min_elev": 959, 
      "cumarea": 7943.743968762273
    }
  ], 
  "end_x": 7946.332060533905, 
  "num": 904, 
  "zoom": 11, 
  "start_x": 7937.5515831189505
}