{
  "shown": [
    {
      "max_elev": 1047, 
      "uid": "7d406923-38e6-45fb-b8c3-ede95e4b6660", 
      "area": 1.96, 
      "num_lifts": 2, 
      "source": "jsons/ski_area_elevations//europe-latest.json", 
      "min_elev": 872, 
      "cumarea": 8061.276581962818
    }, 
    {
      "max_elev": 1047, 
      "uid": "c5a5c0a2-6bea-481f-9bad-e6e3d1614cc3", 
      "area": 1.94, 
      "num_lifts": 1, 
      "source": "jsons/ski_area_elevations//europe-latest.json", 
      "min_elev": 780, 
      "cumarea": 8063.939269935894
    }, 
    {
      "max_elev": 1047, 
      "uid": "5e18a6d1-748e-41aa-8054-a64a21017ada", 
      "area": 1.86, 
      "num_lifts": 1, 
      "source": "jsons/ski_area_elevations//europe-latest.json", 
      "min_elev": 676, 
      "cumarea": 8066.559846423619
    }, 
    {
      "max_elev": 1047, 
      "uid": "187b96d2-90d9-4caf-bb01-41c56787e304", 
      "area": 1.86, 
      "num_lifts": 1, 
      "source": "jsons/ski_area_elevations//europe-latest.json", 
      "min_elev": 767, 
      "cumarea": 8069.180422911344
    }
  ], 
  "end_x": 8069.258744343269, 
  "num": 918, 
  "zoom": 11, 
  "start_x": 8060.478266928314
}