{
  "shown": [
    {
      "max_elev": 1043, 
      "uid": "c719e207-a79b-40d2-9b3d-b71603b726f9", 
      "area": 1.85, 
      "num_lifts": 1, 
      "source": "jsons/ski_area_elevations//europe-latest.json", 
      "min_elev": 828, 
      "cumarea": 8115.027820633166
    }, 
    {
      "max_elev": 1043, 
      "uid": "99470270-3332-4080-9a5e-ef0cdc5d1fe7", 
      "area": 1.81, 
      "num_lifts": 1, 
      "source": "jsons/ski_area_elevations//europe-latest.json", 
      "min_elev": 903, 
      "cumarea": 8117.621147478444
    }
  ], 
  "end_x": 8121.941608832997, 
  "num": 924, 
  "zoom": 11, 
  "start_x": 8113.161131418043
}