{
  "shown": [
    {
      "max_elev": 1036, 
      "uid": "41e97e41-361d-466f-8939-5060ed8224b6", 
      "area": 3.5, 
      "num_lifts": 18, 
      "source": "jsons/ski_area_elevations//europe-latest.json", 
      "min_elev": 651, 
      "cumarea": 8169.364118861765
    }, 
    {
      "max_elev": 1036, 
      "uid": "398eb49b-775c-4264-8431-bf5185360284", 
      "area": 2.92, 
      "num_lifts": 10, 
      "source": "jsons/ski_area_elevations//europe-latest.json", 
      "min_elev": 704, 
      "cumarea": 8172.435702478045
    }, 
    {
      "max_elev": 1037, 
      "uid": "898238d5-6703-452e-904b-cbf3186ea580", 
      "area": 1.82, 
      "num_lifts": 1, 
      "source": "jsons/ski_area_elevations//europe-latest.json", 
      "min_elev": 982, 
      "cumarea": 8166.111355893269
    }
  ], 
  "end_x": 8174.624473322725, 
  "num": 930, 
  "zoom": 11, 
  "start_x": 8165.84399590777
}