{
  "shown": [
    {
      "max_elev": 1032, 
      "uid": "bbade213-10b3-48ac-804d-c4bf2d0790d1", 
      "area": 2.06, 
      "num_lifts": 1, 
      "source": "jsons/ski_area_elevations//europe-latest.json", 
      "min_elev": 205, 
      "cumarea": 8206.373870652575
    }, 
    {
      "max_elev": 1032, 
      "uid": "1697b674-f6c6-47d7-98a3-925f1339a350", 
      "area": 1.86, 
      "num_lifts": 1, 
      "source": "jsons/ski_area_elevations//europe-latest.json", 
      "min_elev": 845, 
      "cumarea": 8208.9944471403
    }, 
    {
      "max_elev": 1033, 
      "uid": "42b55381-6970-451d-a343-715280221862", 
      "area": 1.82, 
      "num_lifts": 1, 
      "source": "jsons/ski_area_elevations//europe-latest.json", 
      "min_elev": 969, 
      "cumarea": 8203.651164669773
    }, 
    {
      "max_elev": 1034, 
      "uid": "9ff7a5f1-6cdd-462e-bb5f-a956e122101a", 
      "area": 1.8, 
      "num_lifts": 1, 
      "source": "jsons/ski_area_elevations//europe-latest.json", 
      "min_elev": 1009, 
      "cumarea": 8201.052328168684
    }
  ], 
  "end_x": 8209.746382982543, 
  "num": 934, 
  "zoom": 11, 
  "start_x": 8200.96590556759
}