{
  "shown": [
    {
      "max_elev": 1028, 
      "uid": "7dc92841-d5bb-453d-8a35-60efb04752f6", 
      "area": 2.83, 
      "num_lifts": 5, 
      "source": "jsons/ski_area_elevations//europe-latest.json", 
      "min_elev": 580, 
      "cumarea": 8237.697730527105
    }, 
    {
      "max_elev": 1028, 
      "uid": "43644cc9-954b-4776-9aa6-5d14c9d41195", 
      "area": 2.1, 
      "num_lifts": 2, 
      "source": "jsons/ski_area_elevations//europe-latest.json", 
      "min_elev": 712, 
      "cumarea": 8240.439667871835
    }, 
    {
      "max_elev": 1028, 
      "uid": "f027df1b-b88e-454f-9bd0-c0490c02ab8c", 
      "area": 1.83, 
      "num_lifts": 2, 
      "source": "jsons/ski_area_elevations//south-america-latest.json", 
      "min_elev": 832, 
      "cumarea": 8243.043983838688
    }
  ], 
  "end_x": 8244.86829264236, 
  "num": 938, 
  "zoom": 11, 
  "start_x": 8236.087815227407
}