{
  "shown": [
    {
      "max_elev": 1010, 
      "uid": "727bb489-516c-4719-bf04-d08e6597bbab", 
      "area": 2.05, 
      "num_lifts": 6, 
      "source": "jsons/ski_area_elevations//asia-latest.json", 
      "min_elev": 707, 
      "cumarea": 8405.605972539564
    }, 
    {
      "max_elev": 1009, 
      "uid": "b0668bd8-ca11-4e13-820f-e98e0422473f", 
      "area": 2.0100000000000002, 
      "num_lifts": 1, 
      "source": "jsons/ski_area_elevations//europe-latest.json", 
      "min_elev": 454, 
      "cumarea": 8408.304107261636
    }, 
    {
      "max_elev": 1009, 
      "uid": "369a1db2-8188-4e1f-8cdd-4edc6a3dec0a", 
      "area": 1.92, 
      "num_lifts": 8, 
      "source": "jsons/ski_area_elevations//europe-latest.json", 
      "min_elev": 956, 
      "cumarea": 8410.956432447676
    }
  ], 
  "end_x": 8411.697363526499, 
  "num": 957, 
  "zoom": 11, 
  "start_x": 8402.916886111543
}