{
  "shown": [
    {
      "max_elev": 1002, 
      "uid": "d2102044-15c9-4179-8d6d-9d2ab71eab61", 
      "area": 4.9, 
      "num_lifts": 17, 
      "source": "jsons/ski_area_elevations//europe-latest.json", 
      "min_elev": 517, 
      "cumarea": 8460.91598511406
    }, 
    {
      "max_elev": 1002, 
      "uid": "b189a621-5b7f-4754-82a0-81617558615c", 
      "area": 1.86, 
      "num_lifts": 2, 
      "source": "jsons/ski_area_elevations//europe-latest.json", 
      "min_elev": 738, 
      "cumarea": 8463.536561601784
    }, 
    {
      "max_elev": 1003, 
      "uid": "ef5848bc-6389-4318-b04a-deaed5e19e8f", 
      "area": 1.82, 
      "num_lifts": 2, 
      "source": "jsons/ski_area_elevations//north-america-latest.json", 
      "min_elev": 963, 
      "cumarea": 8457.326749908943
    }
  ], 
  "end_x": 8464.380228016227, 
  "num": 963, 
  "zoom": 11, 
  "start_x": 8455.599750601272
}