{
  "shown": [
    {
      "max_elev": 995, 
      "uid": "393b617b-e24d-4ff9-bf66-78e39ee48ce9", 
      "area": 1.94, 
      "num_lifts": 2, 
      "source": "jsons/ski_area_elevations//europe-latest.json", 
      "min_elev": 864, 
      "cumarea": 8520.791854656358
    }, 
    {
      "max_elev": 996, 
      "uid": "6d8229ce-8d5d-48cc-9ba1-f6cc84df4eef", 
      "area": 1.92, 
      "num_lifts": 1, 
      "source": "jsons/ski_area_elevations//asia-latest.json", 
      "min_elev": 349, 
      "cumarea": 8518.129166683282
    }, 
    {
      "max_elev": 995, 
      "uid": "2b1c60ac-10c8-461e-b657-3458e25313c6", 
      "area": 1.83, 
      "num_lifts": 1, 
      "source": "jsons/ski_area_elevations//europe-latest.json", 
      "min_elev": 870, 
      "cumarea": 8523.396170623211
    }
  ], 
  "end_x": 8525.843569920908, 
  "num": 970, 
  "zoom": 11, 
  "start_x": 8517.063092505954
}