{
  "shown": [
    {
      "max_elev": 974, 
      "uid": "3f770274-3ded-4734-b3e4-8a696c176723", 
      "area": 2.1, 
      "num_lifts": 8, 
      "source": "jsons/ski_area_elevations//europe-latest.json", 
      "min_elev": 643, 
      "cumarea": 8679.699687813007
    }, 
    {
      "max_elev": 974, 
      "uid": "9aa2869a-1387-4012-81f3-ed0c71b789e4", 
      "area": 1.85, 
      "num_lifts": 2, 
      "source": "jsons/ski_area_elevations//europe-latest.json", 
      "min_elev": 804, 
      "cumarea": 8682.314873452096
    }, 
    {
      "max_elev": 975, 
      "uid": "70603013-3023-4e32-980e-287e84cfc7f9", 
      "area": 1.81, 
      "num_lifts": 1, 
      "source": "jsons/ski_area_elevations//europe-latest.json", 
      "min_elev": 885, 
      "cumarea": 8676.957750468277
    }
  ], 
  "end_x": 8683.89216339009, 
  "num": 988, 
  "zoom": 11, 
  "start_x": 8675.111685975135
}