{
  "shown": [
    {
      "max_elev": 1694, 
      "uid": "eeeb89c1-ded4-4aee-b203-329c2767d881", 
      "area": 3.4000000000000004, 
      "num_lifts": 14, 
      "source": "jsons/ski_area_elevations//europe-latest.json", 
      "min_elev": 811, 
      "cumarea": 4391.30848844402
    }, 
    {
      "max_elev": 1694, 
      "uid": "8077ce0e-c9c8-4a2c-9fa5-091fdc737640", 
      "area": 2.54, 
      "num_lifts": 8, 
      "source": "jsons/ski_area_elevations//europe-latest.json", 
      "min_elev": 1088, 
      "cumarea": 4394.240652525051
    }
  ], 
  "end_x": 4394.628946184774, 
  "num": 1000, 
  "zoom": 12, 
  "start_x": 4390.238707477296
}