{
  "shown": [
    {
      "max_elev": 1666, 
      "uid": "f7e88a1f-1412-4f4c-b946-20054fa74a60", 
      "area": 2.34, 
      "num_lifts": 3, 
      "source": "jsons/ski_area_elevations//europe-latest.json", 
      "min_elev": 993, 
      "cumarea": 4545.609458210676
    }, 
    {
      "max_elev": 1666, 
      "uid": "996b5ef7-c876-4108-8728-90998ac1630f", 
      "area": 1.86, 
      "num_lifts": 1, 
      "source": "jsons/ski_area_elevations//asia-latest.json", 
      "min_elev": 1480, 
      "cumarea": 4548.230034698401
    }
  ], 
  "end_x": 4548.287300946478, 
  "num": 1035, 
  "zoom": 12, 
  "start_x": 4543.897062239001
}