{
  "shown": [
    {
      "max_elev": 1664, 
      "cumarea": 4562.021862522773, 
      "area": 9.57, 
      "num_lifts": 34, 
      "name": "Zao Liza World", 
      "source": "jsons/ski_area_elevations//asia-latest.json", 
      "min_elev": 798, 
      "uid": "0810c1e4-ce13-4da2-aea4-e3acc2eea5fb"
    }, 
    {
      "max_elev": 1663, 
      "uid": "fd4c5263-bf8a-4163-9645-607c62a15da0", 
      "area": 2.16, 
      "num_lifts": 2, 
      "source": "jsons/ski_area_elevations//europe-latest.json", 
      "min_elev": 1348, 
      "cumarea": 4564.791970744469
    }
  ], 
  "end_x": 4565.848255776387, 
  "num": 1039, 
  "zoom": 12, 
  "start_x": 4561.45801706891
}