{
  "shown": [
    {
      "max_elev": 3085, 
      "cumarea": 459.3861040846108, 
      "area": 5.74, 
      "num_lifts": 26, 
      "name": "June Mountain", 
      "source": "jsons/ski_area_elevations//north-america-latest.json", 
      "min_elev": 2307, 
      "uid": "5e004a4d-86ee-4277-aab4-bb9f5bc87d02"
    }
  ], 
  "end_x": 460.97506428511605, 
  "num": 104, 
  "zoom": 12, 
  "start_x": 456.58482557763875
}