{
  "shown": [
    {
      "max_elev": 1662, 
      "uid": "19098dc8-4ff0-4520-95b7-f8e50a2c0a99", 
      "area": 1.84, 
      "num_lifts": 1, 
      "source": "jsons/ski_area_elevations//europe-latest.json", 
      "min_elev": 1307, 
      "cumarea": 4575.738866786793
    }, 
    {
      "max_elev": 1661, 
      "uid": "a3f64df7-9e38-4ed5-a5f6-b84491c3fae4", 
      "area": 1.84, 
      "num_lifts": 1, 
      "source": "jsons/ski_area_elevations//europe-latest.json", 
      "min_elev": 1548, 
      "cumarea": 4578.348632358414
    }
  ], 
  "end_x": 4579.018971898819, 
  "num": 1042, 
  "zoom": 12, 
  "start_x": 4574.628733191342
}