{
  "shown": [
    {
      "max_elev": 1642, 
      "uid": "58b020b5-270e-43b9-ba4d-319654e37d04", 
      "area": 2.33, 
      "num_lifts": 3, 
      "source": "jsons/ski_area_elevations//north-america-latest.json", 
      "min_elev": 1373, 
      "cumarea": 4693.3185496055075
    }, 
    {
      "max_elev": 1640, 
      "uid": "88702475-3f89-4217-a990-6ec7c76d6eff", 
      "area": 1.83, 
      "num_lifts": 2, 
      "source": "jsons/ski_area_elevations//europe-latest.json", 
      "min_elev": 1453, 
      "cumarea": 4695.922865572361
    }
  ], 
  "end_x": 4697.555417000707, 
  "num": 1069, 
  "zoom": 12, 
  "start_x": 4693.1651782932295
}