{
  "shown": [
    {
      "max_elev": 1638, 
      "uid": "8a8f237c-b72e-4993-9323-7338c1f03ac4", 
      "area": 2.3, 
      "num_lifts": 15, 
      "source": "jsons/ski_area_elevations//europe-latest.json", 
      "min_elev": 1259, 
      "cumarea": 4698.755774695296
    }, 
    {
      "max_elev": 1638, 
      "uid": "901db389-6ffe-44bc-a41f-1f4dae3e38a4", 
      "area": 1.85, 
      "num_lifts": 1, 
      "source": "jsons/ski_area_elevations//europe-latest.json", 
      "min_elev": 1468, 
      "cumarea": 4701.370960334387
    }
  ], 
  "end_x": 4701.945655708185, 
  "num": 1070, 
  "zoom": 12, 
  "start_x": 4697.555417000707
}