{
  "shown": [
    {
      "max_elev": 3036, 
      "cumarea": 478.24896995278095, 
      "area": 13.680000000000001, 
      "num_lifts": 129, 
      "name": "Heavenly", 
      "source": "jsons/ski_area_elevations//north-america-latest.json", 
      "min_elev": 1917, 
      "uid": "5bfd7d67-9135-44ee-aa41-710f17de1603"
    }
  ], 
  "end_x": 478.5360191150252, 
  "num": 108, 
  "zoom": 12, 
  "start_x": 474.14578040754793
}