{
  "shown": [
    {
      "max_elev": 1604, 
      "uid": "1c6af214-4d63-41b4-a0c5-e1c8c28743b9", 
      "area": 2.41, 
      "num_lifts": 5, 
      "source": "jsons/ski_area_elevations//europe-latest.json", 
      "min_elev": 1290, 
      "cumarea": 4878.394269738139
    }, 
    {
      "max_elev": 1603, 
      "uid": "41181022-9381-4288-9956-69175ab1eceb", 
      "area": 1.83, 
      "num_lifts": 1, 
      "source": "jsons/ski_area_elevations//europe-latest.json", 
      "min_elev": 1122, 
      "cumarea": 4880.998585704992
    }
  ], 
  "end_x": 4881.945442714754, 
  "num": 1111, 
  "zoom": 12, 
  "start_x": 4877.555204007276
}