{
  "shown": [
    {
      "max_elev": 1578, 
      "uid": "aee9d7f9-eef9-41dc-bdaa-cc9a74289930", 
      "area": 2.12, 
      "num_lifts": 3, 
      "source": "jsons/ski_area_elevations//europe-latest.json", 
      "min_elev": 860, 
      "cumarea": 4997.977339867296
    }
  ], 
  "end_x": 5000.481887816641, 
  "num": 1138, 
  "zoom": 12, 
  "start_x": 4996.091649109163
}