{
  "shown": [
    {
      "max_elev": 1567, 
      "uid": "14765261-af8d-4628-b83b-9cce104dd88a", 
      "area": 2.52, 
      "num_lifts": 12, 
      "source": "jsons/ski_area_elevations//europe-latest.json", 
      "min_elev": 782, 
      "cumarea": 5066.90506719977
    }, 
    {
      "max_elev": 1567, 
      "uid": "d867f899-583a-4d77-8310-5b94677409e3", 
      "area": 1.9000000000000001, 
      "num_lifts": 2, 
      "source": "jsons/ski_area_elevations//europe-latest.json", 
      "min_elev": 1372, 
      "cumarea": 5069.546921085943
    }
  ], 
  "end_x": 5070.7257071362765, 
  "num": 1154, 
  "zoom": 12, 
  "start_x": 5066.3354684288
}