{
  "shown": [
    {
      "max_elev": 1563, 
      "uid": "662586e5-78ed-4c6e-a22a-be41e30109bb", 
      "area": 1.84, 
      "num_lifts": 1, 
      "source": "jsons/ski_area_elevations//north-america-latest.json", 
      "min_elev": 1139, 
      "cumarea": 5095.052202384603
    }
  ], 
  "end_x": 5097.067139381141, 
  "num": 1160, 
  "zoom": 12, 
  "start_x": 5092.676900673663
}