{
  "shown": [
    {
      "max_elev": 1535, 
      "cumarea": 5196.73456627415, 
      "area": 3.88, 
      "num_lifts": 26, 
      "name": "Rossfeld / Gmerk / Oberau", 
      "source": "jsons/ski_area_elevations//europe-latest.json", 
      "min_elev": 713, 
      "uid": "25c130ea-0a49-4851-a85b-2e61e8a4025b"
    }
  ], 
  "end_x": 5198.042629653119, 
  "num": 1183, 
  "zoom": 12, 
  "start_x": 5193.652390945641
}