{
  "shown": [
    {
      "max_elev": 1533, 
      "uid": "300c978e-0d77-4757-91e2-d616c92e33fd", 
      "area": 3.5700000000000003, 
      "num_lifts": 16, 
      "source": "jsons/ski_area_elevations//europe-latest.json", 
      "min_elev": 1008, 
      "cumarea": 5202.616897441563
    }, 
    {
      "max_elev": 1533, 
      "uid": "f4aa7a0f-b8f5-4d07-8c98-875fa4e3f4d1", 
      "area": 1.86, 
      "num_lifts": 1, 
      "source": "jsons/ski_area_elevations//europe-latest.json", 
      "min_elev": 765, 
      "cumarea": 5205.237473929288
    }
  ], 
  "end_x": 5206.823107068073, 
  "num": 1185, 
  "zoom": 12, 
  "start_x": 5202.432868360596
}