{
  "shown": [
    {
      "max_elev": 1532, 
      "uid": "e475d215-fe61-4696-8ba6-2ab95ef035f4", 
      "area": 2.74, 
      "num_lifts": 18, 
      "source": "jsons/ski_area_elevations//europe-latest.json", 
      "min_elev": 1033, 
      "cumarea": 5210.902951852605
    }, 
    {
      "max_elev": 1533, 
      "uid": "d9df6621-c7b2-4f9d-82fb-3f164177c9c6", 
      "area": 1.9300000000000002, 
      "num_lifts": 1, 
      "source": "jsons/ski_area_elevations//asia-latest.json", 
      "min_elev": 1412, 
      "cumarea": 5207.894993932205
    }
  ], 
  "end_x": 5211.21334577555, 
  "num": 1186, 
  "zoom": 12, 
  "start_x": 5206.823107068073
}