{
  "shown": [
    {
      "max_elev": 1515, 
      "uid": "70816865-53d0-4a02-9c18-bf5d26e30e1c", 
      "area": 1.87, 
      "num_lifts": 1, 
      "source": "jsons/ski_area_elevations//europe-latest.json", 
      "min_elev": 633, 
      "cumarea": 5305.235217326445
    }
  ], 
  "end_x": 5307.798597340052, 
  "num": 1208, 
  "zoom": 12, 
  "start_x": 5303.408358632574
}