{
  "shown": [
    {
      "max_elev": 2979, 
      "cumarea": 538.0147257724184, 
      "area": 16.01, 
      "num_lifts": 53, 
      "name": "St-Luc", 
      "source": "jsons/ski_area_elevations//europe-latest.json", 
      "min_elev": 1683, 
      "uid": "014becc7-8e7f-4ba7-81ac-dae880c80b07"
    }
  ], 
  "end_x": 539.9993610197073, 
  "num": 122, 
  "zoom": 12, 
  "start_x": 535.60912231223
}