{
  "shown": [
    {
      "max_elev": 1497, 
      "uid": "7def6f13-52f2-4d7c-ab46-c6a1017ae9a7", 
      "area": 2.2, 
      "num_lifts": 4, 
      "source": "jsons/ski_area_elevations//europe-latest.json", 
      "min_elev": 1051, 
      "cumarea": 5415.249233616144
    }
  ], 
  "end_x": 5417.554565026983, 
  "num": 1233, 
  "zoom": 12, 
  "start_x": 5413.164326319506
}