{
  "shown": [
    {
      "max_elev": 1495, 
      "uid": "f54ec0e3-f1a5-4a0c-b26b-9ad1b8b2c489", 
      "area": 1.85, 
      "num_lifts": 1, 
      "source": "jsons/ski_area_elevations//asia-latest.json", 
      "min_elev": 1397, 
      "cumarea": 5425.790622201012
    }, 
    {
      "max_elev": 1496, 
      "uid": "fcc2421b-49d3-448e-9b3e-1fd1c914baca", 
      "area": 1.8, 
      "num_lifts": 0, 
      "source": "jsons/ski_area_elevations//europe-latest.json", 
      "min_elev": 1496, 
      "cumarea": 5423.175436561922
    }
  ], 
  "end_x": 5426.335042441939, 
  "num": 1235, 
  "zoom": 12, 
  "start_x": 5421.944803734461
}