{
  "shown": [
    {
      "max_elev": 2975, 
      "cumarea": 546.4051024482637, 
      "area": 42.91, 
      "num_lifts": 86, 
      "name": "Flims Laax Falera", 
      "source": "jsons/ski_area_elevations//europe-latest.json", 
      "min_elev": 1085, 
      "uid": "f6f3eaf3-bf01-4da7-a335-0ad9c17e5d8c"
    }
  ], 
  "end_x": 548.779838434662, 
  "num": 124, 
  "zoom": 12, 
  "start_x": 544.3895997271846
}