{
  "shown": [
    {
      "max_elev": 1489, 
      "uid": "33ebd205-80a6-46e2-a559-073f0ae9ee52", 
      "area": 3.4699999999999998, 
      "num_lifts": 9, 
      "source": "jsons/ski_area_elevations//europe-latest.json", 
      "min_elev": 1067, 
      "cumarea": 5453.967060683331
    }, 
    {
      "max_elev": 1489, 
      "uid": "cddf1855-a5ce-4cdb-8036-83c066a6a674", 
      "area": 2.27, 
      "num_lifts": 3, 
      "source": "jsons/ski_area_elevations//europe-latest.json", 
      "min_elev": 1194, 
      "cumarea": 5456.786840514824
    }
  ], 
  "end_x": 5457.066713394279, 
  "num": 1242, 
  "zoom": 12, 
  "start_x": 5452.676474686802
}