{
  "shown": [
    {
      "max_elev": 1489, 
      "uid": "eb232061-d0c8-4417-9a21-e7d636f116bc", 
      "area": 1.84, 
      "num_lifts": 1, 
      "source": "jsons/ski_area_elevations//europe-latest.json", 
      "min_elev": 1192, 
      "cumarea": 5459.396606086445
    }
  ], 
  "end_x": 5461.4569521017565, 
  "num": 1243, 
  "zoom": 12, 
  "start_x": 5457.066713394279
}