{
  "shown": [
    {
      "max_elev": 1484, 
      "cumarea": 5478.903330236752, 
      "area": 2.77, 
      "num_lifts": 19, 
      "name": "Hinterfeldlift M\u00f6sern", 
      "source": "jsons/ski_area_elevations//europe-latest.json", 
      "min_elev": 1170, 
      "uid": "1c868984-5056-467d-b4dd-c3ed78b2fef8"
    }, 
    {
      "max_elev": 1485, 
      "uid": "483a9770-2c38-410c-9fb7-3282f3d50ae3", 
      "area": 1.94, 
      "num_lifts": 3, 
      "source": "jsons/ski_area_elevations//europe-latest.json", 
      "min_elev": 1276, 
      "cumarea": 5475.884482916553
    }
  ], 
  "end_x": 5479.0179069316655, 
  "num": 1247, 
  "zoom": 12, 
  "start_x": 5474.627668224188
}