{
  "shown": [
    {
      "max_elev": 1459, 
      "uid": "bcfe2adf-8c30-42a9-bc35-e2ca4693553f", 
      "area": 1.9100000000000001, 
      "num_lifts": 1, 
      "source": "jsons/ski_area_elevations//europe-latest.json", 
      "min_elev": 1126, 
      "cumarea": 5617.030804259568
    }
  ], 
  "end_x": 5619.505545570939, 
  "num": 1279, 
  "zoom": 12, 
  "start_x": 5615.115306863461
}