{
  "shown": [
    {
      "max_elev": 2944, 
      "cumarea": 574.6375852533355, 
      "area": 10.440000000000001, 
      "num_lifts": 44, 
      "name": " Andermatt-Sedrun", 
      "source": "jsons/ski_area_elevations//europe-latest.json", 
      "min_elev": 1436, 
      "uid": "bdd3ba97-f1a6-45a6-a3c3-ffa9c3dd6a44"
    }
  ], 
  "end_x": 575.1212706795258, 
  "num": 130, 
  "zoom": 12, 
  "start_x": 570.7310319720484
}