{
  "shown": [
    {
      "max_elev": 1404, 
      "uid": "2398fcca-dc0d-462b-b519-2a5c91d35ce4", 
      "area": 2.04, 
      "num_lifts": 3, 
      "source": "jsons/ski_area_elevations//north-america-latest.json", 
      "min_elev": 1203, 
      "cumarea": 5881.876956652436
    }, 
    {
      "max_elev": 1405, 
      "uid": "90e34494-d3b7-4463-ac74-7c9560590ab3", 
      "area": 1.81, 
      "num_lifts": 2, 
      "source": "jsons/ski_area_elevations//north-america-latest.json", 
      "min_elev": 895, 
      "cumarea": 5879.16400684458
    }
  ], 
  "end_x": 5882.919868019577, 
  "num": 1339, 
  "zoom": 12, 
  "start_x": 5878.529629312099
}