{
  "shown": [
    {
      "max_elev": 1396, 
      "cumarea": 5930.093939626323, 
      "area": 14.8, 
      "num_lifts": 141, 
      "name": "\u00c5re", 
      "source": "jsons/ski_area_elevations//europe-latest.json", 
      "min_elev": 376, 
      "uid": "43c6acd9-7d42-4080-a29e-5f8b79230d94"
    }
  ], 
  "end_x": 5931.212493801826, 
  "num": 1350, 
  "zoom": 12, 
  "start_x": 5926.822255094349
}