{
  "shown": [
    {
      "max_elev": 1369, 
      "uid": "922e89f7-3596-4f00-8548-4223ac929224", 
      "area": 3.27, 
      "num_lifts": 9, 
      "source": "jsons/ski_area_elevations//europe-latest.json", 
      "min_elev": 987, 
      "cumarea": 6063.847280429059
    }, 
    {
      "max_elev": 1369, 
      "uid": "cb584b34-b609-4d3d-9f6d-73100ae11d1d", 
      "area": 2.4, 
      "num_lifts": 4, 
      "source": "jsons/ski_area_elevations//europe-latest.json", 
      "min_elev": 1062, 
      "cumarea": 6066.7227491664125
    }
  ], 
  "end_x": 6067.309893733623, 
  "num": 1381, 
  "zoom": 12, 
  "start_x": 6062.919655026146
}