{
  "shown": [
    {
      "max_elev": 1354, 
      "cumarea": 6128.066906814892, 
      "area": 9.73, 
      "num_lifts": 78, 
      "name": "Bukovel", 
      "source": "jsons/ski_area_elevations//europe-latest.json", 
      "min_elev": 882, 
      "uid": "452c65bc-f93d-4e98-a6f7-dca735c5c84b"
    }
  ], 
  "end_x": 6128.773235638306, 
  "num": 1395, 
  "zoom": 12, 
  "start_x": 6124.382996930828
}