{
  "shown": [
    {
      "max_elev": 1347, 
      "uid": "ddde065b-33ea-4d02-b201-1fd496ba3b29", 
      "area": 2.12, 
      "num_lifts": 9, 
      "source": "jsons/ski_area_elevations//europe-latest.json", 
      "min_elev": 1228, 
      "cumarea": 6161.018016887607
    }, 
    {
      "max_elev": 1347, 
      "uid": "c501426d-f964-4f1e-a2fc-952d9b8b9449", 
      "area": 1.84, 
      "num_lifts": 2, 
      "source": "jsons/ski_area_elevations//europe-latest.json", 
      "min_elev": 1182, 
      "cumarea": 6163.627782459228
    }
  ], 
  "end_x": 6163.895145298124, 
  "num": 1403, 
  "zoom": 12, 
  "start_x": 6159.504906590646
}