{
  "shown": [
    {
      "max_elev": 1337, 
      "uid": "552de192-030b-475b-9523-600aca41f8c1", 
      "area": 1.8, 
      "num_lifts": 1, 
      "source": "jsons/ski_area_elevations//europe-latest.json", 
      "min_elev": 1313, 
      "cumarea": 6218.693163567691
    }
  ], 
  "end_x": 6220.968248495328, 
  "num": 1416, 
  "zoom": 12, 
  "start_x": 6216.5780097878505
}