{
  "shown": [
    {
      "max_elev": 1320, 
      "uid": "8866c91f-435c-4f5f-b29f-520e629c47d6", 
      "area": 1.82, 
      "num_lifts": 2, 
      "source": "jsons/ski_area_elevations//europe-latest.json", 
      "min_elev": 1272, 
      "cumarea": 6330.666758681346
    }, 
    {
      "max_elev": 1321, 
      "uid": "4a3ce494-1947-4f18-a317-07860e085de5", 
      "area": 1.8, 
      "num_lifts": 0, 
      "source": "jsons/ski_area_elevations//europe-latest.json", 
      "min_elev": 1321, 
      "cumarea": 6328.0679221802575
    }
  ], 
  "end_x": 6330.7242161822605, 
  "num": 1441, 
  "zoom": 12, 
  "start_x": 6326.333977474784
}