{
  "shown": [], 
  "end_x": 640.9748512916852, 
  "num": 145, 
  "zoom": 12, 
  "start_x": 636.5846125842079
}