{
  "shown": [
    {
      "max_elev": 1308, 
      "uid": "f1bfed8a-1028-4a64-b1c3-9716588a2047", 
      "area": 1.85, 
      "num_lifts": 1, 
      "source": "jsons/ski_area_elevations//europe-latest.json", 
      "min_elev": 799, 
      "cumarea": 6398.978074746251
    }
  ], 
  "end_x": 6400.968035501897, 
  "num": 1457, 
  "zoom": 12, 
  "start_x": 6396.57779679442
}