{
  "shown": [
    {
      "max_elev": 1307, 
      "uid": "aaf996cd-2df3-4c56-a963-73cc544659b8", 
      "area": 1.9300000000000002, 
      "num_lifts": 3, 
      "source": "jsons/ski_area_elevations//north-america-latest.json", 
      "min_elev": 1214, 
      "cumarea": 6412.058218962057
    }
  ], 
  "end_x": 6414.13875162433, 
  "num": 1460, 
  "zoom": 12, 
  "start_x": 6409.748512916853
}