{
  "shown": [
    {
      "max_elev": 1302, 
      "uid": "6c5f0b85-1aed-4631-a01f-14f561cd196e", 
      "area": 2.09, 
      "num_lifts": 3, 
      "source": "jsons/ski_area_elevations//north-america-latest.json", 
      "min_elev": 1047, 
      "cumarea": 6436.887739564155
    }, 
    {
      "max_elev": 1300, 
      "uid": "ff06d539-22c4-4237-8fa3-11c6ee523388", 
      "area": 1.86, 
      "num_lifts": 1, 
      "source": "jsons/ski_area_elevations//europe-latest.json", 
      "min_elev": 1015, 
      "cumarea": 6439.50831605188
    }
  ], 
  "end_x": 6440.480183869193, 
  "num": 1466, 
  "zoom": 12, 
  "start_x": 6436.089945161716
}