{
  "shown": [
    {
      "max_elev": 2868, 
      "cumarea": 649.6266780102001, 
      "area": 16.08, 
      "num_lifts": 87, 
      "name": "Fiesch - Eggishorn - Aletsch", 
      "source": "jsons/ski_area_elevations//europe-latest.json", 
      "min_elev": 766, 
      "uid": "03424069-bf65-407f-b644-7bc7f5d4d5ea"
    }
  ], 
  "end_x": 649.7553287066398, 
  "num": 147, 
  "zoom": 12, 
  "start_x": 645.3650899991626
}