{
  "shown": [
    {
      "max_elev": 1293, 
      "uid": "9910237f-b920-42a6-8c74-763b7358efe4", 
      "area": 1.85, 
      "num_lifts": 1, 
      "source": "jsons/ski_area_elevations//europe-latest.json", 
      "min_elev": 817, 
      "cumarea": 6488.9282484260675
    }, 
    {
      "max_elev": 1293, 
      "uid": "fda1cfdd-7b45-4072-8efd-95d599dbc8bd", 
      "area": 1.83, 
      "num_lifts": 1, 
      "source": "jsons/ski_area_elevations//europe-latest.json", 
      "min_elev": 976, 
      "cumarea": 6491.532564392921
    }
  ], 
  "end_x": 6493.16304835892, 
  "num": 1478, 
  "zoom": 12, 
  "start_x": 6488.772809651443
}