{
  "shown": [
    {
      "max_elev": 1282, 
      "uid": "604c793e-d38b-4168-8b89-367853ba98c4", 
      "area": 2.76, 
      "num_lifts": 7, 
      "source": "jsons/ski_area_elevations//europe-latest.json", 
      "min_elev": 693, 
      "cumarea": 6526.38816865629
    }
  ], 
  "end_x": 6528.284958018739, 
  "num": 1486, 
  "zoom": 12, 
  "start_x": 6523.894719311262
}