{
  "shown": [
    {
      "max_elev": 1277, 
      "uid": "351dbc4a-4ffe-418b-aada-583b97d11aba", 
      "area": 2.8600000000000003, 
      "num_lifts": 8, 
      "source": "jsons/ski_area_elevations//europe-latest.json", 
      "min_elev": 947, 
      "cumarea": 6556.991436212141
    }
  ], 
  "end_x": 6559.0166289710805, 
  "num": 1493, 
  "zoom": 12, 
  "start_x": 6554.626390263604
}