{
  "shown": [
    {
      "max_elev": 1269, 
      "cumarea": 6612.53516044624, 
      "area": 11.48, 
      "num_lifts": 53, 
      "name": "Oppdal", 
      "source": "jsons/ski_area_elevations//europe-latest.json", 
      "min_elev": 588, 
      "uid": "553b29b3-82ae-4343-bc8d-c980e9660681"
    }, 
    {
      "max_elev": 1269, 
      "uid": "5074e88a-0e59-4691-a606-8256d0a78c83", 
      "area": 3.04, 
      "num_lifts": 4, 
      "source": "jsons/ski_area_elevations//asia-latest.json", 
      "min_elev": 963, 
      "cumarea": 6615.647017961658
    }
  ], 
  "end_x": 6616.089732168284, 
  "num": 1506, 
  "zoom": 12, 
  "start_x": 6611.699493460807
}