{
  "shown": [
    {
      "max_elev": 1253, 
      "uid": "27fa35f3-b9df-41d8-a2e2-e9c78716accc", 
      "area": 2.63, 
      "num_lifts": 34, 
      "source": "jsons/ski_area_elevations//north-america-latest.json", 
      "min_elev": 935, 
      "cumarea": 6692.6290485086365
    }
  ], 
  "end_x": 6695.114028902877, 
  "num": 1524, 
  "zoom": 12, 
  "start_x": 6690.7237901953995
}