{
  "shown": [
    {
      "max_elev": 2832, 
      "cumarea": 679.1959693436959, 
      "area": 13.13, 
      "num_lifts": 75, 
      "name": "Grand Tourmalet", 
      "source": "jsons/ski_area_elevations//europe-latest.json", 
      "min_elev": 1293, 
      "uid": "574e21a8-1f3b-4595-b0da-967eae6fcfd7"
    }
  ], 
  "end_x": 680.486999658981, 
  "num": 154, 
  "zoom": 12, 
  "start_x": 676.0967609515036
}