{
  "shown": [
    {
      "max_elev": 1237, 
      "cumarea": 6800.623954486493, 
      "area": 11.190000000000001, 
      "num_lifts": 128, 
      "name": "Sugarbush", 
      "source": "jsons/ski_area_elevations//north-america-latest.json", 
      "min_elev": 455, 
      "uid": "f3fd3d8e-a3ee-4d6c-a532-6d7b2479a4e9"
    }, 
    {
      "max_elev": 1236, 
      "uid": "2947e170-2b65-4097-807e-5d5991cf86e5", 
      "area": 1.81, 
      "num_lifts": 1, 
      "source": "jsons/ski_area_elevations//europe-latest.json", 
      "min_elev": 1194, 
      "cumarea": 6803.217281331771
    }
  ], 
  "end_x": 6804.869996589809, 
  "num": 1549, 
  "zoom": 12, 
  "start_x": 6800.479757882331
}