{
  "shown": [
    {
      "max_elev": 1224, 
      "uid": "2b88afb3-7246-407e-ac27-9250772e1bfa", 
      "area": 1.9000000000000001, 
      "num_lifts": 3, 
      "source": "jsons/ski_area_elevations//europe-latest.json", 
      "min_elev": 1074, 
      "cumarea": 6890.617304052307
    }
  ], 
  "end_x": 6892.674770739354, 
  "num": 1569, 
  "zoom": 12, 
  "start_x": 6888.2845320318775
}