{
  "shown": [
    {
      "max_elev": 1220, 
      "uid": "4564ccac-f7ec-4a87-9223-bc0cb1a2eb0a", 
      "area": 2.4, 
      "num_lifts": 6, 
      "source": "jsons/ski_area_elevations//europe-latest.json", 
      "min_elev": 954, 
      "cumarea": 6910.140714471492
    }, 
    {
      "max_elev": 1221, 
      "uid": "1c274b99-3f93-4dfa-858c-06d1e3bb3784", 
      "area": 1.84, 
      "num_lifts": 1, 
      "source": "jsons/ski_area_elevations//europe-latest.json", 
      "min_elev": 924, 
      "cumarea": 6907.265245734138
    }
  ], 
  "end_x": 6910.235725569263, 
  "num": 1573, 
  "zoom": 12, 
  "start_x": 6905.845486861786
}