{
  "shown": [
    {
      "max_elev": 1208, 
      "uid": "9ba03a59-886e-43b8-a979-d96c68af5a7a", 
      "area": 2.96, 
      "num_lifts": 8, 
      "source": "jsons/ski_area_elevations//europe-latest.json", 
      "min_elev": 610, 
      "cumarea": 6993.616911078158
    }, 
    {
      "max_elev": 1209, 
      "uid": "1c4ee4fd-c439-4ff3-ade3-db16313c86ad", 
      "area": 1.8, 
      "num_lifts": 1, 
      "source": "jsons/ski_area_elevations//south-america-latest.json", 
      "min_elev": 1199, 
      "cumarea": 6990.531721809823
    }
  ], 
  "end_x": 6993.650261011333, 
  "num": 1592, 
  "zoom": 12, 
  "start_x": 6989.260022303855
}