{
  "shown": [
    {
      "max_elev": 1207, 
      "uid": "c2d6bdb3-9db2-4b70-9727-aca5b7aca4d1", 
      "area": 2.67, 
      "num_lifts": 10, 
      "source": "jsons/ski_area_elevations//europe-latest.json", 
      "min_elev": 747, 
      "cumarea": 7001.834693553059
    }, 
    {
      "max_elev": 1208, 
      "uid": "a1144641-b97e-4be5-9108-a8d8925c2634", 
      "area": 1.84, 
      "num_lifts": 1, 
      "source": "jsons/ski_area_elevations//europe-latest.json", 
      "min_elev": 1122, 
      "cumarea": 6998.8526150806465
    }
  ], 
  "end_x": 7002.430738426287, 
  "num": 1594, 
  "zoom": 12, 
  "start_x": 6998.04049971881
}