{
  "shown": [
    {
      "max_elev": 2803, 
      "cumarea": 707.5181382355645, 
      "area": 4.35, 
      "num_lifts": 11, 
      "name": "Tsakhkadzor", 
      "source": "jsons/ski_area_elevations//asia-latest.json", 
      "min_elev": 1965, 
      "uid": "c270c1a4-cb11-4648-86fb-292efc6f25ec"
    }
  ], 
  "end_x": 711.218670611322, 
  "num": 161, 
  "zoom": 12, 
  "start_x": 706.8284319038446
}