{
  "shown": [
    {
      "max_elev": 1187, 
      "uid": "16e9aff2-3763-408a-9829-33cc784ee654", 
      "area": 1.8900000000000001, 
      "num_lifts": 1, 
      "source": "jsons/ski_area_elevations//europe-latest.json", 
      "min_elev": 1073, 
      "cumarea": 7109.745170626787
    }
  ], 
  "end_x": 7112.18670611322, 
  "num": 1619, 
  "zoom": 12, 
  "start_x": 7107.796467405742
}