{
  "shown": [
    {
      "max_elev": 1175, 
      "uid": "cabca66c-3764-42f4-af23-088dc20b855a", 
      "area": 2.22, 
      "num_lifts": 7, 
      "source": "jsons/ski_area_elevations//europe-latest.json", 
      "min_elev": 930, 
      "cumarea": 7214.301044954474
    }, 
    {
      "max_elev": 1175, 
      "uid": "7d95080b-5439-4d1b-a6eb-dcc108b17c1c", 
      "area": 1.83, 
      "num_lifts": 1, 
      "source": "jsons/ski_area_elevations//europe-latest.json", 
      "min_elev": 937, 
      "cumarea": 7216.905360921327
    }
  ], 
  "end_x": 7217.5524350926735, 
  "num": 1643, 
  "zoom": 12, 
  "start_x": 7213.162196385196
}