{
  "shown": [
    {
      "max_elev": 1171, 
      "uid": "c1c4a4ad-302a-4428-917f-00b205bf084d", 
      "area": 1.94, 
      "num_lifts": 3, 
      "source": "jsons/ski_area_elevations//europe-latest.json", 
      "min_elev": 859, 
      "cumarea": 7230.071021942893
    }, 
    {
      "max_elev": 1172, 
      "uid": "1b5ccce8-ba4c-4f2c-ba17-791a1757bab7", 
      "area": 1.9000000000000001, 
      "num_lifts": 1, 
      "source": "jsons/ski_area_elevations//asia-latest.json", 
      "min_elev": 949, 
      "cumarea": 7227.408333969817
    }
  ], 
  "end_x": 7230.723151215107, 
  "num": 1646, 
  "zoom": 12, 
  "start_x": 7226.332912507629
}