{
  "shown": [
    {
      "max_elev": 1168, 
      "uid": "4dec8db8-2823-436e-83d2-ce3aae843cec", 
      "area": 1.8800000000000001, 
      "num_lifts": 5, 
      "source": "jsons/ski_area_elevations//europe-latest.json", 
      "min_elev": 1025, 
      "cumarea": 7248.4281217027465
    }, 
    {
      "max_elev": 1168, 
      "uid": "8def295d-cb54-4273-8b8e-2e41499fc413", 
      "area": 1.87, 
      "num_lifts": 1, 
      "source": "jsons/ski_area_elevations//europe-latest.json", 
      "min_elev": 811, 
      "cumarea": 7251.054060133613
    }
  ], 
  "end_x": 7252.674344752493, 
  "num": 1651, 
  "zoom": 12, 
  "start_x": 7248.2841060450155
}