{
  "shown": [
    {
      "max_elev": 1166, 
      "uid": "fa6a55db-c6c9-4f58-ac5c-9974fd0156e6", 
      "area": 1.9100000000000001, 
      "num_lifts": 1, 
      "source": "jsons/ski_area_elevations//europe-latest.json", 
      "min_elev": 275, 
      "cumarea": 7266.333837936563
    }, 
    {
      "max_elev": 1166, 
      "uid": "27eb8cb7-d3e4-4222-9d89-5e794449f2c9", 
      "area": 1.83, 
      "num_lifts": 1, 
      "source": "jsons/ski_area_elevations//europe-latest.json", 
      "min_elev": 984, 
      "cumarea": 7268.938153903417
    }
  ], 
  "end_x": 7270.235299582402, 
  "num": 1655, 
  "zoom": 12, 
  "start_x": 7265.8450608749245
}