{
  "shown": [
    {
      "max_elev": 2789, 
      "cumarea": 730.6999046849683, 
      "area": 9.950000000000001, 
      "num_lifts": 64, 
      "name": "Sun Valley", 
      "source": "jsons/ski_area_elevations//north-america-latest.json", 
      "min_elev": 1757, 
      "uid": "73c64bd0-62f8-4a22-99f6-6a514c8296f6"
    }
  ], 
  "end_x": 733.1698641487085, 
  "num": 166, 
  "zoom": 12, 
  "start_x": 728.7796254412311
}