{
  "shown": [
    {
      "max_elev": 1157, 
      "uid": "71650a04-03ec-410c-9bdb-4cfceeeed579", 
      "area": 3.35, 
      "num_lifts": 27, 
      "source": "jsons/ski_area_elevations//europe-latest.json", 
      "min_elev": 802, 
      "cumarea": 7328.117178628947
    }, 
    {
      "max_elev": 1157, 
      "uid": "8562b69c-35d8-406d-9bfb-b46ac6d08309", 
      "area": 1.82, 
      "num_lifts": 1, 
      "source": "jsons/ski_area_elevations//europe-latest.json", 
      "min_elev": 1053, 
      "cumarea": 7330.716015130036
    }
  ], 
  "end_x": 7331.6986414870835, 
  "num": 1669, 
  "zoom": 12, 
  "start_x": 7327.308402779607
}