{
  "shown": [
    {
      "max_elev": 1144, 
      "uid": "7d66d546-36c0-4098-9a8a-6ed6379b0ddb", 
      "area": 4.71, 
      "num_lifts": 8, 
      "source": "jsons/ski_area_elevations//europe-latest.json", 
      "min_elev": 878, 
      "cumarea": 7389.423127131763
    }, 
    {
      "max_elev": 1144, 
      "uid": "afabc860-dc7f-4e89-a4b0-eacdd1f31ad2", 
      "area": 1.85, 
      "num_lifts": 1, 
      "source": "jsons/ski_area_elevations//europe-latest.json", 
      "min_elev": 1023, 
      "cumarea": 7392.038312770854
    }
  ], 
  "end_x": 7393.161983391767, 
  "num": 1683, 
  "zoom": 12, 
  "start_x": 7388.771744684289
}