{
  "shown": [
    {
      "max_elev": 1142, 
      "uid": "9c731d54-f368-4be9-aaed-f393dc079c0d", 
      "area": 2.8600000000000003, 
      "num_lifts": 22, 
      "source": "jsons/ski_area_elevations//europe-latest.json", 
      "min_elev": 825, 
      "cumarea": 7397.698899967307
    }, 
    {
      "max_elev": 1142, 
      "uid": "8536a987-0b8a-4ea6-8587-a8db7c3ac34b", 
      "area": 1.85, 
      "num_lifts": 1, 
      "source": "jsons/ski_area_elevations//europe-latest.json", 
      "min_elev": 439, 
      "cumarea": 7400.314085606397
    }
  ], 
  "end_x": 7401.942460806721, 
  "num": 1685, 
  "zoom": 12, 
  "start_x": 7397.552222099244
}