{
  "shown": [
    {
      "max_elev": 1142, 
      "uid": "402b7b82-a7c9-47e3-a0a6-90b89a1128bb", 
      "area": 1.82, 
      "num_lifts": 1, 
      "source": "jsons/ski_area_elevations//europe-latest.json", 
      "min_elev": 1097, 
      "cumarea": 7402.912922107486
    }, 
    {
      "max_elev": 1142, 
      "uid": "e153fc9e-b5e2-4c80-b6bd-a6eea7bf4e84", 
      "area": 1.81, 
      "num_lifts": 1, 
      "source": "jsons/ski_area_elevations//europe-latest.json", 
      "min_elev": 1074, 
      "cumarea": 7405.5062489527645
    }
  ], 
  "end_x": 7406.332699514198, 
  "num": 1686, 
  "zoom": 12, 
  "start_x": 7401.942460806721
}