{
  "shown": [
    {
      "max_elev": 1141, 
      "uid": "ef32ac2a-a975-4ffc-aca9-1280fb462b4d", 
      "area": 2.1, 
      "num_lifts": 6, 
      "source": "jsons/ski_area_elevations//europe-latest.json", 
      "min_elev": 932, 
      "cumarea": 7408.248186297494
    }
  ], 
  "end_x": 7410.722938221676, 
  "num": 1687, 
  "zoom": 12, 
  "start_x": 7406.332699514198
}