{
  "shown": [
    {
      "max_elev": 1136, 
      "uid": "9b4a6fb2-37c1-4216-b299-25714a81b78c", 
      "area": 1.82, 
      "num_lifts": 1, 
      "source": "jsons/ski_area_elevations//europe-latest.json", 
      "min_elev": 1023, 
      "cumarea": 7435.252538562118
    }
  ], 
  "end_x": 7437.064370466539, 
  "num": 1693, 
  "zoom": 12, 
  "start_x": 7432.674131759062
}