{
  "shown": [
    {
      "max_elev": 2771, 
      "cumarea": 756.5142216207764, 
      "area": 28.740000000000002, 
      "num_lifts": 188, 
      "name": "Serre Chevalier", 
      "source": "jsons/ski_area_elevations//europe-latest.json", 
      "min_elev": 1212, 
      "uid": "800c6557-0a85-43f7-b9b3-03cb3cc7c47e"
    }
  ], 
  "end_x": 759.5112963935721, 
  "num": 172, 
  "zoom": 12, 
  "start_x": 755.1210576860949
}