{
  "shown": [
    {
      "max_elev": 1113, 
      "uid": "da9bed8a-2bab-44fa-a268-ceb858503125", 
      "area": 3.4299999999999997, 
      "num_lifts": 20, 
      "source": "jsons/ski_area_elevations//europe-latest.json", 
      "min_elev": 826, 
      "cumarea": 7560.570870736567
    }, 
    {
      "max_elev": 1113, 
      "uid": "36e6000b-ccfc-4932-badd-e89777041efc", 
      "area": 2.1, 
      "num_lifts": 3, 
      "source": "jsons/ski_area_elevations//europe-latest.json", 
      "min_elev": 917, 
      "cumarea": 7563.312808081296
    }
  ], 
  "end_x": 7564.38129298338, 
  "num": 1722, 
  "zoom": 12, 
  "start_x": 7559.9910542759035
}