{
  "shown": [
    {
      "max_elev": 1103, 
      "cumarea": 7665.554398041705, 
      "area": 13.4, 
      "num_lifts": 138, 
      "name": "Trysil", 
      "source": "jsons/ski_area_elevations//europe-latest.json", 
      "min_elev": 389, 
      "uid": "0c02945b-7762-4735-ad36-7df91250a971"
    }, 
    {
      "max_elev": 1103, 
      "uid": "820a7cbc-0266-418e-b427-2eaeb0e4c3e8", 
      "area": 1.94, 
      "num_lifts": 1, 
      "source": "jsons/ski_area_elevations//europe-latest.json", 
      "min_elev": 87, 
      "cumarea": 7668.217086014781
    }
  ], 
  "end_x": 7669.747021962836, 
  "num": 1746, 
  "zoom": 12, 
  "start_x": 7665.356783255358
}