{
  "shown": [
    {
      "max_elev": 1099, 
      "uid": "0b661929-c62e-4678-8f38-9ca2fccab317", 
      "area": 2.12, 
      "num_lifts": 3, 
      "source": "jsons/ski_area_elevations//europe-latest.json", 
      "min_elev": 602, 
      "cumarea": 7703.382308938353
    }, 
    {
      "max_elev": 1100, 
      "uid": "a2eafe20-0c20-4aa7-8ff2-41d316bed221", 
      "area": 1.81, 
      "num_lifts": 1, 
      "source": "jsons/ski_area_elevations//asia-latest.json", 
      "min_elev": 1008, 
      "cumarea": 7700.630892849669
    }
  ], 
  "end_x": 7704.868931622654, 
  "num": 1754, 
  "zoom": 12, 
  "start_x": 7700.478692915177
}