{
  "shown": [
    {
      "max_elev": 1087, 
      "uid": "f764fd5b-6d09-4886-9c9a-68cb3088b854", 
      "area": 2.9299999999999997, 
      "num_lifts": 4, 
      "source": "jsons/ski_area_elevations//asia-latest.json", 
      "min_elev": 625, 
      "cumarea": 7780.8724261952775
    }, 
    {
      "max_elev": 1086, 
      "uid": "5c5e672e-77c4-442d-99fc-cde9d1ea34de", 
      "area": 1.8800000000000001, 
      "num_lifts": 1, 
      "source": "jsons/ski_area_elevations//europe-latest.json", 
      "min_elev": 238, 
      "cumarea": 7783.503697972119
    }
  ], 
  "end_x": 7783.893228357245, 
  "num": 1772, 
  "zoom": 12, 
  "start_x": 7779.502989649767
}