{
  "shown": [
    {
      "max_elev": 1082, 
      "uid": "baca2026-b1de-41e9-aff2-84929adb1d19", 
      "area": 1.82, 
      "num_lifts": 1, 
      "source": "jsons/ski_area_elevations//europe-latest.json", 
      "min_elev": 1007, 
      "cumarea": 7808.0891958501325
    }
  ], 
  "end_x": 7810.234660602109, 
  "num": 1778, 
  "zoom": 12, 
  "start_x": 7805.8444218946315
}