{
  "shown": [
    {
      "max_elev": 1068, 
      "uid": "37962c14-a0a9-4878-8c6c-5e5f235691ec", 
      "area": 1.83, 
      "num_lifts": 1, 
      "source": "jsons/ski_area_elevations//europe-latest.json", 
      "min_elev": 849, 
      "cumarea": 7900.135665420477
    }
  ], 
  "end_x": 7902.429673459132, 
  "num": 1799, 
  "zoom": 12, 
  "start_x": 7898.039434751654
}