{
  "shown": [
    {
      "max_elev": 1057, 
      "uid": "46a096d1-f749-4c43-8c2d-073f63c467c9", 
      "area": 1.84, 
      "num_lifts": 1, 
      "source": "jsons/ski_area_elevations//europe-latest.json", 
      "min_elev": 790, 
      "cumarea": 7988.17713984288
    }
  ], 
  "end_x": 7990.234447608678, 
  "num": 1819, 
  "zoom": 12, 
  "start_x": 7985.844208901201
}