{
  "shown": [
    {
      "max_elev": 1039, 
      "uid": "a954784a-1862-42e4-93ad-96df544efb36", 
      "area": 1.85, 
      "num_lifts": 1, 
      "source": "jsons/ski_area_elevations//africa-latest.json", 
      "min_elev": 359, 
      "cumarea": 8150.2014432365995
    }
  ], 
  "end_x": 8152.673279785338, 
  "num": 1856, 
  "zoom": 12, 
  "start_x": 8148.283041077861
}