{
  "shown": [
    {
      "max_elev": 1020, 
      "uid": "4900c6fe-6ab2-423a-aef3-972963b85946", 
      "area": 1.97, 
      "num_lifts": 1, 
      "source": "jsons/ski_area_elevations//asia-latest.json", 
      "min_elev": 740, 
      "cumarea": 8288.411643856707
    }, 
    {
      "max_elev": 1020, 
      "uid": "62d43f92-31e4-46ca-a0e6-6548aceeb70c", 
      "area": 1.82, 
      "num_lifts": 1, 
      "source": "jsons/ski_area_elevations//europe-latest.json", 
      "min_elev": 961, 
      "cumarea": 8285.733610313957
    }
  ], 
  "end_x": 8288.770679717134, 
  "num": 1887, 
  "zoom": 12, 
  "start_x": 8284.380441009656
}