{
  "shown": [
    {
      "max_elev": 1020, 
      "uid": "91fce05e-8738-43a5-b8d4-9bb3e615d35b", 
      "area": 1.83, 
      "num_lifts": 1, 
      "source": "jsons/ski_area_elevations//asia-latest.json", 
      "min_elev": 832, 
      "cumarea": 8291.01595982356
    }
  ], 
  "end_x": 8293.160918424612, 
  "num": 1888, 
  "zoom": 12, 
  "start_x": 8288.770679717134
}