{
  "shown": [
    {
      "max_elev": 1018, 
      "uid": "fd4a63f5-87d3-493c-8c77-9e180b08f474", 
      "area": 2.43, 
      "num_lifts": 12, 
      "source": "jsons/ski_area_elevations//europe-latest.json", 
      "min_elev": 879, 
      "cumarea": 8299.285233397672
    }, 
    {
      "max_elev": 1018, 
      "uid": "beac490d-fb70-4309-bb9e-e40af53f7e64", 
      "area": 1.86, 
      "num_lifts": 4, 
      "source": "jsons/ski_area_elevations//europe-latest.json", 
      "min_elev": 920, 
      "cumarea": 8301.905809885397
    }
  ], 
  "end_x": 8301.941395839567, 
  "num": 1890, 
  "zoom": 12, 
  "start_x": 8297.55115713209
}