{
  "shown": [
    {
      "max_elev": 1018, 
      "uid": "8033a998-1522-468e-bf06-0f321c4c2a4f", 
      "area": 1.8, 
      "num_lifts": 1, 
      "source": "jsons/ski_area_elevations//europe-latest.json", 
      "min_elev": 1017, 
      "cumarea": 8304.4935965503
    }
  ], 
  "end_x": 8306.331634547043, 
  "num": 1891, 
  "zoom": 12, 
  "start_x": 8301.941395839567
}