{
  "shown": [
    {
      "max_elev": 1014, 
      "uid": "f1a7e342-96ab-41ee-87ad-7a86daef84f4", 
      "area": 2.09, 
      "num_lifts": 9, 
      "source": "jsons/ski_area_elevations//europe-latest.json", 
      "min_elev": 890, 
      "cumarea": 8346.727574832328
    }, 
    {
      "max_elev": 1014, 
      "uid": "d3842bd3-2117-4d27-822b-68bcb83e4e40", 
      "area": 1.85, 
      "num_lifts": 2, 
      "source": "jsons/ski_area_elevations//north-america-latest.json", 
      "min_elev": 695, 
      "cumarea": 8349.342760471418
    }
  ], 
  "end_x": 8350.234021621814, 
  "num": 1901, 
  "zoom": 12, 
  "start_x": 8345.843782914337
}