{
  "shown": [
    {
      "max_elev": 1012, 
      "uid": "b4d8a4bf-dea4-4dc4-af51-4ee7ea6cd8e8", 
      "area": 3.23, 
      "num_lifts": 17, 
      "source": "jsons/ski_area_elevations//europe-latest.json", 
      "min_elev": 550, 
      "cumarea": 8378.37150381125
    }
  ], 
  "end_x": 8380.965692574155, 
  "num": 1908, 
  "zoom": 12, 
  "start_x": 8376.575453866679
}