{
  "shown": [
    {
      "max_elev": 1010, 
      "uid": "85491cf2-a6f0-461b-be4c-992dc8f5e844", 
      "area": 1.9300000000000002, 
      "num_lifts": 2, 
      "source": "jsons/ski_area_elevations//europe-latest.json", 
      "min_elev": 796, 
      "cumarea": 8394.212094710589
    }, 
    {
      "max_elev": 1010, 
      "uid": "b1180705-f2f0-48ad-a47e-7f2393795cbf", 
      "area": 1.82, 
      "num_lifts": 1, 
      "source": "jsons/ski_area_elevations//europe-latest.json", 
      "min_elev": 864, 
      "cumarea": 8396.810931211678
    }
  ], 
  "end_x": 8398.526647404065, 
  "num": 1912, 
  "zoom": 12, 
  "start_x": 8394.136408696588
}