{
  "shown": [
    {
      "max_elev": 998, 
      "uid": "9aa19b7c-ab59-4742-93fd-2fa0492f8d6b", 
      "area": 1.81, 
      "num_lifts": 1, 
      "source": "jsons/ski_area_elevations//europe-latest.json", 
      "min_elev": 960, 
      "cumarea": 8501.204053425194
    }
  ], 
  "end_x": 8503.892376383523, 
  "num": 1936, 
  "zoom": 12, 
  "start_x": 8499.502137676045
}