{
  "shown": [
    {
      "max_elev": 2689, 
      "uid": "ee34e9bc-e769-4c7a-ab85-1f6115b0b65c", 
      "area": 1.81, 
      "num_lifts": 1, 
      "source": "jsons/ski_area_elevations//europe-latest.json", 
      "min_elev": 2661, 
      "cumarea": 857.889394702545
    }
  ], 
  "end_x": 860.48678666555, 
  "num": 195, 
  "zoom": 12, 
  "start_x": 856.0965479580727
}