{
  "shown": [
    {
      "max_elev": 984, 
      "uid": "49fbc8d4-0ca9-43ba-80c1-72114272bcef", 
      "area": 1.82, 
      "num_lifts": 1, 
      "source": "jsons/ski_area_elevations//europe-latest.json", 
      "min_elev": 946, 
      "cumarea": 8593.24590463137
    }, 
    {
      "max_elev": 984, 
      "uid": "f652d1aa-ff4f-4aa8-bb50-3ef834dac53c", 
      "area": 1.81, 
      "num_lifts": 1, 
      "source": "jsons/ski_area_elevations//europe-latest.json", 
      "min_elev": 915, 
      "cumarea": 8595.839231476648
    }
  ], 
  "end_x": 8596.087389240543, 
  "num": 1957, 
  "zoom": 12, 
  "start_x": 8591.697150533066
}