{
  "shown": [
    {
      "max_elev": 960, 
      "uid": "ce82d372-4616-40c3-b146-ace95a71b7b0", 
      "area": 1.84, 
      "num_lifts": 1, 
      "source": "jsons/ski_area_elevations//europe-latest.json", 
      "min_elev": 873, 
      "cumarea": 8785.455513110359
    }, 
    {
      "max_elev": 960, 
      "uid": "ccf2e7a8-4aec-4336-8546-e0bf507e65a5", 
      "area": 1.82, 
      "num_lifts": 1, 
      "source": "jsons/ski_area_elevations//europe-latest.json", 
      "min_elev": 830, 
      "cumarea": 8788.054349611448
    }
  ], 
  "end_x": 8789.257892369547, 
  "num": 2001, 
  "zoom": 12, 
  "start_x": 8784.86765366207
}