{
  "shown": [
    {
      "max_elev": 2669, 
      "cumarea": 884.4296235677954, 
      "area": 7.12, 
      "num_lifts": 42, 
      "name": "Puy Saint Vincent", 
      "source": "jsons/ski_area_elevations//europe-latest.json", 
      "min_elev": 1405, 
      "uid": "4e42e516-e757-4cbf-bfc2-601adff928f1"
    }
  ], 
  "end_x": 886.8282189104137, 
  "num": 201, 
  "zoom": 12, 
  "start_x": 882.4379802029364
}