{
  "shown": [
    {
      "max_elev": 951, 
      "uid": "ac24e340-1d8d-4e47-9a87-57f2e2751c8a", 
      "area": 1.8800000000000001, 
      "num_lifts": 2, 
      "source": "jsons/ski_area_elevations//europe-latest.json", 
      "min_elev": 861, 
      "cumarea": 8873.920161130718
    }, 
    {
      "max_elev": 951, 
      "uid": "9752eefa-5f71-4b1f-a639-aadc0a6f4902", 
      "area": 1.82, 
      "num_lifts": 1, 
      "source": "jsons/ski_area_elevations//europe-latest.json", 
      "min_elev": 825, 
      "cumarea": 8876.518997631807
    }
  ], 
  "end_x": 8877.06266651909, 
  "num": 2021, 
  "zoom": 12, 
  "start_x": 8872.672427811613
}