{
  "shown": [
    {
      "max_elev": 950, 
      "uid": "73288341-9768-4fdf-93b6-2be562401742", 
      "area": 1.86, 
      "num_lifts": 1, 
      "source": "jsons/ski_area_elevations//europe-latest.json", 
      "min_elev": 655, 
      "cumarea": 8888.165053527107
    }
  ], 
  "end_x": 8890.233382641523, 
  "num": 2024, 
  "zoom": 12, 
  "start_x": 8885.843143934046
}