{
  "shown": [
    {
      "max_elev": 939, 
      "cumarea": 8975.081856261791, 
      "area": 3.05, 
      "num_lifts": 1, 
      "name": "(not a ski area)", 
      "source": "jsons/ski_area_elevations//europe-latest.json", 
      "min_elev": 928, 
      "uid": "2a905e5a-d508-49ce-95a7-842fe2f3e5ff"
    }, 
    {
      "max_elev": 939, 
      "uid": "6f8a94c8-2599-49a0-96ca-44de0fa8da3c", 
      "area": 1.8900000000000001, 
      "num_lifts": 2, 
      "source": "jsons/ski_area_elevations//europe-latest.json", 
      "min_elev": 751, 
      "cumarea": 8977.718433090862
    }
  ], 
  "end_x": 8978.03815679107, 
  "num": 2044, 
  "zoom": 12, 
  "start_x": 8973.647918083592
}