{
  "shown": [
    {
      "max_elev": 921, 
      "uid": "24c0ad94-0439-4fc3-acc2-32ed3111aef4", 
      "area": 1.8800000000000001, 
      "num_lifts": 1, 
      "source": "jsons/ski_area_elevations//europe-latest.json", 
      "min_elev": 544, 
      "cumarea": 9123.681990981999
    }, 
    {
      "max_elev": 921, 
      "uid": "204f7dc5-0f8d-404d-917d-e102032a2583", 
      "area": 1.84, 
      "num_lifts": 1, 
      "source": "jsons/ski_area_elevations//europe-latest.json", 
      "min_elev": 430, 
      "cumarea": 9126.291756553619
    }
  ], 
  "end_x": 9127.306272845297, 
  "num": 2078, 
  "zoom": 12, 
  "start_x": 9122.91603413782
}