{
  "shown": [
    {
      "max_elev": 921, 
      "uid": "06bcd369-6f21-4ac1-b12e-9b7e0542dd24", 
      "area": 1.82, 
      "num_lifts": 1, 
      "source": "jsons/ski_area_elevations//europe-latest.json", 
      "min_elev": 813, 
      "cumarea": 9128.890593054708
    }, 
    {
      "max_elev": 921, 
      "uid": "cf191ab2-4dda-4c17-b5da-fd6c25ffe0ec", 
      "area": 1.82, 
      "num_lifts": 1, 
      "source": "jsons/ski_area_elevations//europe-latest.json", 
      "min_elev": 867, 
      "cumarea": 9131.489429555797
    }
  ], 
  "end_x": 9131.696511552775, 
  "num": 2079, 
  "zoom": 12, 
  "start_x": 9127.306272845297
}