{
  "shown": [
    {
      "max_elev": 919, 
      "uid": "15c9c7c5-1744-4196-ba4a-39b60f6db7cd", 
      "area": 1.92, 
      "num_lifts": 1, 
      "source": "jsons/ski_area_elevations//europe-latest.json", 
      "min_elev": 527, 
      "cumarea": 9150.3843449114
    }, 
    {
      "max_elev": 919, 
      "uid": "204fb376-4e19-45b7-8d58-615a058c7e2f", 
      "area": 1.83, 
      "num_lifts": 1, 
      "source": "jsons/ski_area_elevations//europe-latest.json", 
      "min_elev": 798, 
      "cumarea": 9152.988660878253
    }
  ], 
  "end_x": 9153.64770509016, 
  "num": 2084, 
  "zoom": 12, 
  "start_x": 9149.257466382684
}