{
  "shown": [
    {
      "max_elev": 911, 
      "uid": "bfff9934-eeb0-4b9e-836d-5d22ee870403", 
      "area": 2.31, 
      "num_lifts": 11, 
      "source": "jsons/ski_area_elevations//europe-latest.json", 
      "min_elev": 716, 
      "cumarea": 9192.778120526475
    }, 
    {
      "max_elev": 912, 
      "uid": "3e6fbb8e-bf83-42a4-89e2-56568154857c", 
      "area": 1.83, 
      "num_lifts": 1, 
      "source": "jsons/ski_area_elevations//north-america-latest.json", 
      "min_elev": 871, 
      "cumarea": 9189.94087300194
    }
  ], 
  "end_x": 9193.159853457459, 
  "num": 2093, 
  "zoom": 12, 
  "start_x": 9188.769614749981
}