{
  "shown": [
    {
      "max_elev": 902, 
      "uid": "bad7fafc-6d11-402f-a3c4-cb6811ad2135", 
      "area": 1.85, 
      "num_lifts": 1, 
      "source": "jsons/ski_area_elevations//europe-latest.json", 
      "min_elev": 733, 
      "cumarea": 9246.784677972746
    }, 
    {
      "max_elev": 902, 
      "uid": "af34e231-315d-4c40-aa53-22d19c5a208a", 
      "area": 1.83, 
      "num_lifts": 1, 
      "source": "jsons/ski_area_elevations//europe-latest.json", 
      "min_elev": 755, 
      "cumarea": 9249.3889939396
    }
  ], 
  "end_x": 9250.232956654665, 
  "num": 2106, 
  "zoom": 12, 
  "start_x": 9245.842717947187
}