{
  "shown": [
    {
      "max_elev": 2640, 
      "uid": "bd5b88f8-c0bb-4114-bd74-d131135a9aa7", 
      "area": 1.86, 
      "num_lifts": 1, 
      "source": "jsons/ski_area_elevations//europe-latest.json", 
      "min_elev": 1867, 
      "cumarea": 932.0932371095075
    }
  ], 
  "end_x": 935.1208446926639, 
  "num": 212, 
  "zoom": 12, 
  "start_x": 930.7306059851867
}