{
  "shown": [
    {
      "max_elev": 888, 
      "uid": "b7850651-c95e-4dc6-b544-7342349b7e4d", 
      "area": 4.56, 
      "num_lifts": 21, 
      "source": "jsons/ski_area_elevations//europe-latest.json", 
      "min_elev": 614, 
      "cumarea": 9345.954266017034
    }, 
    {
      "max_elev": 889, 
      "uid": "61c9e934-b61e-447e-a4a4-4ad35258aea3", 
      "area": 1.81, 
      "num_lifts": 1, 
      "source": "jsons/ski_area_elevations//europe-latest.json", 
      "min_elev": 805, 
      "cumarea": 9342.436943393508
    }
  ], 
  "end_x": 9346.818208219163, 
  "num": 2128, 
  "zoom": 12, 
  "start_x": 9342.427969511686
}