{
  "shown": [], 
  "end_x": 9355.598685634119, 
  "num": 2130, 
  "zoom": 12, 
  "start_x": 9351.208446926641
}