{
  "shown": [
    {
      "max_elev": 880, 
      "uid": "d949eb56-0cee-451f-a329-18b22a44b3bb", 
      "area": 2.08, 
      "num_lifts": 3, 
      "source": "jsons/ski_area_elevations//europe-latest.json", 
      "min_elev": 575, 
      "cumarea": 9435.929823271834
    }, 
    {
      "max_elev": 880, 
      "uid": "7114ba1a-b2b7-4bde-bd6d-09e61bb238c5", 
      "area": 1.9100000000000001, 
      "num_lifts": 1, 
      "source": "jsons/ski_area_elevations//europe-latest.json", 
      "min_elev": 325, 
      "cumarea": 9438.576926513892
    }
  ], 
  "end_x": 9439.013221076188, 
  "num": 2149, 
  "zoom": 12, 
  "start_x": 9434.62298236871
}