{
  "shown": [
    {
      "max_elev": 876, 
      "uid": "1bfe0f4c-0453-4b44-9de5-4de883bf98c1", 
      "area": 1.81, 
      "num_lifts": 1, 
      "source": "jsons/ski_area_elevations//europe-latest.json", 
      "min_elev": 851, 
      "cumarea": 9476.134292089926
    }
  ], 
  "end_x": 9478.525369443483, 
  "num": 2158, 
  "zoom": 12, 
  "start_x": 9474.135130736006
}