{
  "shown": [
    {
      "max_elev": 871, 
      "uid": "155e0f75-ca94-4023-b494-8054ef915b78", 
      "area": 1.83, 
      "num_lifts": 1, 
      "source": "jsons/ski_area_elevations//asia-latest.json", 
      "min_elev": 782, 
      "cumarea": 9524.130010750943
    }
  ], 
  "end_x": 9526.817995225734, 
  "num": 2169, 
  "zoom": 12, 
  "start_x": 9522.427756518257
}