{
  "shown": [
    {
      "max_elev": 865, 
      "uid": "ccae1107-f0ba-4567-8ef3-5dec5723402c", 
      "area": 2.31, 
      "num_lifts": 8, 
      "source": "jsons/ski_area_elevations//europe-latest.json", 
      "min_elev": 679, 
      "cumarea": 9576.648867266227
    }, 
    {
      "max_elev": 865, 
      "uid": "a9b8ae8c-70ef-4f2d-8159-4ea679d300a9", 
      "area": 1.94, 
      "num_lifts": 4, 
      "source": "jsons/ski_area_elevations//europe-latest.json", 
      "min_elev": 323, 
      "cumarea": 9579.311555239303
    }
  ], 
  "end_x": 9579.50085971546, 
  "num": 2181, 
  "zoom": 12, 
  "start_x": 9575.110621007982
}