{
  "shown": [
    {
      "max_elev": 854, 
      "uid": "259c3188-1cc1-465b-b91b-ede5b25004e1", 
      "area": 1.85, 
      "num_lifts": 1, 
      "source": "jsons/ski_area_elevations//europe-latest.json", 
      "min_elev": 738, 
      "cumarea": 9689.963697292045
    }, 
    {
      "max_elev": 854, 
      "uid": "704c54c0-f41f-4f72-92ae-a1d2ff003911", 
      "area": 1.84, 
      "num_lifts": 2, 
      "source": "jsons/ski_area_elevations//europe-latest.json", 
      "min_elev": 737, 
      "cumarea": 9692.573462863666
    }
  ], 
  "end_x": 9693.64706610987, 
  "num": 2207, 
  "zoom": 12, 
  "start_x": 9689.256827402394
}