{
  "shown": [
    {
      "max_elev": 847, 
      "uid": "f8615d13-f7ad-4c64-a3c5-e5b88397360c", 
      "area": 2.15, 
      "num_lifts": 6, 
      "source": "jsons/ski_area_elevations//europe-latest.json", 
      "min_elev": 738, 
      "cumarea": 9732.819021304838
    }, 
    {
      "max_elev": 848, 
      "uid": "59e080c8-1c16-42ec-8200-5a06c01bb6b4", 
      "area": 1.81, 
      "num_lifts": 1, 
      "source": "jsons/ski_area_elevations//europe-latest.json", 
      "min_elev": 780, 
      "cumarea": 9730.053553462698
    }
  ], 
  "end_x": 9733.159214477168, 
  "num": 2216, 
  "zoom": 12, 
  "start_x": 9728.76897576969
}