{
  "shown": [
    {
      "max_elev": 2617, 
      "cumarea": 982.9339849540085, 
      "area": 7.76, 
      "num_lifts": 59, 
      "name": "Sunshine Village", 
      "source": "jsons/ski_area_elevations//north-america-latest.json", 
      "min_elev": 1685, 
      "uid": "22fbb2e5-e928-4947-86a2-942eb78491be"
    }
  ], 
  "end_x": 983.4134704749142, 
  "num": 223, 
  "zoom": 12, 
  "start_x": 979.023231767437
}