{
  "shown": [
    {
      "max_elev": 838, 
      "uid": "5728fabf-cfcf-4620-8941-7a5d935ac5a0", 
      "area": 2.19, 
      "num_lifts": 9, 
      "source": "jsons/ski_area_elevations//europe-latest.json", 
      "min_elev": 631, 
      "cumarea": 9818.790543558342
    }
  ], 
  "end_x": 9820.96398862671, 
  "num": 2236, 
  "zoom": 12, 
  "start_x": 9816.573749919235
}