{
  "shown": [
    {
      "max_elev": 837, 
      "uid": "419178c4-9fb4-40fe-ba69-34825e9288ac", 
      "area": 1.84, 
      "num_lifts": 3, 
      "source": "jsons/ski_area_elevations//europe-latest.json", 
      "min_elev": 742, 
      "cumarea": 9834.706457017757
    }, 
    {
      "max_elev": 837, 
      "uid": "e7909b9f-b562-4f98-817f-8838ec5d481a", 
      "area": 1.83, 
      "num_lifts": 1, 
      "source": "jsons/ski_area_elevations//europe-latest.json", 
      "min_elev": 713, 
      "cumarea": 9837.31077298461
    }
  ], 
  "end_x": 9838.524943456621, 
  "num": 2240, 
  "zoom": 12, 
  "start_x": 9834.134704749144
}