{
  "shown": [
    {
      "max_elev": 832, 
      "uid": "7c832bcb-d4ba-43c0-8f56-69332d314e0e", 
      "area": 1.83, 
      "num_lifts": 1, 
      "source": "jsons/ski_area_elevations//europe-latest.json", 
      "min_elev": 609, 
      "cumarea": 9891.521688946625
    }, 
    {
      "max_elev": 832, 
      "uid": "c97238d7-cf4b-4faf-b083-0df927592fe9", 
      "area": 1.8, 
      "num_lifts": 1, 
      "source": "jsons/ski_area_elevations//europe-latest.json", 
      "min_elev": 826, 
      "cumarea": 9894.109475611527
    }
  ], 
  "end_x": 9895.598046653824, 
  "num": 2253, 
  "zoom": 12, 
  "start_x": 9891.207807946346
}