{
  "shown": [
    {
      "max_elev": 831, 
      "uid": "c396143c-7684-4e23-b20a-2022c7665366", 
      "area": 1.9000000000000001, 
      "num_lifts": 1, 
      "source": "jsons/ski_area_elevations//asia-latest.json", 
      "min_elev": 109, 
      "cumarea": 9907.91892881962
    }, 
    {
      "max_elev": 831, 
      "uid": "4d9af324-b152-4b46-8aa3-6e3ad3122bbf", 
      "area": 1.83, 
      "num_lifts": 1, 
      "source": "jsons/ski_area_elevations//europe-latest.json", 
      "min_elev": 724, 
      "cumarea": 9905.277074933447
    }
  ], 
  "end_x": 9908.768762776257, 
  "num": 2256, 
  "zoom": 12, 
  "start_x": 9904.37852406878
}