{
  "shown": [
    {
      "max_elev": 828, 
      "uid": "682af63e-e06c-49c4-af11-abbe919331c4", 
      "area": 1.81, 
      "num_lifts": 1, 
      "source": "jsons/ski_area_elevations//europe-latest.json", 
      "min_elev": 792, 
      "cumarea": 9915.742159339245
    }
  ], 
  "end_x": 9917.549240191212, 
  "num": 2258, 
  "zoom": 12, 
  "start_x": 9913.159001483735
}