{
  "shown": [
    {
      "max_elev": 828, 
      "cumarea": 9919.35558927295, 
      "area": 5.0200000000000005, 
      "num_lifts": 69, 
      "name": "Mount Sunapee Resort", 
      "source": "jsons/ski_area_elevations//north-america-latest.json", 
      "min_elev": 383, 
      "uid": "859637e2-0998-4ac1-a4da-cb978798b853"
    }
  ], 
  "end_x": 9921.939478898688, 
  "num": 2259, 
  "zoom": 12, 
  "start_x": 9917.549240191212
}