{
  "shown": [
    {
      "max_elev": 827, 
      "uid": "1ceaa12f-ab44-42e5-b289-c86617515407", 
      "area": 1.82, 
      "num_lifts": 1, 
      "source": "jsons/ski_area_elevations//south-america-latest.json", 
      "min_elev": 693, 
      "cumarea": 9932.536591515389
    }
  ], 
  "end_x": 9935.11019502112, 
  "num": 2262, 
  "zoom": 12, 
  "start_x": 9930.719956313642
}