{
  "shown": [
    {
      "max_elev": 807, 
      "uid": "1e57f408-d9ec-40d9-960d-987b8782f218", 
      "area": 3.8099999999999996, 
      "num_lifts": 23, 
      "source": "jsons/ski_area_elevations//north-america-latest.json", 
      "min_elev": 517, 
      "cumarea": 10136.103397909406
    }, 
    {
      "max_elev": 807, 
      "uid": "cefd8707-2713-4782-b81e-c84d52d6e026", 
      "area": 1.81, 
      "num_lifts": 1, 
      "source": "jsons/ski_area_elevations//europe-latest.json", 
      "min_elev": 755, 
      "cumarea": 10132.765768720268
    }
  ], 
  "end_x": 10137.061175565075, 
  "num": 2308, 
  "zoom": 12, 
  "start_x": 10132.6709368576
}