{
  "shown": [
    {
      "max_elev": 2596, 
      "uid": "8e4bc29b-9b41-4d5d-874e-8c8fbd81de27", 
      "area": 1.8800000000000001, 
      "num_lifts": 1, 
      "source": "jsons/ski_area_elevations//north-america-latest.json", 
      "min_elev": 2551, 
      "cumarea": 1025.4967996484247
    }
  ], 
  "end_x": 1027.3158575496873, 
  "num": 233, 
  "zoom": 12, 
  "start_x": 1022.9256188422099
}