{
  "shown": [
    {
      "max_elev": 796, 
      "uid": "b4a047b3-f4c7-4251-b133-7eb98e34b6ca", 
      "area": 2.46, 
      "num_lifts": 12, 
      "source": "jsons/ski_area_elevations//europe-latest.json", 
      "min_elev": 331, 
      "cumarea": 10264.933120571002
    }, 
    {
      "max_elev": 796, 
      "uid": "df5acb90-06c5-4e21-ad5d-cad65e921823", 
      "area": 1.87, 
      "num_lifts": 1, 
      "source": "jsons/ski_area_elevations//europe-latest.json", 
      "min_elev": 578, 
      "cumarea": 10267.55905900187
    }
  ], 
  "end_x": 10268.768336789395, 
  "num": 2338, 
  "zoom": 12, 
  "start_x": 10264.378098081917
}