{
  "shown": [
    {
      "max_elev": 788, 
      "uid": "de5ea929-73ff-4131-afe3-c33c5f9267c5", 
      "area": 2.22, 
      "num_lifts": 8, 
      "source": "jsons/ski_area_elevations//europe-latest.json", 
      "min_elev": 465, 
      "cumarea": 10350.47124056444
    }
  ], 
  "end_x": 10352.182872231464, 
  "num": 2357, 
  "zoom": 12, 
  "start_x": 10347.792633523986
}