{
  "shown": [
    {
      "max_elev": 787, 
      "uid": "0d4d90d7-5e32-448d-997e-adb27b89bc30", 
      "area": 1.83, 
      "num_lifts": 1, 
      "source": "jsons/ski_area_elevations//europe-latest.json", 
      "min_elev": 686, 
      "cumarea": 10364.36509359515
    }, 
    {
      "max_elev": 788, 
      "uid": "4982f077-f3ad-49b1-ac37-dcc177fa4fc0", 
      "area": 1.82, 
      "num_lifts": 1, 
      "source": "jsons/ski_area_elevations//asia-latest.json", 
      "min_elev": 768, 
      "cumarea": 10361.760777628297
    }
  ], 
  "end_x": 10365.353588353897, 
  "num": 2360, 
  "zoom": 12, 
  "start_x": 10360.96334964642
}