{
  "shown": [
    {
      "max_elev": 778, 
      "uid": "7a14690b-dad6-4aea-8ac0-0a621e69d493", 
      "area": 1.82, 
      "num_lifts": 1, 
      "source": "jsons/ski_area_elevations//europe-latest.json", 
      "min_elev": 625, 
      "cumarea": 10485.719930460737
    }
  ], 
  "end_x": 10488.280272163258, 
  "num": 2388, 
  "zoom": 12, 
  "start_x": 10483.890033455782
}