{
  "shown": [
    {
      "max_elev": 776, 
      "uid": "ba9943d2-1a1b-44d5-9966-2d23a61a6db4", 
      "area": 1.82, 
      "num_lifts": 2, 
      "source": "jsons/ski_area_elevations//europe-latest.json", 
      "min_elev": 763, 
      "cumarea": 10502.927448569648
    }, 
    {
      "max_elev": 776, 
      "uid": "6004b385-d34a-4642-b303-787d1005748d", 
      "area": 1.81, 
      "num_lifts": 1, 
      "source": "jsons/ski_area_elevations//europe-latest.json", 
      "min_elev": 723, 
      "cumarea": 10505.520775414925
    }
  ], 
  "end_x": 10505.841226993169, 
  "num": 2392, 
  "zoom": 12, 
  "start_x": 10501.450988285691
}