{
  "shown": [
    {
      "max_elev": 775, 
      "uid": "00a933a7-4f10-4acb-a0df-dfd38c5d230d", 
      "area": 1.92, 
      "num_lifts": 4, 
      "source": "jsons/ski_area_elevations//europe-latest.json", 
      "min_elev": 561, 
      "cumarea": 10511.048569338318
    }, 
    {
      "max_elev": 775, 
      "uid": "6cdcd2fa-6688-4410-a2b8-b39c92fc942e", 
      "area": 1.87, 
      "num_lifts": 2, 
      "source": "jsons/ski_area_elevations//europe-latest.json", 
      "min_elev": 562, 
      "cumarea": 10513.674507769185
    }
  ], 
  "end_x": 10514.621704408124, 
  "num": 2394, 
  "zoom": 12, 
  "start_x": 10510.231465700646
}