{
  "shown": [
    {
      "max_elev": 774, 
      "uid": "78c41bc0-78df-4029-9057-6e3b33e424a4", 
      "area": 2.09, 
      "num_lifts": 10, 
      "source": "jsons/ski_area_elevations//europe-latest.json", 
      "min_elev": 628, 
      "cumarea": 10524.370202015574
    }, 
    {
      "max_elev": 774, 
      "uid": "8e75670c-9790-4065-961c-405cf2f88249", 
      "area": 1.94, 
      "num_lifts": 3, 
      "source": "jsons/ski_area_elevations//europe-latest.json", 
      "min_elev": 682, 
      "cumarea": 10527.03288998865
    }
  ], 
  "end_x": 10527.792420530557, 
  "num": 2397, 
  "zoom": 12, 
  "start_x": 10523.40218182308
}