{
  "shown": [
    {
      "max_elev": 772, 
      "uid": "25dca84d-60f6-4207-aeb2-6688ede41642", 
      "area": 2.12, 
      "num_lifts": 8, 
      "source": "jsons/ski_area_elevations//asia-latest.json", 
      "min_elev": 619, 
      "cumarea": 10553.57873925356
    }, 
    {
      "max_elev": 772, 
      "uid": "995156d2-3203-4583-8a38-9e7490d72636", 
      "area": 1.8800000000000001, 
      "num_lifts": 5, 
      "source": "jsons/ski_area_elevations//europe-latest.json", 
      "min_elev": 676, 
      "cumarea": 10550.827323164876
    }
  ], 
  "end_x": 10554.13385277542, 
  "num": 2403, 
  "zoom": 12, 
  "start_x": 10549.743614067942
}