{
  "shown": [
    {
      "max_elev": 769, 
      "uid": "7efb0d51-fdc5-4b6a-aac8-7df0e93aff6c", 
      "area": 1.8800000000000001, 
      "num_lifts": 2, 
      "source": "jsons/ski_area_elevations//europe-latest.json", 
      "min_elev": 675, 
      "cumarea": 10585.30450725666
    }, 
    {
      "max_elev": 769, 
      "uid": "3b997277-3c3d-4969-9416-d1392e601a40", 
      "area": 1.83, 
      "num_lifts": 1, 
      "source": "jsons/ski_area_elevations//europe-latest.json", 
      "min_elev": 728, 
      "cumarea": 10587.908823223514
    }
  ], 
  "end_x": 10589.25576243524, 
  "num": 2411, 
  "zoom": 12, 
  "start_x": 10584.865523727764
}