{
  "shown": [
    {
      "max_elev": 768, 
      "uid": "bb72992e-674c-4dc2-9c14-63affba57ede", 
      "area": 1.8800000000000001, 
      "num_lifts": 1, 
      "source": "jsons/ski_area_elevations//europe-latest.json", 
      "min_elev": 675, 
      "cumarea": 10598.943721093317
    }, 
    {
      "max_elev": 768, 
      "uid": "6809d9f4-e08c-4141-aafc-b7fa3b2f5757", 
      "area": 1.87, 
      "num_lifts": 1, 
      "source": "jsons/ski_area_elevations//europe-latest.json", 
      "min_elev": 533, 
      "cumarea": 10601.569659524184
    }
  ], 
  "end_x": 10602.42647855767, 
  "num": 2414, 
  "zoom": 12, 
  "start_x": 10598.036239850193
}