{
  "shown": [
    {
      "max_elev": 763, 
      "uid": "b5300305-e6f7-4093-b7c3-c801e4cc977a", 
      "area": 1.83, 
      "num_lifts": 1, 
      "source": "jsons/ski_area_elevations//europe-latest.json", 
      "min_elev": 624, 
      "cumarea": 10651.870551741335
    }, 
    {
      "max_elev": 763, 
      "uid": "795ae682-022f-49b2-9856-8cb73e4544f8", 
      "area": 1.81, 
      "num_lifts": 2, 
      "source": "jsons/ski_area_elevations//europe-latest.json", 
      "min_elev": 742, 
      "cumarea": 10654.463878586612
    }
  ], 
  "end_x": 10655.1093430474, 
  "num": 2426, 
  "zoom": 12, 
  "start_x": 10650.719104339922
}