{
  "shown": [
    {
      "max_elev": 747, 
      "uid": "4ab975b3-89bd-4587-8b5f-78e21d33f2b7", 
      "area": 1.97, 
      "num_lifts": 2, 
      "source": "jsons/ski_area_elevations//europe-latest.json", 
      "min_elev": 600, 
      "cumarea": 10779.796687074391
    }
  ], 
  "end_x": 10782.426265564238, 
  "num": 2455, 
  "zoom": 12, 
  "start_x": 10778.03602685676
}