{
  "shown": [
    {
      "max_elev": 737, 
      "uid": "9f915459-93fe-4b6f-95bd-f7a276d81c04", 
      "area": 2.0300000000000002, 
      "num_lifts": 2, 
      "source": "jsons/ski_area_elevations//europe-latest.json", 
      "min_elev": 580, 
      "cumarea": 10896.500897788284
    }, 
    {
      "max_elev": 738, 
      "uid": "0e656d23-c82d-438d-98ef-d4dee12f18eb", 
      "area": 1.85, 
      "num_lifts": 1, 
      "source": "jsons/ski_area_elevations//north-america-latest.json", 
      "min_elev": 514, 
      "cumarea": 10893.79286199523
    }
  ], 
  "end_x": 10896.57247195865, 
  "num": 2481, 
  "zoom": 12, 
  "start_x": 10892.182233251173
}