{
  "shown": [
    {
      "max_elev": 2560, 
      "cumarea": 1095.3378131151712, 
      "area": 5.97, 
      "num_lifts": 23, 
      "name": "Wei\u00dfsee Gletscherwelt", 
      "source": "jsons/ski_area_elevations//europe-latest.json", 
      "min_elev": 1478, 
      "uid": "79a64f73-41a0-4d0d-b6ed-753c0415950b"
    }
  ], 
  "end_x": 1097.559676869324, 
  "num": 249, 
  "zoom": 12, 
  "start_x": 1093.1694381618468
}