{
  "shown": [
    {
      "max_elev": 735, 
      "uid": "41627cf7-edf4-4709-97c1-76bf1f3b0249", 
      "area": 2.47, 
      "num_lifts": 3, 
      "source": "jsons/ski_area_elevations//asia-latest.json", 
      "min_elev": 461, 
      "cumarea": 10933.343859461645
    }, 
    {
      "max_elev": 734, 
      "uid": "29de1ffd-1829-40c4-8dfc-306662429e48", 
      "area": 1.86, 
      "num_lifts": 2, 
      "source": "jsons/ski_area_elevations//europe-latest.json", 
      "min_elev": 659, 
      "cumarea": 10935.96443594937
    }
  ], 
  "end_x": 10936.084620325946, 
  "num": 2490, 
  "zoom": 12, 
  "start_x": 10931.694381618468
}