{
  "shown": [
    {
      "max_elev": 3654, 
      "cumarea": 111.72463595646886, 
      "area": 12.32, 
      "num_lifts": 49, 
      "name": "Winter Park", 
      "source": "jsons/ski_area_elevations//north-america-latest.json", 
      "min_elev": 2770, 
      "uid": "2bedad4a-b26f-46d6-a47d-015eee15a0da"
    }
  ], 
  "end_x": 114.14620639440969, 
  "num": 25, 
  "zoom": 12, 
  "start_x": 109.7559676869324
}