{
  "shown": [
    {
      "max_elev": 724, 
      "uid": "f0cdae13-80fc-4149-bae6-abc8c5c0ec42", 
      "area": 2.39, 
      "num_lifts": 12, 
      "source": "jsons/ski_area_elevations//europe-latest.json", 
      "min_elev": 560, 
      "cumarea": 11032.492571138224
    }, 
    {
      "max_elev": 725, 
      "uid": "139c648f-c3c6-4fe8-a652-889f5e5232ad", 
      "area": 1.82, 
      "num_lifts": 1, 
      "source": "jsons/ski_area_elevations//north-america-latest.json", 
      "min_elev": 590, 
      "cumarea": 11029.621277772281
    }
  ], 
  "end_x": 11032.669871890444, 
  "num": 2512, 
  "zoom": 12, 
  "start_x": 11028.279633182967
}