{
  "shown": [
    {
      "max_elev": 723, 
      "uid": "b766b696-cf7c-434a-b421-36348375c04d", 
      "area": 3.58, 
      "num_lifts": 48, 
      "source": "jsons/ski_area_elevations//north-america-latest.json", 
      "min_elev": 379, 
      "cumarea": 11057.147990687883
    }
  ], 
  "end_x": 11059.011304135307, 
  "num": 2518, 
  "zoom": 12, 
  "start_x": 11054.62106542783
}