{
  "shown": [
    {
      "max_elev": 722, 
      "cumarea": 11065.931383769752, 
      "area": 2.19, 
      "num_lifts": 7, 
      "name": "Vr\u00e5dal Panorama", 
      "source": "jsons/ski_area_elevations//europe-latest.json", 
      "min_elev": 270, 
      "uid": "c2475574-ef1f-48d9-8e16-530f6b99433a"
    }
  ], 
  "end_x": 11067.791781550262, 
  "num": 2520, 
  "zoom": 12, 
  "start_x": 11063.401542842785
}