{
  "shown": [
    {
      "max_elev": 717, 
      "uid": "b4e16a0e-92e0-47b5-9212-1c78dda67ee1", 
      "area": 1.82, 
      "num_lifts": 1, 
      "source": "jsons/ski_area_elevations//europe-latest.json", 
      "min_elev": 633, 
      "cumarea": 11129.324219540855
    }, 
    {
      "max_elev": 717, 
      "uid": "2935644b-9215-48e2-a395-55feafdfb55d", 
      "area": 1.82, 
      "num_lifts": 1, 
      "source": "jsons/ski_area_elevations//europe-latest.json", 
      "min_elev": 672, 
      "cumarea": 11131.923056041944
    }
  ], 
  "end_x": 11133.645362162424, 
  "num": 2535, 
  "zoom": 12, 
  "start_x": 11129.255123454946
}