{
  "shown": [
    {
      "max_elev": 709, 
      "uid": "6addb549-a561-4a41-a827-45d31c8b8d9b", 
      "area": 1.97, 
      "num_lifts": 10, 
      "source": "jsons/ski_area_elevations//europe-latest.json", 
      "min_elev": 575, 
      "cumarea": 11208.179113206452
    }, 
    {
      "max_elev": 710, 
      "uid": "43e2f573-4a01-4b42-bc0e-ea6c9be31a12", 
      "area": 1.85, 
      "num_lifts": 2, 
      "source": "jsons/ski_area_elevations//europe-latest.json", 
      "min_elev": 617, 
      "cumarea": 11205.501079663702
    }
  ], 
  "end_x": 11208.279420189538, 
  "num": 2552, 
  "zoom": 12, 
  "start_x": 11203.88918148206
}