{
  "shown": [
    {
      "max_elev": 708, 
      "cumarea": 11232.703243455891, 
      "area": 2.3200000000000003, 
      "num_lifts": 15, 
      "name": "(mine)", 
      "source": "jsons/ski_area_elevations//south-america-latest.json", 
      "min_elev": 572, 
      "uid": "65e6174b-c902-4129-8b4d-7675dde3ceb6"
    }
  ], 
  "end_x": 11234.6208524344, 
  "num": 2558, 
  "zoom": 12, 
  "start_x": 11230.230613726922
}