{
  "shown": [
    {
      "max_elev": 704, 
      "uid": "11d9efc5-eab3-45ce-bd42-246852298778", 
      "area": 1.83, 
      "num_lifts": 1, 
      "source": "jsons/ski_area_elevations//europe-latest.json", 
      "min_elev": 412, 
      "cumarea": 11261.94099084618
    }, 
    {
      "max_elev": 704, 
      "uid": "55bdcfe7-c217-4e60-82a5-990bd4d98b3f", 
      "area": 1.82, 
      "num_lifts": 1, 
      "source": "jsons/ski_area_elevations//europe-latest.json", 
      "min_elev": 594, 
      "cumarea": 11264.53982734727
    }
  ], 
  "end_x": 11265.35252338674, 
  "num": 2565, 
  "zoom": 12, 
  "start_x": 11260.962284679263
}