{
  "shown": [
    {
      "max_elev": 702, 
      "uid": "c7bb83b2-e8ce-4ed9-9680-e0e27c5b93bd", 
      "area": 2.02, 
      "num_lifts": 3, 
      "source": "jsons/ski_area_elevations//europe-latest.json", 
      "min_elev": 485, 
      "cumarea": 11267.242924858683
    }
  ], 
  "end_x": 11269.742762094218, 
  "num": 2566, 
  "zoom": 12, 
  "start_x": 11265.35252338674
}