{
  "shown": [
    {
      "max_elev": 700, 
      "uid": "58571548-7e3d-4882-b14d-a5d6c225e137", 
      "area": 1.83, 
      "num_lifts": 1, 
      "source": "jsons/ski_area_elevations//europe-latest.json", 
      "min_elev": 532, 
      "cumarea": 11297.113106269951
    }, 
    {
      "max_elev": 700, 
      "uid": "bcae8062-8f29-4987-851e-b42a30ddeca8", 
      "area": 1.82, 
      "num_lifts": 1, 
      "source": "jsons/ski_area_elevations//europe-latest.json", 
      "min_elev": 680, 
      "cumarea": 11299.71194277104
    }
  ], 
  "end_x": 11300.474433046558, 
  "num": 2573, 
  "zoom": 12, 
  "start_x": 11296.08419433908
}