{
  "shown": [
    {
      "max_elev": 699, 
      "uid": "35f9d3a1-5a27-47d5-89aa-d5cbc3c7bc2f", 
      "area": 1.83, 
      "num_lifts": 1, 
      "source": "jsons/ski_area_elevations//europe-latest.json", 
      "min_elev": 615, 
      "cumarea": 11310.171894008708
    }, 
    {
      "max_elev": 699, 
      "uid": "ed39e5d6-edac-4c1b-8463-58a70b4f4103", 
      "area": 1.82, 
      "num_lifts": 1, 
      "source": "jsons/ski_area_elevations//europe-latest.json", 
      "min_elev": 580, 
      "cumarea": 11312.770730509797
    }
  ], 
  "end_x": 11313.645149168991, 
  "num": 2576, 
  "zoom": 12, 
  "start_x": 11309.254910461514
}