{
  "shown": [
    {
      "max_elev": 699, 
      "uid": "e2732c7f-cb71-413b-8985-1ece40e03245", 
      "area": 1.8, 
      "num_lifts": 1, 
      "source": "jsons/ski_area_elevations//europe-latest.json", 
      "min_elev": 688, 
      "cumarea": 11323.149517022155
    }, 
    {
      "max_elev": 699, 
      "uid": "27d95264-22c3-4eac-8ca6-fdbbccc3ca23", 
      "area": 1.8, 
      "num_lifts": 1, 
      "source": "jsons/ski_area_elevations//south-america-latest.json", 
      "min_elev": 699, 
      "cumarea": 11325.737303687058
    }
  ], 
  "end_x": 11326.815865291423, 
  "num": 2579, 
  "zoom": 12, 
  "start_x": 11322.425626583947
}