{
  "shown": [
    {
      "max_elev": 695, 
      "uid": "d34d5fb6-1f45-4497-bbe4-48cf7d8fa459", 
      "area": 2.22, 
      "num_lifts": 6, 
      "source": "jsons/ski_area_elevations//europe-latest.json", 
      "min_elev": 601, 
      "cumarea": 11341.84167246174
    }
  ], 
  "end_x": 11344.376820121332, 
  "num": 2583, 
  "zoom": 12, 
  "start_x": 11339.986581413854
}