{
  "shown": [
    {
      "max_elev": 689, 
      "uid": "d66bdfed-072a-49dd-acba-d79a89ac2e7b", 
      "area": 1.9300000000000002, 
      "num_lifts": 7, 
      "source": "jsons/ski_area_elevations//europe-latest.json", 
      "min_elev": 589, 
      "cumarea": 11417.154856145784
    }
  ], 
  "end_x": 11419.010878148449, 
  "num": 2600, 
  "zoom": 12, 
  "start_x": 11414.620639440971
}