{
  "shown": [
    {
      "max_elev": 688, 
      "uid": "d6be394e-f804-42e5-ac6e-504551fd8a83", 
      "area": 2.0700000000000003, 
      "num_lifts": 3, 
      "source": "jsons/ski_area_elevations//europe-latest.json", 
      "min_elev": 314, 
      "cumarea": 11427.722424722402
    }, 
    {
      "max_elev": 689, 
      "uid": "1baefa5e-f7f6-473a-827a-591547c082a3", 
      "area": 1.83, 
      "num_lifts": 2, 
      "source": "jsons/ski_area_elevations//europe-latest.json", 
      "min_elev": 597, 
      "cumarea": 11424.994876115124
    }
  ], 
  "end_x": 11427.791355563404, 
  "num": 2602, 
  "zoom": 12, 
  "start_x": 11423.401116855926
}