{
  "shown": [
    {
      "max_elev": 688, 
      "uid": "fa0c2356-a9bb-4e91-a6a1-7ee88ead3cea", 
      "area": 1.8900000000000001, 
      "num_lifts": 2, 
      "source": "jsons/ski_area_elevations//europe-latest.json", 
      "min_elev": 566, 
      "cumarea": 11433.04209839618
    }, 
    {
      "max_elev": 688, 
      "uid": "644a914f-f2b9-4f23-957c-c50c1ff7a356", 
      "area": 1.84, 
      "num_lifts": 2, 
      "source": "jsons/ski_area_elevations//europe-latest.json", 
      "min_elev": 588, 
      "cumarea": 11435.6518639678
    }
  ], 
  "end_x": 11436.571832978356, 
  "num": 2604, 
  "zoom": 12, 
  "start_x": 11432.18159427088
}