{
  "shown": [
    {
      "max_elev": 686, 
      "uid": "3163057e-5b49-475d-bb5a-e312794bbf68", 
      "area": 1.82, 
      "num_lifts": 1, 
      "source": "jsons/ski_area_elevations//europe-latest.json", 
      "min_elev": 658, 
      "cumarea": 11464.696509695701
    }, 
    {
      "max_elev": 686, 
      "uid": "580e2b62-f7ea-4afd-883f-3f8f00554acf", 
      "area": 1.82, 
      "num_lifts": 1, 
      "source": "jsons/ski_area_elevations//asia-latest.json", 
      "min_elev": 618, 
      "cumarea": 11467.29534619679
    }
  ], 
  "end_x": 11467.303503930698, 
  "num": 2611, 
  "zoom": 12, 
  "start_x": 11462.913265223222
}