{
  "shown": [
    {
      "max_elev": 684, 
      "uid": "64944c92-2c87-4c41-81d2-8440dba3399b", 
      "area": 1.8800000000000001, 
      "num_lifts": 2, 
      "source": "jsons/ski_area_elevations//europe-latest.json", 
      "min_elev": 524, 
      "cumarea": 11477.7065679849
    }, 
    {
      "max_elev": 684, 
      "uid": "6947f134-d233-4e0d-af4e-878a6fcccfc2", 
      "area": 1.87, 
      "num_lifts": 1, 
      "source": "jsons/ski_area_elevations//europe-latest.json", 
      "min_elev": 137, 
      "cumarea": 11480.332506415767
    }
  ], 
  "end_x": 11480.47422005313, 
  "num": 2614, 
  "zoom": 12, 
  "start_x": 11476.083981345651
}