{
  "shown": [
    {
      "max_elev": 684, 
      "uid": "6b2eccc2-c207-4545-86a0-3ec907306dad", 
      "area": 2.98, 
      "num_lifts": 22, 
      "source": "jsons/ski_area_elevations//asia-latest.json", 
      "min_elev": 296, 
      "cumarea": 11496.440440172744
    }
  ], 
  "end_x": 11498.03517488304, 
  "num": 2618, 
  "zoom": 12, 
  "start_x": 11493.644936175562
}