{
  "shown": [
    {
      "max_elev": 682, 
      "uid": "26859e9a-fbfb-4f61-89cf-037cd783e63f", 
      "area": 3.8899999999999997, 
      "num_lifts": 56, 
      "source": "jsons/ski_area_elevations//north-america-latest.json", 
      "min_elev": 283, 
      "cumarea": 11512.792880880117
    }
  ], 
  "end_x": 11515.596129712947, 
  "num": 2622, 
  "zoom": 12, 
  "start_x": 11511.20589100547
}