{
  "shown": [
    {
      "max_elev": 672, 
      "uid": "e771b866-bb36-4f4f-8d5d-ca260182bfd3", 
      "area": 1.85, 
      "num_lifts": 4, 
      "source": "jsons/ski_area_elevations//north-america-latest.json", 
      "min_elev": 628, 
      "cumarea": 11617.820696262566
    }, 
    {
      "max_elev": 671, 
      "uid": "d5aa86dd-5f1b-4848-90a7-9d0584e236dc", 
      "area": 1.85, 
      "num_lifts": 2, 
      "source": "jsons/ski_area_elevations//europe-latest.json", 
      "min_elev": 488, 
      "cumarea": 11620.435881901656
    }
  ], 
  "end_x": 11620.9618586924, 
  "num": 2646, 
  "zoom": 12, 
  "start_x": 11616.571619984923
}