{
  "shown": [
    {
      "max_elev": 2516, 
      "cumarea": 1178.9182986443182, 
      "area": 4.44, 
      "num_lifts": 17, 
      "name": "Pischa", 
      "source": "jsons/ski_area_elevations//europe-latest.json", 
      "min_elev": 1804, 
      "uid": "e6755080-be62-4f1a-aed6-74f294be0d83"
    }
  ], 
  "end_x": 1180.9742123113929, 
  "num": 268, 
  "zoom": 12, 
  "start_x": 1176.5839736039154
}