{
  "shown": [
    {
      "max_elev": 653, 
      "uid": "cbfc6bd6-83bf-4e6c-bdab-918bca204ad5", 
      "area": 1.94, 
      "num_lifts": 4, 
      "source": "jsons/ski_area_elevations//europe-latest.json", 
      "min_elev": 128, 
      "cumarea": 11766.823833388067
    }, 
    {
      "max_elev": 653, 
      "uid": "9f0c25f2-b4e6-43cb-833a-d552fd36bc0c", 
      "area": 1.8900000000000001, 
      "num_lifts": 3, 
      "source": "jsons/ski_area_elevations//europe-latest.json", 
      "min_elev": 560, 
      "cumarea": 11769.460410217138
    }
  ], 
  "end_x": 11770.229974746631, 
  "num": 2680, 
  "zoom": 12, 
  "start_x": 11765.839736039154
}