{
  "shown": [
    {
      "max_elev": 642, 
      "uid": "8be04d5b-7bbc-4d63-8d37-94cc68b85920", 
      "area": 3.16, 
      "num_lifts": 13, 
      "source": "jsons/ski_area_elevations//asia-latest.json", 
      "min_elev": 274, 
      "cumarea": 11860.024984782503
    }
  ], 
  "end_x": 11862.424987603652, 
  "num": 2701, 
  "zoom": 12, 
  "start_x": 11858.034748896174
}