{
  "shown": [
    {
      "max_elev": 635, 
      "uid": "f09941c8-7325-4c77-b42c-0804885aa994", 
      "area": 1.8800000000000001, 
      "num_lifts": 3, 
      "source": "jsons/ski_area_elevations//europe-latest.json", 
      "min_elev": 544, 
      "cumarea": 11928.520631087682
    }, 
    {
      "max_elev": 635, 
      "uid": "d868c61e-748c-4c60-9794-017e155c8487", 
      "area": 1.84, 
      "num_lifts": 1, 
      "source": "jsons/ski_area_elevations//europe-latest.json", 
      "min_elev": 477, 
      "cumarea": 11931.130396659302
    }
  ], 
  "end_x": 11932.668806923291, 
  "num": 2717, 
  "zoom": 12, 
  "start_x": 11928.278568215814
}