{
  "shown": [
    {
      "max_elev": 635, 
      "uid": "599c44db-6500-4a36-bb5d-3493e134fd6a", 
      "area": 1.83, 
      "num_lifts": 1, 
      "source": "jsons/ski_area_elevations//europe-latest.json", 
      "min_elev": 589, 
      "cumarea": 11933.734712626156
    }, 
    {
      "max_elev": 635, 
      "uid": "2c4399a5-23d8-466e-9303-a6095eea563a", 
      "area": 1.81, 
      "num_lifts": 1, 
      "source": "jsons/ski_area_elevations//europe-latest.json", 
      "min_elev": 581, 
      "cumarea": 11936.328039471433
    }
  ], 
  "end_x": 11937.05904563077, 
  "num": 2718, 
  "zoom": 12, 
  "start_x": 11932.668806923291
}