{
  "shown": [
    {
      "max_elev": 619, 
      "uid": "d9fb2d9f-f701-48c2-bfae-9f85d78bd8c3", 
      "area": 1.82, 
      "num_lifts": 1, 
      "source": "jsons/ski_area_elevations//europe-latest.json", 
      "min_elev": 533, 
      "cumarea": 12101.21048662358
    }, 
    {
      "max_elev": 619, 
      "uid": "212a0057-08c5-4e22-a76c-17bed92fa2f8", 
      "area": 1.81, 
      "num_lifts": 1, 
      "source": "jsons/ski_area_elevations//europe-latest.json", 
      "min_elev": 574, 
      "cumarea": 12103.803813468858
    }
  ], 
  "end_x": 12103.888116514903, 
  "num": 2756, 
  "zoom": 12, 
  "start_x": 12099.497877807427
}