{
  "shown": [
    {
      "max_elev": 610, 
      "uid": "285041b6-0759-4e12-824b-65a35211146d", 
      "area": 1.9000000000000001, 
      "num_lifts": 2, 
      "source": "jsons/ski_area_elevations//europe-latest.json", 
      "min_elev": 481, 
      "cumarea": 12177.168980794491
    }, 
    {
      "max_elev": 611, 
      "uid": "594fdc32-f731-4784-aa9b-24d7df0abaaa", 
      "area": 1.83, 
      "num_lifts": 1, 
      "source": "jsons/ski_area_elevations//asia-latest.json", 
      "min_elev": 531, 
      "cumarea": 12174.527126908319
    }
  ], 
  "end_x": 12178.522174542017, 
  "num": 2773, 
  "zoom": 12, 
  "start_x": 12174.131935834539
}