{
  "shown": [
    {
      "max_elev": 598, 
      "uid": "e3b0ac63-7ebd-4711-9eaf-f55f6d017ab9", 
      "area": 1.92, 
      "num_lifts": 5, 
      "source": "jsons/ski_area_elevations//europe-latest.json", 
      "min_elev": 528, 
      "cumarea": 12326.597315632114
    }, 
    {
      "max_elev": 599, 
      "uid": "7514bb26-2325-46b1-85aa-ea309bbe8901", 
      "area": 1.84, 
      "num_lifts": 1, 
      "source": "jsons/ski_area_elevations//asia-latest.json", 
      "min_elev": 309, 
      "cumarea": 12323.944990446074
    }
  ], 
  "end_x": 12327.790290596247, 
  "num": 2807, 
  "zoom": 12, 
  "start_x": 12323.40005188877
}