{
  "shown": [
    {
      "max_elev": 580, 
      "uid": "65809fd9-333e-4e3f-b273-4984bbade39e", 
      "area": 2.11, 
      "num_lifts": 3, 
      "source": "jsons/ski_area_elevations//europe-latest.json", 
      "min_elev": 215, 
      "cumarea": 12473.624606209982
    }, 
    {
      "max_elev": 580, 
      "uid": "bc3102c3-5fa0-4762-972c-10add2203698", 
      "area": 1.84, 
      "num_lifts": 0, 
      "source": "jsons/ski_area_elevations//europe-latest.json", 
      "min_elev": 580, 
      "cumarea": 12476.234371781602
    }
  ], 
  "end_x": 12477.058406650474, 
  "num": 2841, 
  "zoom": 12, 
  "start_x": 12472.668167942997
}