{
  "shown": [
    {
      "max_elev": 578, 
      "uid": "1e59e7e0-d98d-480e-aea2-48a49c5c371a", 
      "area": 1.85, 
      "num_lifts": 1, 
      "source": "jsons/ski_area_elevations//europe-latest.json", 
      "min_elev": 521, 
      "cumarea": 12487.173330945017
    }, 
    {
      "max_elev": 578, 
      "uid": "0a697460-0092-4228-85b7-0f57d69c31a3", 
      "area": 1.84, 
      "num_lifts": 3, 
      "source": "jsons/ski_area_elevations//europe-latest.json", 
      "min_elev": 525, 
      "cumarea": 12489.783096516638
    }
  ], 
  "end_x": 12490.229122772907, 
  "num": 2844, 
  "zoom": 12, 
  "start_x": 12485.83888406543
}