{
  "shown": [
    {
      "max_elev": 578, 
      "uid": "e0a8117b-a845-4ea3-858b-d365316729b5", 
      "area": 1.83, 
      "num_lifts": 3, 
      "source": "jsons/ski_area_elevations//europe-latest.json", 
      "min_elev": 504, 
      "cumarea": 12494.991728450344
    }, 
    {
      "max_elev": 578, 
      "uid": "11c8982f-8c22-4a3e-b443-5fba432962bb", 
      "area": 1.82, 
      "num_lifts": 1, 
      "source": "jsons/ski_area_elevations//europe-latest.json", 
      "min_elev": 555, 
      "cumarea": 12497.590564951433
    }
  ], 
  "end_x": 12499.009600187863, 
  "num": 2846, 
  "zoom": 12, 
  "start_x": 12494.619361480385
}