{
  "shown": [
    {
      "max_elev": 560, 
      "uid": "8b11aba0-ba2f-479d-a2b2-dfd3eccf965f", 
      "area": 1.9100000000000001, 
      "num_lifts": 2, 
      "source": "jsons/ski_area_elevations//asia-latest.json", 
      "min_elev": 112, 
      "cumarea": 12671.896592297599
    }, 
    {
      "max_elev": 559, 
      "uid": "c96d7782-22d8-4106-8cc9-a9be43c7a62a", 
      "area": 1.86, 
      "num_lifts": 4, 
      "source": "jsons/ski_area_elevations//europe-latest.json", 
      "min_elev": 494, 
      "cumarea": 12674.517168785324
    }
  ], 
  "end_x": 12674.619148486952, 
  "num": 2886, 
  "zoom": 12, 
  "start_x": 12670.228909779475
}