{
  "shown": [
    {
      "max_elev": 558, 
      "uid": "1edb1c25-d63f-4a9b-a12b-6c3f38e3b2ed", 
      "area": 3.02, 
      "num_lifts": 23, 
      "source": "jsons/ski_area_elevations//europe-latest.json", 
      "min_elev": 415, 
      "cumarea": 12682.82006842884
    }, 
    {
      "max_elev": 559, 
      "uid": "3dac2422-b0eb-4725-83d9-5a2249144a9d", 
      "area": 1.81, 
      "num_lifts": 1, 
      "source": "jsons/ski_area_elevations//europe-latest.json", 
      "min_elev": 494, 
      "cumarea": 12679.714811597454
    }
  ], 
  "end_x": 12683.399625901908, 
  "num": 2888, 
  "zoom": 12, 
  "start_x": 12679.00938719443
}