{
  "shown": [
    {
      "max_elev": 557, 
      "uid": "f80ab35e-77ac-4f02-b861-a73c38290570", 
      "area": 1.8900000000000001, 
      "num_lifts": 2, 
      "source": "jsons/ski_area_elevations//europe-latest.json", 
      "min_elev": 382, 
      "cumarea": 12695.840851184988
    }, 
    {
      "max_elev": 558, 
      "uid": "c0fae3bc-6d9d-4b28-8790-c4275d58fc65", 
      "area": 1.81, 
      "num_lifts": 1, 
      "source": "jsons/ski_area_elevations//north-america-latest.json", 
      "min_elev": 524, 
      "cumarea": 12693.204274355918
    }
  ], 
  "end_x": 12696.570342024339, 
  "num": 2891, 
  "zoom": 12, 
  "start_x": 12692.180103316863
}