{
  "shown": [
    {
      "max_elev": 2491, 
      "uid": "dad690f5-bdb5-432a-a1e3-0769c0b9d1e2", 
      "area": 4.84, 
      "num_lifts": 24, 
      "source": "jsons/ski_area_elevations//europe-latest.json", 
      "min_elev": 1024, 
      "cumarea": 1276.199302037909
    }
  ], 
  "end_x": 1277.559463875893, 
  "num": 290, 
  "zoom": 12, 
  "start_x": 1273.1692251684158
}