{
  "shown": [
    {
      "max_elev": 542, 
      "uid": "c2b411ac-3202-43de-a65d-5168f095feb4", 
      "area": 1.86, 
      "num_lifts": 2, 
      "source": "jsons/ski_area_elevations//asia-latest.json", 
      "min_elev": 331, 
      "cumarea": 12852.405732290532
    }
  ], 
  "end_x": 12854.618935493523, 
  "num": 2927, 
  "zoom": 12, 
  "start_x": 12850.228696786045
}