{
  "shown": [
    {
      "max_elev": 534, 
      "uid": "0a9cc809-7e51-4cb1-9aed-90bb630f19f5", 
      "area": 1.9300000000000002, 
      "num_lifts": 5, 
      "source": "jsons/ski_area_elevations//europe-latest.json", 
      "min_elev": 365, 
      "cumarea": 12928.154077720876
    }, 
    {
      "max_elev": 535, 
      "uid": "ec09e24d-1bb2-4d93-8c2e-170358b0f0ed", 
      "area": 1.82, 
      "num_lifts": 2, 
      "source": "jsons/ski_area_elevations//europe-latest.json", 
      "min_elev": 481, 
      "cumarea": 12925.49655771796
    }
  ], 
  "end_x": 12929.252993520637, 
  "num": 2944, 
  "zoom": 12, 
  "start_x": 12924.862754813159
}