{
  "shown": [
    {
      "max_elev": 532, 
      "uid": "e5cc6d03-4a2e-4db4-a2b7-21ed5af4c146", 
      "area": 1.82, 
      "num_lifts": 1, 
      "source": "jsons/ski_area_elevations//europe-latest.json", 
      "min_elev": 446, 
      "cumarea": 12966.379993970353
    }
  ], 
  "end_x": 12968.765141887932, 
  "num": 2953, 
  "zoom": 12, 
  "start_x": 12964.374903180455
}