{
  "shown": [
    {
      "max_elev": 531, 
      "uid": "f889107a-7790-4e67-9b34-64e29c74d9e8", 
      "area": 1.86, 
      "num_lifts": 1, 
      "source": "jsons/ski_area_elevations//europe-latest.json", 
      "min_elev": 190, 
      "cumarea": 12976.824268581535
    }, 
    {
      "max_elev": 532, 
      "uid": "05f779a1-abf7-42cd-9ad7-2c7044fb016d", 
      "area": 1.85, 
      "num_lifts": 1, 
      "source": "jsons/ski_area_elevations//asia-latest.json", 
      "min_elev": 140, 
      "cumarea": 12974.20369209381
    }
  ], 
  "end_x": 12977.545619302886, 
  "num": 2955, 
  "zoom": 12, 
  "start_x": 12973.15538059541
}