{
  "shown": [
    {
      "max_elev": 527, 
      "uid": "33eb0ec7-5e92-4030-ba1c-3e2139f128a9", 
      "area": 1.8900000000000001, 
      "num_lifts": 1, 
      "source": "jsons/ski_area_elevations//europe-latest.json", 
      "min_elev": 494, 
      "cumarea": 13018.266405003471
    }, 
    {
      "max_elev": 527, 
      "uid": "ad434c30-8aee-4c55-ace2-a9221faa2fbe", 
      "area": 1.86, 
      "num_lifts": 2, 
      "source": "jsons/ski_area_elevations//europe-latest.json", 
      "min_elev": 410, 
      "cumarea": 13020.886981491196
    }
  ], 
  "end_x": 13021.448006377657, 
  "num": 2965, 
  "zoom": 12, 
  "start_x": 13017.05776767018
}