{
  "shown": [
    {
      "max_elev": 526, 
      "uid": "9af9530d-afb0-4bd7-b46e-488affe5f48e", 
      "area": 1.86, 
      "num_lifts": 2, 
      "source": "jsons/ski_area_elevations//asia-latest.json", 
      "min_elev": 337, 
      "cumarea": 13049.862374829681
    }
  ], 
  "end_x": 13052.179677330001, 
  "num": 2972, 
  "zoom": 12, 
  "start_x": 13047.789438622523
}