{
  "shown": [
    {
      "max_elev": 525, 
      "uid": "075222ec-b869-4b50-92a6-43e7255733fe", 
      "area": 1.81, 
      "num_lifts": 1, 
      "source": "jsons/ski_area_elevations//asia-latest.json", 
      "min_elev": 403, 
      "cumarea": 13062.921024216872
    }
  ], 
  "end_x": 13065.350393452432, 
  "num": 2975, 
  "zoom": 12, 
  "start_x": 13060.960154744957
}