{
  "shown": [
    {
      "max_elev": 516, 
      "uid": "10e2d63c-f254-4472-b17f-f5932f31a9b6", 
      "area": 1.97, 
      "num_lifts": 3, 
      "source": "jsons/ski_area_elevations//europe-latest.json", 
      "min_elev": 429, 
      "cumarea": 13128.38061666486
    }, 
    {
      "max_elev": 516, 
      "uid": "fd8fd969-8c11-486e-8d9e-6f366caae6cd", 
      "area": 1.8, 
      "num_lifts": 1, 
      "source": "jsons/ski_area_elevations//europe-latest.json", 
      "min_elev": 493, 
      "cumarea": 13130.968403329762
    }
  ], 
  "end_x": 13131.203974064592, 
  "num": 2990, 
  "zoom": 12, 
  "start_x": 13126.813735357115
}