{
  "shown": [
    {
      "max_elev": 515, 
      "uid": "e9a669dd-777c-42c8-94c8-0c4bac4709bc", 
      "area": 1.84, 
      "num_lifts": 1, 
      "source": "jsons/ski_area_elevations//europe-latest.json", 
      "min_elev": 511, 
      "cumarea": 13133.578168901382
    }
  ], 
  "end_x": 13135.59421277207, 
  "num": 2991, 
  "zoom": 12, 
  "start_x": 13131.203974064592
}