{
  "shown": [
    {
      "max_elev": 507, 
      "uid": "d16f53c9-fc3a-46dd-b219-192366318c3a", 
      "area": 2.23, 
      "num_lifts": 4, 
      "source": "jsons/ski_area_elevations//europe-latest.json", 
      "min_elev": 273, 
      "cumarea": 13215.281579235998
    }, 
    {
      "max_elev": 507, 
      "uid": "0bec794b-7936-4f2e-9ff7-308cdeca15d0", 
      "area": 1.82, 
      "num_lifts": 1, 
      "source": "jsons/ski_area_elevations//europe-latest.json", 
      "min_elev": 435, 
      "cumarea": 13217.880415737087
    }
  ], 
  "end_x": 13219.008748214139, 
  "num": 3010, 
  "zoom": 12, 
  "start_x": 13214.618509506661
}