{
  "shown": [
    {
      "max_elev": 502, 
      "uid": "9a187eba-f82f-47f4-9127-203553d1d5e8", 
      "area": 2.0100000000000002, 
      "num_lifts": 5, 
      "source": "jsons/ski_area_elevations//europe-latest.json", 
      "min_elev": 290, 
      "cumarea": 13252.523796516805
    }, 
    {
      "max_elev": 503, 
      "uid": "a9a90aa7-bcd1-4f52-8a72-8071dcb49eb1", 
      "area": 1.81, 
      "num_lifts": 1, 
      "source": "jsons/ski_area_elevations//asia-latest.json", 
      "min_elev": 483, 
      "cumarea": 13249.825661794734
    }
  ], 
  "end_x": 13254.130657873957, 
  "num": 3018, 
  "zoom": 12, 
  "start_x": 13249.74041916648
}