{
  "shown": [
    {
      "max_elev": 502, 
      "uid": "1876bcf1-b746-4a8a-91d6-8a6e5db33ada", 
      "area": 1.84, 
      "num_lifts": 1, 
      "source": "jsons/ski_area_elevations//asia-latest.json", 
      "min_elev": 199, 
      "cumarea": 13258.601436436538
    }, 
    {
      "max_elev": 501, 
      "uid": "b7010318-a9ca-49d3-8220-85c82d37622b", 
      "area": 1.82, 
      "num_lifts": 1, 
      "source": "jsons/ski_area_elevations//europe-latest.json", 
      "min_elev": 437, 
      "cumarea": 13261.200272937627
    }
  ], 
  "end_x": 13262.911135288909, 
  "num": 3020, 
  "zoom": 12, 
  "start_x": 13258.520896581433
}