{
  "shown": [
    {
      "max_elev": 497, 
      "uid": "b2ad9076-6b86-4d56-84c2-06c66479b39b", 
      "area": 1.85, 
      "num_lifts": 1, 
      "source": "jsons/ski_area_elevations//europe-latest.json", 
      "min_elev": 357, 
      "cumarea": 13317.887539915791
    }
  ], 
  "end_x": 13319.984238486115, 
  "num": 3033, 
  "zoom": 12, 
  "start_x": 13315.593999778637
}