{
  "shown": [
    {
      "max_elev": 488, 
      "uid": "e8ab077e-4641-483c-9173-9b291394faef", 
      "area": 1.81, 
      "num_lifts": 1, 
      "source": "jsons/ski_area_elevations//europe-latest.json", 
      "min_elev": 461, 
      "cumarea": 13405.585857556842
    }
  ], 
  "end_x": 13407.789012635661, 
  "num": 3053, 
  "zoom": 12, 
  "start_x": 13403.398773928184
}