{
  "shown": [
    {
      "max_elev": 478, 
      "uid": "464835c0-de6d-45eb-93cf-9b0a83c3b74d", 
      "area": 2.0, 
      "num_lifts": 6, 
      "source": "jsons/ski_area_elevations//europe-latest.json", 
      "min_elev": 406, 
      "cumarea": 13485.13273247382
    }, 
    {
      "max_elev": 479, 
      "uid": "24e23ada-08c4-435c-a003-185f2f062992", 
      "area": 1.81, 
      "num_lifts": 1, 
      "source": "jsons/ski_area_elevations//europe-latest.json", 
      "min_elev": 326, 
      "cumarea": 13482.43958529326
    }
  ], 
  "end_x": 13486.813309370253, 
  "num": 3071, 
  "zoom": 12, 
  "start_x": 13482.423070662775
}