{
  "shown": [
    {
      "max_elev": 472, 
      "uid": "e8b59281-ead9-496e-beed-e8bf31664541", 
      "area": 1.84, 
      "num_lifts": 1, 
      "source": "jsons/ski_area_elevations//europe-latest.json", 
      "min_elev": 472, 
      "cumarea": 13526.885078336161
    }, 
    {
      "max_elev": 472, 
      "uid": "2990227e-2175-4182-aded-4a75d20dd0cd", 
      "area": 1.82, 
      "num_lifts": 1, 
      "source": "jsons/ski_area_elevations//europe-latest.json", 
      "min_elev": 416, 
      "cumarea": 13529.48391483725
    }
  ], 
  "end_x": 13530.715696445026, 
  "num": 3081, 
  "zoom": 12, 
  "start_x": 13526.325457737548
}