{
  "shown": [
    {
      "max_elev": 471, 
      "uid": "ff7d6f28-a57e-402c-8541-3cb41f3fe0b2", 
      "area": 1.81, 
      "num_lifts": 1, 
      "source": "jsons/ski_area_elevations//europe-latest.json", 
      "min_elev": 448, 
      "cumarea": 13540.42391628988
    }, 
    {
      "max_elev": 471, 
      "uid": "de1b528e-cc26-4d9c-9958-b1ec142ffc56", 
      "area": 1.81, 
      "num_lifts": 1, 
      "source": "jsons/ski_area_elevations//europe-latest.json", 
      "min_elev": 458, 
      "cumarea": 13543.017243135157
    }
  ], 
  "end_x": 13543.886412567455, 
  "num": 3084, 
  "zoom": 12, 
  "start_x": 13539.49617385998
}