{
  "shown": [
    {
      "max_elev": 467, 
      "uid": "c66fecdd-662d-4351-ac4a-8fed834262c8", 
      "area": 1.83, 
      "num_lifts": 1, 
      "source": "jsons/ski_area_elevations//asia-latest.json", 
      "min_elev": 399, 
      "cumarea": 13589.84915378783
    }
  ], 
  "end_x": 13592.179038349706, 
  "num": 3095, 
  "zoom": 12, 
  "start_x": 13587.788799642229
}