{
  "shown": [
    {
      "max_elev": 453, 
      "uid": "ca26ff96-25f5-480a-bb27-352858f0aeab", 
      "area": 1.81, 
      "num_lifts": 1, 
      "source": "jsons/ski_area_elevations//europe-latest.json", 
      "min_elev": 393, 
      "cumarea": 13715.915963199523
    }, 
    {
      "max_elev": 453, 
      "uid": "66eea42b-19c5-4705-871f-2b0b9eb3e9e2", 
      "area": 1.81, 
      "num_lifts": 1, 
      "source": "jsons/ski_area_elevations//europe-latest.json", 
      "min_elev": 429, 
      "cumarea": 13718.5092900448
    }
  ], 
  "end_x": 13719.495960866549, 
  "num": 3124, 
  "zoom": 12, 
  "start_x": 13715.105722159073
}