{
  "shown": [
    {
      "max_elev": 444, 
      "uid": "7ecb0ee9-10e6-4899-8a52-fa3a446acf2c", 
      "area": 1.8900000000000001, 
      "num_lifts": 4, 
      "source": "jsons/ski_area_elevations//europe-latest.json", 
      "min_elev": 390, 
      "cumarea": 13800.68123661171
    }
  ], 
  "end_x": 13802.910496308617, 
  "num": 3143, 
  "zoom": 12, 
  "start_x": 13798.52025760114
}