{
  "shown": [
    {
      "max_elev": 2457, 
      "cumarea": 1384.526145271091, 
      "area": 21.57, 
      "num_lifts": 158, 
      "name": "Mayrhofen", 
      "source": "jsons/ski_area_elevations//europe-latest.json", 
      "min_elev": 622, 
      "uid": "2642e621-4837-41b6-8cee-4adb877cef17"
    }
  ], 
  "end_x": 1387.3154315628256, 
  "num": 315, 
  "zoom": 12, 
  "start_x": 1382.925192855348
}