{
  "shown": [
    {
      "max_elev": 440, 
      "uid": "c72cc978-98da-4b28-bf1b-79288454822c", 
      "area": 1.95, 
      "num_lifts": 6, 
      "source": "jsons/ski_area_elevations//asia-latest.json", 
      "min_elev": 337, 
      "cumarea": 13845.864603044245
    }, 
    {
      "max_elev": 440, 
      "uid": "00f8e6de-8a3f-421d-844a-ceeed1ca07b0", 
      "area": 1.81, 
      "num_lifts": 1, 
      "source": "jsons/ski_area_elevations//europe-latest.json", 
      "min_elev": 423, 
      "cumarea": 13843.196773671669
    }
  ], 
  "end_x": 13846.81288338339, 
  "num": 3153, 
  "zoom": 12, 
  "start_x": 13842.422644675913
}