{
  "shown": [
    {
      "max_elev": 438, 
      "uid": "a7b17f18-5e69-4a03-bcef-092b527bf085", 
      "area": 1.96, 
      "num_lifts": 0, 
      "source": "jsons/ski_area_elevations//north-america-latest.json", 
      "min_elev": 438, 
      "cumarea": 13869.580503416437
    }, 
    {
      "max_elev": 438, 
      "uid": "f547542e-b362-49df-a1f9-822e69f1cb51", 
      "area": 1.9100000000000001, 
      "num_lifts": 2, 
      "source": "jsons/ski_area_elevations//north-america-latest.json", 
      "min_elev": 330, 
      "cumarea": 13872.227606658495
    }
  ], 
  "end_x": 13873.154315628253, 
  "num": 3159, 
  "zoom": 12, 
  "start_x": 13868.764076920776
}