{
  "shown": [
    {
      "max_elev": 433, 
      "uid": "79801adc-375a-45bd-89af-7f0aa81c11b1", 
      "area": 2.54, 
      "num_lifts": 16, 
      "source": "jsons/ski_area_elevations//europe-latest.json", 
      "min_elev": 276, 
      "cumarea": 13918.11987639669
    }, 
    {
      "max_elev": 433, 
      "uid": "a92b2679-c7a9-461e-8103-16418aa0ae45", 
      "area": 2.0100000000000002, 
      "num_lifts": 4, 
      "source": "jsons/ski_area_elevations//europe-latest.json", 
      "min_elev": 189, 
      "cumarea": 13920.818011118761
    }
  ], 
  "end_x": 13921.446941410504, 
  "num": 3170, 
  "zoom": 12, 
  "start_x": 13917.056702703027
}