{
  "shown": [
    {
      "max_elev": 431, 
      "uid": "d3d99b2f-5ace-4a3d-adc8-4e10b6bd3cc5", 
      "area": 1.8900000000000001, 
      "num_lifts": 1, 
      "source": "jsons/ski_area_elevations//europe-latest.json", 
      "min_elev": 360, 
      "cumarea": 13952.850208147243
    }, 
    {
      "max_elev": 431, 
      "uid": "13473c29-3739-4ca0-8672-4be80061622b", 
      "area": 1.82, 
      "num_lifts": 2, 
      "source": "jsons/ski_area_elevations//europe-latest.json", 
      "min_elev": 399, 
      "cumarea": 13955.449044648332
    }
  ], 
  "end_x": 13956.568851070326, 
  "num": 3178, 
  "zoom": 12, 
  "start_x": 13952.178612362848
}