{
  "shown": [
    {
      "max_elev": 430, 
      "uid": "536a0e2a-d088-4a5b-b81b-42cc9d6bfbeb", 
      "area": 2.2800000000000002, 
      "num_lifts": 2, 
      "source": "jsons/ski_area_elevations//asia-latest.json", 
      "min_elev": 1, 
      "cumarea": 13974.844345807387
    }, 
    {
      "max_elev": 430, 
      "uid": "e6a0418d-b48d-4208-9b1d-0f4da8c1dea1", 
      "area": 2.04, 
      "num_lifts": 2, 
      "source": "jsons/ski_area_elevations//asia-latest.json", 
      "min_elev": 45, 
      "cumarea": 13977.557295615243
    }
  ], 
  "end_x": 13978.52004460771, 
  "num": 3183, 
  "zoom": 12, 
  "start_x": 13974.129805900233
}