{
  "shown": [
    {
      "max_elev": 428, 
      "cumarea": 14001.411255710223, 
      "area": 1.9000000000000001, 
      "num_lifts": 1, 
      "name": "Furano", 
      "source": "jsons/ski_area_elevations//asia-latest.json", 
      "min_elev": 249, 
      "uid": "b407c9b6-56d5-4967-9c9f-02ce09a8fc10"
    }, 
    {
      "max_elev": 428, 
      "uid": "2035dc89-a9e0-4406-bf85-2e4adeee266b", 
      "area": 1.83, 
      "num_lifts": 1, 
      "source": "jsons/ski_area_elevations//asia-latest.json", 
      "min_elev": 203, 
      "cumarea": 14004.015571677077
    }
  ], 
  "end_x": 14004.861476852573, 
  "num": 3189, 
  "zoom": 12, 
  "start_x": 14000.471238145095
}