{
  "shown": [
    {
      "max_elev": 416, 
      "uid": "eae2e527-b8f2-4813-a76e-7a6f8edaafae", 
      "area": 1.84, 
      "num_lifts": 1, 
      "source": "jsons/ski_area_elevations//asia-latest.json", 
      "min_elev": 378, 
      "cumarea": 14099.165277889748
    }
  ], 
  "end_x": 14101.446728417073, 
  "num": 3211, 
  "zoom": 12, 
  "start_x": 14097.056489709597
}