{
  "shown": [
    {
      "max_elev": 415, 
      "uid": "664a5c57-eddf-4f68-9dd6-fdbdd3ff2ff8", 
      "area": 1.81, 
      "num_lifts": 1, 
      "source": "jsons/ski_area_elevations//europe-latest.json", 
      "min_elev": 393, 
      "cumarea": 14101.758604735025
    }, 
    {
      "max_elev": 415, 
      "uid": "328eb276-3090-4c71-b653-da344a497b07", 
      "area": 1.8, 
      "num_lifts": 1, 
      "source": "jsons/ski_area_elevations//europe-latest.json", 
      "min_elev": 402, 
      "cumarea": 14104.346391399928
    }
  ], 
  "end_x": 14105.83696712455, 
  "num": 3212, 
  "zoom": 12, 
  "start_x": 14101.446728417073
}