{
  "shown": [
    {
      "max_elev": 410, 
      "uid": "3238cee7-19eb-489d-abb1-fc0068cec73c", 
      "area": 2.41, 
      "num_lifts": 3, 
      "source": "jsons/ski_area_elevations//north-america-latest.json", 
      "min_elev": 339, 
      "cumarea": 14144.726432887092
    }, 
    {
      "max_elev": 410, 
      "uid": "f08f4806-7a6d-461d-97e5-1bcb89867909", 
      "area": 1.81, 
      "num_lifts": 1, 
      "source": "jsons/ski_area_elevations//europe-latest.json", 
      "min_elev": 363, 
      "cumarea": 14141.846806139589
    }
  ], 
  "end_x": 14145.349115491845, 
  "num": 3221, 
  "zoom": 12, 
  "start_x": 14140.958876784367
}