{
  "shown": [
    {
      "max_elev": 409, 
      "uid": "b9874481-0e3e-4da2-8805-817a85e86c39", 
      "area": 2.39, 
      "num_lifts": 9, 
      "source": "jsons/ski_area_elevations//europe-latest.json", 
      "min_elev": 177, 
      "cumarea": 14150.43063537597
    }, 
    {
      "max_elev": 409, 
      "uid": "1aa41b06-cd52-46d1-9840-34acfab96452", 
      "area": 2.02, 
      "num_lifts": 0, 
      "source": "jsons/ski_area_elevations//europe-latest.json", 
      "min_elev": 409, 
      "cumarea": 14153.133732887383
    }
  ], 
  "end_x": 14154.1295929068, 
  "num": 3223, 
  "zoom": 12, 
  "start_x": 14149.739354199322
}