{
  "shown": [
    {
      "max_elev": 409, 
      "uid": "21103c90-8979-4bcb-bdcd-6550ece1ad0a", 
      "area": 1.81, 
      "num_lifts": 1, 
      "source": "jsons/ski_area_elevations//europe-latest.json", 
      "min_elev": 258, 
      "cumarea": 14155.72705973266
    }, 
    {
      "max_elev": 409, 
      "uid": "b1c63072-341e-4a80-b76d-0d115218e767", 
      "area": 1.81, 
      "num_lifts": 1, 
      "source": "jsons/ski_area_elevations//europe-latest.json", 
      "min_elev": 364, 
      "cumarea": 14158.320386577938
    }
  ], 
  "end_x": 14158.519831614278, 
  "num": 3224, 
  "zoom": 12, 
  "start_x": 14154.1295929068
}