{
  "shown": [
    {
      "max_elev": 408, 
      "uid": "f6dfe414-08ef-48f5-9c69-b6142ae0b402", 
      "area": 1.82, 
      "num_lifts": 1, 
      "source": "jsons/ski_area_elevations//europe-latest.json", 
      "min_elev": 340, 
      "cumarea": 14163.602319923733
    }, 
    {
      "max_elev": 408, 
      "uid": "a8ba4c4b-cb2c-4cb6-8ada-c51fa294465a", 
      "area": 1.81, 
      "num_lifts": 1, 
      "source": "jsons/ski_area_elevations//europe-latest.json", 
      "min_elev": 341, 
      "cumarea": 14166.19564676901
    }
  ], 
  "end_x": 14167.300309029233, 
  "num": 3226, 
  "zoom": 12, 
  "start_x": 14162.910070321755
}