{
  "shown": [
    {
      "max_elev": 408, 
      "uid": "8b6572f3-d788-4a90-9020-7118bbebdc6f", 
      "area": 2.29, 
      "num_lifts": 6, 
      "source": "jsons/ski_area_elevations//north-america-latest.json", 
      "min_elev": 266, 
      "cumarea": 14169.024198586576
    }, 
    {
      "max_elev": 408, 
      "uid": "42aac245-2a01-4e22-b5fe-ff81e31eeeb5", 
      "area": 1.9100000000000001, 
      "num_lifts": 4, 
      "source": "jsons/ski_area_elevations//north-america-latest.json", 
      "min_elev": 356, 
      "cumarea": 14171.671301828634
    }
  ], 
  "end_x": 14171.69054773671, 
  "num": 3227, 
  "zoom": 12, 
  "start_x": 14167.300309029233
}