{
  "shown": [
    {
      "max_elev": 406, 
      "uid": "38dc6c96-7e19-47aa-9a00-faa6a02a106d", 
      "area": 1.81, 
      "num_lifts": 1, 
      "source": "jsons/ski_area_elevations//europe-latest.json", 
      "min_elev": 248, 
      "cumarea": 14195.484018595143
    }
  ], 
  "end_x": 14198.031979981573, 
  "num": 3233, 
  "zoom": 12, 
  "start_x": 14193.641741274096
}