{
  "shown": [
    {
      "max_elev": 398, 
      "uid": "72e0351c-f805-40fa-a2bd-e14047da61b0", 
      "area": 2.3600000000000003, 
      "num_lifts": 10, 
      "source": "jsons/ski_area_elevations//north-america-latest.json", 
      "min_elev": 180, 
      "cumarea": 14254.235418344635
    }, 
    {
      "max_elev": 398, 
      "uid": "84f42b06-b2a8-4222-b084-eca34d5e395a", 
      "area": 1.83, 
      "num_lifts": 3, 
      "source": "jsons/ski_area_elevations//europe-latest.json", 
      "min_elev": 361, 
      "cumarea": 14251.376756725598
    }
  ], 
  "end_x": 14255.10508317878, 
  "num": 3246, 
  "zoom": 12, 
  "start_x": 14250.714844471302
}