{
  "shown": [
    {
      "max_elev": 396, 
      "uid": "60e6b1d5-04fd-45c8-96b0-65f18378c1fd", 
      "area": 1.97, 
      "num_lifts": 1, 
      "source": "jsons/ski_area_elevations//europe-latest.json", 
      "min_elev": 237, 
      "cumarea": 14270.448685384508
    }
  ], 
  "end_x": 14272.66603800869, 
  "num": 3250, 
  "zoom": 12, 
  "start_x": 14268.275799301213
}