{
  "shown": [
    {
      "max_elev": 394, 
      "uid": "dbcb6886-86ec-488f-8b7d-aed1adf9e7d7", 
      "area": 2.11, 
      "num_lifts": 18, 
      "source": "jsons/ski_area_elevations//north-america-latest.json", 
      "min_elev": 310, 
      "cumarea": 14289.082976848407
    }, 
    {
      "max_elev": 394, 
      "uid": "0f42afba-1e52-4bc2-a218-ef0841ee63dd", 
      "area": 1.84, 
      "num_lifts": 2, 
      "source": "jsons/ski_area_elevations//europe-latest.json", 
      "min_elev": 312, 
      "cumarea": 14286.336288900919
    }
  ], 
  "end_x": 14290.226992838598, 
  "num": 3254, 
  "zoom": 12, 
  "start_x": 14285.83675413112
}