{
  "shown": [
    {
      "max_elev": 390, 
      "uid": "93774a7a-0c0d-40e0-8a94-fe3bd5e98ea7", 
      "area": 1.92, 
      "num_lifts": 1, 
      "source": "jsons/ski_area_elevations//asia-latest.json", 
      "min_elev": 72, 
      "cumarea": 14323.335027846886
    }
  ], 
  "end_x": 14325.348902498416, 
  "num": 3262, 
  "zoom": 12, 
  "start_x": 14320.958663790938
}