{
  "shown": [
    {
      "max_elev": 383, 
      "uid": "f4181ea4-cc5e-41b3-86fb-07980605a472", 
      "area": 2.16, 
      "num_lifts": 10, 
      "source": "jsons/ski_area_elevations//europe-latest.json", 
      "min_elev": 238, 
      "cumarea": 14373.603557563682
    }, 
    {
      "max_elev": 385, 
      "uid": "1da4d4cf-51d3-4d41-921e-c71d210474dc", 
      "area": 1.81, 
      "num_lifts": 1, 
      "source": "jsons/ski_area_elevations//europe-latest.json", 
      "min_elev": 341, 
      "cumarea": 14370.833449341986
    }
  ], 
  "end_x": 14373.641528280667, 
  "num": 3273, 
  "zoom": 12, 
  "start_x": 14369.251289573189
}