{
  "shown": [
    {
      "max_elev": 381, 
      "uid": "61ad3408-0d2b-4728-81d8-c1f90b33c9a2", 
      "area": 3.41, 
      "num_lifts": 26, 
      "source": "jsons/ski_area_elevations//north-america-latest.json", 
      "min_elev": 188, 
      "cumarea": 14382.131632493309
    }, 
    {
      "max_elev": 383, 
      "uid": "f337a66c-ed08-4249-9d57-7012df8610f9", 
      "area": 2.0300000000000002, 
      "num_lifts": 4, 
      "source": "jsons/ski_area_elevations//north-america-latest.json", 
      "min_elev": 285, 
      "cumarea": 14378.904920202012
    }
  ], 
  "end_x": 14382.42200569562, 
  "num": 3275, 
  "zoom": 12, 
  "start_x": 14378.031766988144
}