{
  "shown": [
    {
      "max_elev": 373, 
      "uid": "dc9ca817-46ec-4a9f-9bee-2c3c934b1d8c", 
      "area": 1.81, 
      "num_lifts": 1, 
      "source": "jsons/ski_area_elevations//asia-latest.json", 
      "min_elev": 291, 
      "cumarea": 14466.96727862965
    }, 
    {
      "max_elev": 373, 
      "uid": "b2a60e0e-9e88-4b0c-ab56-56242db37ccf", 
      "area": 1.81, 
      "num_lifts": 1, 
      "source": "jsons/ski_area_elevations//asia-latest.json", 
      "min_elev": 317, 
      "cumarea": 14469.560605474928
    }
  ], 
  "end_x": 14470.226779845167, 
  "num": 3295, 
  "zoom": 12, 
  "start_x": 14465.83654113769
}