{
  "shown": [
    {
      "max_elev": 367, 
      "uid": "f1832f2b-2c3e-4e3c-931a-f53c14610af5", 
      "area": 2.94, 
      "num_lifts": 15, 
      "source": "jsons/ski_area_elevations//north-america-latest.json", 
      "min_elev": 151, 
      "cumarea": 14504.534083892226
    }, 
    {
      "max_elev": 367, 
      "uid": "cf8a4e76-be2e-4d8b-ba7c-edf9467b9c6c", 
      "area": 1.81, 
      "num_lifts": 1, 
      "source": "jsons/ski_area_elevations//europe-latest.json", 
      "min_elev": 289, 
      "cumarea": 14501.455674310875
    }
  ], 
  "end_x": 14505.348689504986, 
  "num": 3303, 
  "zoom": 12, 
  "start_x": 14500.958450797509
}