{
  "shown": [
    {
      "max_elev": 358, 
      "uid": "44e3b649-95cc-4a4e-b252-75186d824dfa", 
      "area": 2.37, 
      "num_lifts": 1, 
      "source": "jsons/ski_area_elevations//asia-latest.json", 
      "min_elev": 213, 
      "cumarea": 14584.887485220523
    }, 
    {
      "max_elev": 358, 
      "uid": "8fc5442e-d25f-41e3-b1a7-57282d9680fe", 
      "area": 1.8, 
      "num_lifts": 1, 
      "source": "jsons/ski_area_elevations//asia-latest.json", 
      "min_elev": 354, 
      "cumarea": 14587.475271885425
    }
  ], 
  "end_x": 14588.763224947055, 
  "num": 3322, 
  "zoom": 12, 
  "start_x": 14584.372986239578
}