{
  "shown": [
    {
      "max_elev": 356, 
      "uid": "0980e783-c1ad-4643-b4d9-d4e5026f7109", 
      "area": 1.84, 
      "num_lifts": 1, 
      "source": "jsons/ski_area_elevations//europe-latest.json", 
      "min_elev": 64, 
      "cumarea": 14603.289217718404
    }, 
    {
      "max_elev": 356, 
      "uid": "50f51b21-9c0b-4147-8f79-54be572e1e9d", 
      "area": 1.8, 
      "num_lifts": 1, 
      "source": "jsons/ski_area_elevations//europe-latest.json", 
      "min_elev": 355, 
      "cumarea": 14605.877004383306
    }
  ], 
  "end_x": 14606.324179776962, 
  "num": 3326, 
  "zoom": 12, 
  "start_x": 14601.933941069485
}