{
  "shown": [
    {
      "max_elev": 356, 
      "uid": "e8103f89-5885-4058-83b4-b6cf63cd0684", 
      "area": 1.9300000000000002, 
      "num_lifts": 7, 
      "source": "jsons/ski_area_elevations//north-america-latest.json", 
      "min_elev": 297, 
      "cumarea": 14608.534524386223
    }
  ], 
  "end_x": 14610.71441848444, 
  "num": 3327, 
  "zoom": 12, 
  "start_x": 14606.324179776962
}