{
  "shown": [
    {
      "max_elev": 352, 
      "uid": "a8347793-6156-4243-a68b-8755f772d6e4", 
      "area": 1.95, 
      "num_lifts": 6, 
      "source": "jsons/ski_area_elevations//north-america-latest.json", 
      "min_elev": 210, 
      "cumarea": 14642.971358434903
    }, 
    {
      "max_elev": 352, 
      "uid": "9f804a10-8907-406b-9909-cf25f6092372", 
      "area": 1.92, 
      "num_lifts": 3, 
      "source": "jsons/ski_area_elevations//north-america-latest.json", 
      "min_elev": 227, 
      "cumarea": 14645.623683620943
    }
  ], 
  "end_x": 14645.836328144258, 
  "num": 3335, 
  "zoom": 12, 
  "start_x": 14641.44608943678
}