{
  "shown": [
    {
      "max_elev": 351, 
      "uid": "e2f385ee-6bdd-4e06-b62e-11bec3ee8099", 
      "area": 1.81, 
      "num_lifts": 1, 
      "source": "jsons/ski_area_elevations//europe-latest.json", 
      "min_elev": 285, 
      "cumarea": 14648.21701046622
    }
  ], 
  "end_x": 14650.226566851736, 
  "num": 3336, 
  "zoom": 12, 
  "start_x": 14645.836328144258
}