{
  "shown": [
    {
      "max_elev": 350, 
      "cumarea": 14667.369647712216, 
      "area": 3.13, 
      "num_lifts": 11, 
      "name": "Boyne Mountain", 
      "source": "jsons/ski_area_elevations//north-america-latest.json", 
      "min_elev": 219, 
      "uid": "96a24d5e-cd4e-4cba-b051-5abe5f219f0f"
    }, 
    {
      "max_elev": 350, 
      "uid": "24c52866-31ec-4bd0-93fc-c0191bf18d6c", 
      "area": 1.82, 
      "num_lifts": 1, 
      "source": "jsons/ski_area_elevations//europe-latest.json", 
      "min_elev": 336, 
      "cumarea": 14664.228614707663
    }
  ], 
  "end_x": 14667.787521681643, 
  "num": 3340, 
  "zoom": 12, 
  "start_x": 14663.397282974167
}