{
  "shown": [
    {
      "max_elev": 346, 
      "uid": "287051b6-712b-44d6-937f-4b46c8664984", 
      "area": 3.27, 
      "num_lifts": 29, 
      "source": "jsons/ski_area_elevations//north-america-latest.json", 
      "min_elev": 172, 
      "cumarea": 14721.95942197841
    }, 
    {
      "max_elev": 346, 
      "uid": "a63af8d6-6c68-4987-8a5f-47696c3cad72", 
      "area": 1.9100000000000001, 
      "num_lifts": 3, 
      "source": "jsons/ski_area_elevations//north-america-latest.json", 
      "min_elev": 266, 
      "cumarea": 14724.606525220468
    }
  ], 
  "end_x": 14724.86062487885, 
  "num": 3353, 
  "zoom": 12, 
  "start_x": 14720.470386171372
}