{
  "shown": [
    {
      "max_elev": 344, 
      "uid": "e6c9f2d0-e6f0-41df-8f51-c22e3d1b09a1", 
      "area": 1.8, 
      "num_lifts": 1, 
      "source": "jsons/ski_area_elevations//europe-latest.json", 
      "min_elev": 339, 
      "cumarea": 14753.336376678046
    }
  ], 
  "end_x": 14755.59229583119, 
  "num": 3360, 
  "zoom": 12, 
  "start_x": 14751.202057123714
}