{
  "shown": [
    {
      "max_elev": 2419, 
      "cumarea": 1487.6798534970194, 
      "area": 8.66, 
      "num_lifts": 49, 
      "name": "Latemar - Obereggen", 
      "source": "jsons/ski_area_elevations//europe-latest.json", 
      "min_elev": 1072, 
      "uid": "473162eb-97e2-48b2-99b4-032f79125881"
    }
  ], 
  "end_x": 1488.2909218348032, 
  "num": 338, 
  "zoom": 12, 
  "start_x": 1483.900683127326
}