{
  "shown": [
    {
      "max_elev": 325, 
      "uid": "f299d1c0-b8db-4e21-b398-894f66a2aedc", 
      "area": 2.25, 
      "num_lifts": 19, 
      "source": "jsons/ski_area_elevations//north-america-latest.json", 
      "min_elev": 151, 
      "cumarea": 14886.083880349497
    }, 
    {
      "max_elev": 325, 
      "uid": "617ead57-c39e-47d3-806a-15370e197825", 
      "area": 1.8, 
      "num_lifts": 1, 
      "source": "jsons/ski_area_elevations//europe-latest.json", 
      "min_elev": 323, 
      "cumarea": 14883.272950133281
    }
  ], 
  "end_x": 14887.29945705551, 
  "num": 3390, 
  "zoom": 12, 
  "start_x": 14882.909218348032
}