{
  "shown": [
    {
      "max_elev": 321, 
      "uid": "fd74b337-1a37-4ab8-a3be-484fd5ae62ba", 
      "area": 1.85, 
      "num_lifts": 2, 
      "source": "jsons/ski_area_elevations//europe-latest.json", 
      "min_elev": 199, 
      "cumarea": 14917.896135000556
    }, 
    {
      "max_elev": 322, 
      "uid": "555343e2-a61d-4f2f-9d55-6a5bcfaaddcd", 
      "area": 1.84, 
      "num_lifts": 2, 
      "source": "jsons/ski_area_elevations//europe-latest.json", 
      "min_elev": 105, 
      "cumarea": 14915.280949361466
    }
  ], 
  "end_x": 14918.03112800785, 
  "num": 3397, 
  "zoom": 12, 
  "start_x": 14913.640889300372
}