{
  "shown": [
    {
      "max_elev": 3560, 
      "uid": "476cc9d3-192e-4f2e-8ed4-4f1bf0cb09b2", 
      "area": 1.87, 
      "num_lifts": 1, 
      "source": "jsons/ski_area_elevations//asia-latest.json", 
      "min_elev": 3076, 
      "cumarea": 149.88385076608787
    }
  ], 
  "end_x": 153.65835476170537, 
  "num": 34, 
  "zoom": 12, 
  "start_x": 149.26811605422807
}