{
  "shown": [
    {
      "max_elev": 320, 
      "uid": "ef97df3a-6ef8-4152-8954-49a80987a8b4", 
      "area": 1.8900000000000001, 
      "num_lifts": 6, 
      "source": "jsons/ski_area_elevations//north-america-latest.json", 
      "min_elev": 278, 
      "cumarea": 14928.366468762239
    }, 
    {
      "max_elev": 320, 
      "uid": "cc83f110-4bbe-45f4-acbd-45ef0b4eaf41", 
      "area": 1.8, 
      "num_lifts": 1, 
      "source": "jsons/ski_area_elevations//north-america-latest.json", 
      "min_elev": 305, 
      "cumarea": 14930.954255427141
    }
  ], 
  "end_x": 14931.201844130283, 
  "num": 3400, 
  "zoom": 12, 
  "start_x": 14926.811605422805
}