{
  "shown": [
    {
      "max_elev": 319, 
      "uid": "7ba04a47-b114-4a76-a1e0-f22500a6445b", 
      "area": 1.9300000000000002, 
      "num_lifts": 1, 
      "source": "jsons/ski_area_elevations//asia-latest.json", 
      "min_elev": 159, 
      "cumarea": 14941.638896834538
    }, 
    {
      "max_elev": 318, 
      "uid": "992ca321-5793-428a-9279-a8afcced2e7a", 
      "area": 1.8900000000000001, 
      "num_lifts": 2, 
      "source": "jsons/ski_area_elevations//europe-latest.json", 
      "min_elev": 39, 
      "cumarea": 14944.275473663609
    }
  ], 
  "end_x": 14944.372560252714, 
  "num": 3403, 
  "zoom": 12, 
  "start_x": 14939.982321545238
}