{
  "shown": [
    {
      "max_elev": 318, 
      "uid": "fae17c93-66cb-485e-88bc-34eb3f037446", 
      "area": 2.11, 
      "num_lifts": 23, 
      "source": "jsons/ski_area_elevations//north-america-latest.json", 
      "min_elev": 254, 
      "cumarea": 14949.631927182718
    }, 
    {
      "max_elev": 317, 
      "uid": "06e740d7-2df8-4d4a-b7e6-1aad182062b4", 
      "area": 1.8900000000000001, 
      "num_lifts": 3, 
      "source": "jsons/ski_area_elevations//north-america-latest.json", 
      "min_elev": 209, 
      "cumarea": 14952.268504011789
    }
  ], 
  "end_x": 14953.153037667667, 
  "num": 3405, 
  "zoom": 12, 
  "start_x": 14948.76279896019
}