{
  "shown": [
    {
      "max_elev": 313, 
      "uid": "786369e4-287b-4b63-b77e-e156e9674e0a", 
      "area": 2.2800000000000002, 
      "num_lifts": 29, 
      "source": "jsons/ski_area_elevations//north-america-latest.json", 
      "min_elev": 236, 
      "cumarea": 14987.17992614699
    }, 
    {
      "max_elev": 313, 
      "uid": "e2493aaf-e22f-4384-9a7d-849c00760765", 
      "area": 1.81, 
      "num_lifts": 1, 
      "source": "jsons/ski_area_elevations//europe-latest.json", 
      "min_elev": 290, 
      "cumarea": 14984.355750704024
    }
  ], 
  "end_x": 14988.274947327485, 
  "num": 3413, 
  "zoom": 12, 
  "start_x": 14983.884708620008
}