{
  "shown": [
    {
      "max_elev": 311, 
      "uid": "06f7a88a-07a3-4ac5-a549-58c3a363eed0", 
      "area": 2.15, 
      "num_lifts": 10, 
      "source": "jsons/ski_area_elevations//north-america-latest.json", 
      "min_elev": 224, 
      "cumarea": 15011.482425943048
    }, 
    {
      "max_elev": 310, 
      "uid": "04c039bb-02e6-4688-86dd-abffbbd30add", 
      "area": 2.0100000000000002, 
      "num_lifts": 7, 
      "source": "jsons/ski_area_elevations//north-america-latest.json", 
      "min_elev": 184, 
      "cumarea": 15014.18056066512
    }
  ], 
  "end_x": 15014.616379572351, 
  "num": 3419, 
  "zoom": 12, 
  "start_x": 15010.226140864874
}