{
  "shown": [
    {
      "max_elev": 291, 
      "uid": "51071752-8a60-4188-87a1-36b9524d866e", 
      "area": 1.94, 
      "num_lifts": 10, 
      "source": "jsons/ski_area_elevations//europe-latest.json", 
      "min_elev": 250, 
      "cumarea": 15173.777950626225
    }, 
    {
      "max_elev": 291, 
      "uid": "705e0f17-0677-482d-be0f-7e8c7e0b0fe9", 
      "area": 1.8, 
      "num_lifts": 1, 
      "source": "jsons/ski_area_elevations//europe-latest.json", 
      "min_elev": 283, 
      "cumarea": 15176.365737291128
    }
  ], 
  "end_x": 15177.055211749012, 
  "num": 3456, 
  "zoom": 12, 
  "start_x": 15172.664973041534
}