{
  "shown": [
    {
      "max_elev": 284, 
      "uid": "281488b2-bd37-4eaf-9a77-df0c0e06d35e", 
      "area": 2.49, 
      "num_lifts": 23, 
      "source": "jsons/ski_area_elevations//north-america-latest.json", 
      "min_elev": 146, 
      "cumarea": 15224.903212759125
    }, 
    {
      "max_elev": 284, 
      "uid": "27ec2bd1-d63d-472c-a8b3-27a6adf1aeba", 
      "area": 1.81, 
      "num_lifts": 2, 
      "source": "jsons/ski_area_elevations//europe-latest.json", 
      "min_elev": 262, 
      "cumarea": 15221.990930048649
    }
  ], 
  "end_x": 15225.34783753126, 
  "num": 3467, 
  "zoom": 12, 
  "start_x": 15220.957598823785
}