{
  "shown": [
    {
      "max_elev": 279, 
      "uid": "236706a4-e394-42c2-9f8b-6222a6e9abf7", 
      "area": 1.81, 
      "num_lifts": 1, 
      "source": "jsons/ski_area_elevations//north-america-latest.json", 
      "min_elev": 259, 
      "cumarea": 15267.432186684793
    }
  ], 
  "end_x": 15269.250224606032, 
  "num": 3477, 
  "zoom": 12, 
  "start_x": 15264.859985898554
}