{
  "shown": [
    {
      "max_elev": 278, 
      "uid": "5551dde6-5c39-4d20-8e9d-a55113928f95", 
      "area": 2.0, 
      "num_lifts": 6, 
      "source": "jsons/ski_area_elevations//north-america-latest.json", 
      "min_elev": 18, 
      "cumarea": 15277.976047228176
    }, 
    {
      "max_elev": 278, 
      "uid": "3b044be7-1d59-4335-8f7d-2b9b96ef8c30", 
      "area": 1.82, 
      "num_lifts": 1, 
      "source": "jsons/ski_area_elevations//europe-latest.json", 
      "min_elev": 244, 
      "cumarea": 15275.282900047616
    }
  ], 
  "end_x": 15278.030702020988, 
  "num": 3479, 
  "zoom": 12, 
  "start_x": 15273.64046331351
}