{
  "shown": [
    {
      "max_elev": 2405, 
      "uid": "3f5b375f-98b4-4388-b120-299561b21a37", 
      "area": 1.95, 
      "num_lifts": 2, 
      "source": "jsons/ski_area_elevations//europe-latest.json", 
      "min_elev": 1051, 
      "cumarea": 1534.078420926444
    }
  ], 
  "end_x": 1536.5835476170537, 
  "num": 349, 
  "zoom": 12, 
  "start_x": 1532.1933089095764
}