{
  "shown": [
    {
      "max_elev": 266, 
      "uid": "a9c02198-2713-4d4b-9724-ef40e74ad7a0", 
      "area": 2.0700000000000003, 
      "num_lifts": 9, 
      "source": "jsons/ski_area_elevations//asia-latest.json", 
      "min_elev": 154, 
      "cumarea": 15370.5453401037
    }, 
    {
      "max_elev": 265, 
      "uid": "f883e045-c223-42bc-8cd7-bea3b96f5b4f", 
      "area": 2.0300000000000002, 
      "num_lifts": 0, 
      "source": "jsons/ski_area_elevations//europe-latest.json", 
      "min_elev": 265, 
      "cumarea": 15373.253375896753
    }
  ], 
  "end_x": 15374.61595358549, 
  "num": 3501, 
  "zoom": 12, 
  "start_x": 15370.225714878012
}