{
  "shown": [
    {
      "max_elev": 254, 
      "uid": "3cfcf5bb-b304-4245-a443-a9829f7e1f6a", 
      "area": 1.83, 
      "num_lifts": 1, 
      "source": "jsons/ski_area_elevations//europe-latest.json", 
      "min_elev": 217, 
      "cumarea": 15486.239371443318
    }
  ], 
  "end_x": 15488.762159979899, 
  "num": 3527, 
  "zoom": 12, 
  "start_x": 15484.37192127242
}