{
  "shown": [
    {
      "max_elev": 241, 
      "uid": "5ecab62d-ba58-48df-81f6-cf166b488195", 
      "area": 2.06, 
      "num_lifts": 10, 
      "source": "jsons/ski_area_elevations//europe-latest.json", 
      "min_elev": 109, 
      "cumarea": 15578.293336403161
    }
  ], 
  "end_x": 15580.957172836923, 
  "num": 3548, 
  "zoom": 12, 
  "start_x": 15576.566934129445
}