{
  "shown": [
    {
      "max_elev": 226, 
      "uid": "48d093d6-6cfe-4d6c-a4f2-64bd188a0fd8", 
      "area": 2.0300000000000002, 
      "num_lifts": 3, 
      "source": "jsons/ski_area_elevations//europe-latest.json", 
      "min_elev": 99, 
      "cumarea": 15725.913309391917
    }, 
    {
      "max_elev": 225, 
      "uid": "511bf246-48d2-4a27-a78a-a46831f9af7a", 
      "area": 1.82, 
      "num_lifts": 1, 
      "source": "jsons/ski_area_elevations//europe-latest.json", 
      "min_elev": 172, 
      "cumarea": 15728.512145893006
    }
  ], 
  "end_x": 15730.22528889115, 
  "num": 3582, 
  "zoom": 12, 
  "start_x": 15725.835050183672
}