{
  "shown": [
    {
      "max_elev": 222, 
      "uid": "71a7beec-287f-4028-b317-8ad7317d6051", 
      "area": 2.2, 
      "num_lifts": 11, 
      "source": "jsons/ski_area_elevations//europe-latest.json", 
      "min_elev": 136, 
      "cumarea": 15739.198181133406
    }, 
    {
      "max_elev": 222, 
      "uid": "771eb3cb-6e87-49da-9657-57040c5d952a", 
      "area": 1.92, 
      "num_lifts": 0, 
      "source": "jsons/ski_area_elevations//europe-latest.json", 
      "min_elev": 222, 
      "cumarea": 15741.850506319446
    }
  ], 
  "end_x": 15743.396005013583, 
  "num": 3585, 
  "zoom": 12, 
  "start_x": 15739.005766306105
}