{
  "shown": [
    {
      "max_elev": 213, 
      "uid": "9ad90c85-6452-4d12-b643-1a67286d2349", 
      "area": 1.8900000000000001, 
      "num_lifts": 2, 
      "source": "jsons/ski_area_elevations//asia-latest.json", 
      "min_elev": 144, 
      "cumarea": 15841.836355208818
    }
  ], 
  "end_x": 15844.371495285559, 
  "num": 3608, 
  "zoom": 12, 
  "start_x": 15839.981256578081
}