{
  "shown": [
    {
      "max_elev": 212, 
      "uid": "b08d93c7-daa4-49b6-bb14-bdb4e0fe7a02", 
      "area": 1.96, 
      "num_lifts": 6, 
      "source": "jsons/ski_area_elevations//north-america-latest.json", 
      "min_elev": 120, 
      "cumarea": 15849.72302477783
    }, 
    {
      "max_elev": 212, 
      "uid": "eb9a9a1b-be75-4bfc-b677-873d88e7063b", 
      "area": 1.81, 
      "num_lifts": 1, 
      "source": "jsons/ski_area_elevations//north-america-latest.json", 
      "min_elev": 212, 
      "cumarea": 15852.316351623107
    }
  ], 
  "end_x": 15853.151972700514, 
  "num": 3610, 
  "zoom": 12, 
  "start_x": 15848.761733993037
}