{
  "shown": [
    {
      "max_elev": 207, 
      "uid": "7be130ef-0f72-4a88-813c-aae2760285b5", 
      "area": 1.81, 
      "num_lifts": 1, 
      "source": "jsons/ski_area_elevations//europe-latest.json", 
      "min_elev": 193, 
      "cumarea": 15897.53120718186
    }, 
    {
      "max_elev": 207, 
      "uid": "499fb02d-5427-45cb-9840-6a877ee44a9e", 
      "area": 1.81, 
      "num_lifts": 1, 
      "source": "jsons/ski_area_elevations//europe-latest.json", 
      "min_elev": 189, 
      "cumarea": 15900.124534027138
    }
  ], 
  "end_x": 15901.444598482765, 
  "num": 3621, 
  "zoom": 12, 
  "start_x": 15897.054359775288
}