{
  "shown": [
    {
      "max_elev": 205, 
      "uid": "7e9d2a41-a56d-4c7a-96b4-f15f7ed1e7bb", 
      "area": 1.99, 
      "num_lifts": 5, 
      "source": "jsons/ski_area_elevations//europe-latest.json", 
      "min_elev": 135, 
      "cumarea": 15910.663442048659
    }, 
    {
      "max_elev": 205, 
      "uid": "b7d98b1a-10dc-4014-8a91-1cac3ae46b2a", 
      "area": 1.87, 
      "num_lifts": 3, 
      "source": "jsons/ski_area_elevations//europe-latest.json", 
      "min_elev": 151, 
      "cumarea": 15913.289380479526
    }
  ], 
  "end_x": 15914.615314605198, 
  "num": 3624, 
  "zoom": 12, 
  "start_x": 15910.22507589772
}