{
  "shown": [
    {
      "max_elev": 204, 
      "uid": "1244989b-372c-45ad-af2a-63f89947a4c9", 
      "area": 1.86, 
      "num_lifts": 4, 
      "source": "jsons/ski_area_elevations//europe-latest.json", 
      "min_elev": 172, 
      "cumarea": 15923.700926624659
    }, 
    {
      "max_elev": 204, 
      "uid": "6be4f61f-ae07-4f29-b3af-6543d9478654", 
      "area": 1.81, 
      "num_lifts": 1, 
      "source": "jsons/ski_area_elevations//europe-latest.json", 
      "min_elev": 163, 
      "cumarea": 15926.294253469936
    }
  ], 
  "end_x": 15927.78603072763, 
  "num": 3627, 
  "zoom": 12, 
  "start_x": 15923.395792020154
}