{
  "shown": [
    {
      "max_elev": 202, 
      "uid": "f6d493bd-02cf-4d2a-811b-35605e80ae82", 
      "area": 2.16, 
      "num_lifts": 5, 
      "source": "jsons/ski_area_elevations//europe-latest.json", 
      "min_elev": 159, 
      "cumarea": 15942.52788413654
    }, 
    {
      "max_elev": 202, 
      "uid": "5df56d34-3029-44e2-97f0-7ef52c0b0e8d", 
      "area": 1.8800000000000001, 
      "num_lifts": 2, 
      "source": "jsons/ski_area_elevations//europe-latest.json", 
      "min_elev": 144, 
      "cumarea": 15945.159155913381
    }
  ], 
  "end_x": 15945.346985557539, 
  "num": 3631, 
  "zoom": 12, 
  "start_x": 15940.95674685006
}