{
  "shown": [
    {
      "max_elev": 194, 
      "uid": "88167220-ba1a-4040-834e-c6c19765c9ed", 
      "area": 2.21, 
      "num_lifts": 15, 
      "source": "jsons/ski_area_elevations//europe-latest.json", 
      "min_elev": 138, 
      "cumarea": 16016.567256147122
    }, 
    {
      "max_elev": 194, 
      "uid": "dd045c31-3531-409d-855f-47f5d427fd18", 
      "area": 1.83, 
      "num_lifts": 2, 
      "source": "jsons/ski_area_elevations//europe-latest.json", 
      "min_elev": 137, 
      "cumarea": 16019.171572113975
    }
  ], 
  "end_x": 16019.981043584652, 
  "num": 3648, 
  "zoom": 12, 
  "start_x": 16015.590804877174
}