{
  "shown": [
    {
      "max_elev": 193, 
      "uid": "54556049-eacd-481d-86b5-c18c26122762", 
      "area": 1.86, 
      "num_lifts": 3, 
      "source": "jsons/ski_area_elevations//north-america-latest.json", 
      "min_elev": 102, 
      "cumarea": 16050.400641792556
    }, 
    {
      "max_elev": 193, 
      "uid": "d203e7aa-3f29-4ed4-a1e3-7b40885c5811", 
      "area": 1.8, 
      "num_lifts": 1, 
      "source": "jsons/ski_area_elevations//europe-latest.json", 
      "min_elev": 191, 
      "cumarea": 16047.78006530483
    }
  ], 
  "end_x": 16050.712714536992, 
  "num": 3655, 
  "zoom": 12, 
  "start_x": 16046.322475829515
}