{
  "shown": [
    {
      "max_elev": 190, 
      "uid": "f2029eda-c459-4bad-8def-8112a6e2db3f", 
      "area": 1.81, 
      "num_lifts": 1, 
      "source": "jsons/ski_area_elevations//europe-latest.json", 
      "min_elev": 167, 
      "cumarea": 16100.982220009138
    }
  ], 
  "end_x": 16103.39557902672, 
  "num": 3667, 
  "zoom": 12, 
  "start_x": 16099.005340319243
}