{
  "shown": [
    {
      "max_elev": 2372, 
      "cumarea": 1627.2137081705498, 
      "area": 11.88, 
      "num_lifts": 44, 
      "name": "Panorama Mountain", 
      "source": "jsons/ski_area_elevations//north-america-latest.json", 
      "min_elev": 1141, 
      "uid": "afd7443c-daad-40ab-988f-c2988b17e375"
    }
  ], 
  "end_x": 1628.7785604740766, 
  "num": 370, 
  "zoom": 12, 
  "start_x": 1624.3883217665993
}