{
  "shown": [
    {
      "max_elev": 2372, 
      "cumarea": 1630.029072983834, 
      "area": 2.2600000000000002, 
      "num_lifts": 1, 
      "name": "(not a ski area)", 
      "source": "jsons/ski_area_elevations//africa-latest.json", 
      "min_elev": 1555, 
      "uid": "27739509-4cd7-4b72-805e-c31c8907c575"
    }
  ], 
  "end_x": 1633.168799181554, 
  "num": 371, 
  "zoom": 12, 
  "start_x": 1628.7785604740766
}