{
  "shown": [
    {
      "max_elev": 170, 
      "uid": "6a48e597-dc02-440d-aa26-a5702f0a9ac0", 
      "area": 1.82, 
      "num_lifts": 2, 
      "source": "jsons/ski_area_elevations//europe-latest.json", 
      "min_elev": 145, 
      "cumarea": 16288.17536841918
    }, 
    {
      "max_elev": 170, 
      "uid": "7812462d-0154-4f29-a75d-6d3ed144432a", 
      "area": 1.81, 
      "num_lifts": 1, 
      "source": "jsons/ski_area_elevations//europe-latest.json", 
      "min_elev": 108, 
      "cumarea": 16290.768695264458
    }
  ], 
  "end_x": 16292.175843448244, 
  "num": 3710, 
  "zoom": 12, 
  "start_x": 16287.785604740766
}