{
  "shown": [
    {
      "max_elev": 168, 
      "uid": "06f8b646-6c5e-4639-af63-cfded841b2ac", 
      "area": 1.8900000000000001, 
      "num_lifts": 3, 
      "source": "jsons/ski_area_elevations//europe-latest.json", 
      "min_elev": 69, 
      "cumarea": 16314.566296409785
    }, 
    {
      "max_elev": 168, 
      "uid": "d5751cec-aca5-4a4b-a7a0-a5d755c51b16", 
      "area": 1.8800000000000001, 
      "num_lifts": 3, 
      "source": "jsons/ski_area_elevations//europe-latest.json", 
      "min_elev": 114, 
      "cumarea": 16317.197568186626
    }
  ], 
  "end_x": 16318.517275693106, 
  "num": 3716, 
  "zoom": 12, 
  "start_x": 16314.12703698563
}