{
  "shown": [
    {
      "max_elev": 166, 
      "uid": "a243086f-aab0-4617-85dc-403c2226da34", 
      "area": 1.82, 
      "num_lifts": 1, 
      "source": "jsons/ski_area_elevations//europe-latest.json", 
      "min_elev": 84, 
      "cumarea": 16327.64175800303
    }, 
    {
      "max_elev": 166, 
      "uid": "61ae6a4a-f98c-4a41-85e8-b354355fcfd7", 
      "area": 1.82, 
      "num_lifts": 0, 
      "source": "jsons/ski_area_elevations//europe-latest.json", 
      "min_elev": 166, 
      "cumarea": 16330.24059450412
    }
  ], 
  "end_x": 16331.68799181554, 
  "num": 3719, 
  "zoom": 12, 
  "start_x": 16327.297753108061
}