{
  "shown": [
    {
      "max_elev": 165, 
      "uid": "853c69b1-14a8-4ebd-bf37-c1017ad7b4bc", 
      "area": 1.8, 
      "num_lifts": 1, 
      "source": "jsons/ski_area_elevations//europe-latest.json", 
      "min_elev": 165, 
      "cumarea": 16351.354509225908
    }
  ], 
  "end_x": 16353.639185352928, 
  "num": 3724, 
  "zoom": 12, 
  "start_x": 16349.24894664545
}