{
  "shown": [
    {
      "max_elev": 160, 
      "uid": "6cd24783-d744-4ddd-b0ba-0a243dba8816", 
      "area": 1.84, 
      "num_lifts": 1, 
      "source": "jsons/ski_area_elevations//asia-latest.json", 
      "min_elev": 93, 
      "cumarea": 16407.844350790147
    }, 
    {
      "max_elev": 159, 
      "uid": "463ea265-10ce-44b9-9091-d8607920f41b", 
      "area": 1.83, 
      "num_lifts": 2, 
      "source": "jsons/ski_area_elevations//europe-latest.json", 
      "min_elev": 135, 
      "cumarea": 16410.448666756998
    }
  ], 
  "end_x": 16410.71228855013, 
  "num": 3737, 
  "zoom": 12, 
  "start_x": 16406.322049842653
}