{
  "shown": [
    {
      "max_elev": 151, 
      "uid": "abb038bc-36af-4c25-b530-66fb2e435c60", 
      "area": 1.81, 
      "num_lifts": 2, 
      "source": "jsons/ski_area_elevations//europe-latest.json", 
      "min_elev": 114, 
      "cumarea": 16509.747328160018
    }
  ], 
  "end_x": 16511.68777882211, 
  "num": 3760, 
  "zoom": 12, 
  "start_x": 16507.297540114632
}