{
  "shown": [
    {
      "max_elev": 149, 
      "uid": "6da20030-ea75-4388-a432-24461e0114f1", 
      "area": 1.8800000000000001, 
      "num_lifts": 1, 
      "source": "jsons/ski_area_elevations//europe-latest.json", 
      "min_elev": 99, 
      "cumarea": 16533.509937169296
    }, 
    {
      "max_elev": 150, 
      "uid": "0ed2d72f-4ff8-4973-9d6a-af05882ab199", 
      "area": 1.83, 
      "num_lifts": 1, 
      "source": "jsons/ski_area_elevations//asia-latest.json", 
      "min_elev": 9, 
      "cumarea": 16530.878665392454
    }
  ], 
  "end_x": 16533.6389723595, 
  "num": 3765, 
  "zoom": 12, 
  "start_x": 16529.24873365202
}