{
  "shown": [
    {
      "max_elev": 143, 
      "uid": "3c753ef1-292c-4ca5-bf91-65ec65701a76", 
      "area": 1.86, 
      "num_lifts": 3, 
      "source": "jsons/ski_area_elevations//europe-latest.json", 
      "min_elev": 116, 
      "cumarea": 16582.91395181109
    }, 
    {
      "max_elev": 143, 
      "uid": "3db67a3b-58a1-4675-88e5-8e4c23f993e0", 
      "area": 1.81, 
      "num_lifts": 1, 
      "source": "jsons/ski_area_elevations//europe-latest.json", 
      "min_elev": 115, 
      "cumarea": 16585.50727865637
    }
  ], 
  "end_x": 16586.321836849223, 
  "num": 3777, 
  "zoom": 12, 
  "start_x": 16581.931598141746
}