{
  "shown": [], 
  "end_x": 171.21930959161455, 
  "num": 38, 
  "zoom": 12, 
  "start_x": 166.82907088413725
}