{
  "shown": [
    {
      "max_elev": 128, 
      "uid": "89f6b858-3785-4534-9cb0-691d51b67328", 
      "area": 1.9300000000000002, 
      "num_lifts": 3, 
      "source": "jsons/ski_area_elevations//europe-latest.json", 
      "min_elev": 56, 
      "cumarea": 16731.928837988755
    }, 
    {
      "max_elev": 128, 
      "uid": "81440338-57b5-4ec2-9a38-843f4d2aa6e0", 
      "area": 1.9100000000000001, 
      "num_lifts": 3, 
      "source": "jsons/ski_area_elevations//europe-latest.json", 
      "min_elev": 34, 
      "cumarea": 16734.575941230814
    }
  ], 
  "end_x": 16735.58995290345, 
  "num": 3811, 
  "zoom": 12, 
  "start_x": 16731.199714195973
}