{
  "shown": [
    {
      "max_elev": 124, 
      "uid": "898f6f79-8dc2-4930-9ebd-bfda244fb669", 
      "area": 1.8900000000000001, 
      "num_lifts": 4, 
      "source": "jsons/ski_area_elevations//europe-latest.json", 
      "min_elev": 84, 
      "cumarea": 16771.27628666551
    }, 
    {
      "max_elev": 124, 
      "uid": "a4825a9d-81ca-45d3-ba15-ec90eff75f80", 
      "area": 1.82, 
      "num_lifts": 1, 
      "source": "jsons/ski_area_elevations//europe-latest.json", 
      "min_elev": 14, 
      "cumarea": 16773.8751231666
    }
  ], 
  "end_x": 16775.102101270742, 
  "num": 3820, 
  "zoom": 12, 
  "start_x": 16770.711862563265
}