{
  "shown": [
    {
      "max_elev": 122, 
      "uid": "ef53bd7b-60c2-4404-8093-0eda168f7420", 
      "area": 1.85, 
      "num_lifts": 1, 
      "source": "jsons/ski_area_elevations//europe-latest.json", 
      "min_elev": 17, 
      "cumarea": 16810.720580769415
    }, 
    {
      "max_elev": 122, 
      "uid": "cbc9e660-af3b-4ed3-8de8-7250c9dcf8c0", 
      "area": 1.83, 
      "num_lifts": 2, 
      "source": "jsons/ski_area_elevations//europe-latest.json", 
      "min_elev": 75, 
      "cumarea": 16813.324896736267
    }
  ], 
  "end_x": 16814.61424963804, 
  "num": 3829, 
  "zoom": 12, 
  "start_x": 16810.224010930564
}