{
  "shown": [
    {
      "max_elev": 122, 
      "uid": "156df5cb-abe6-4864-96c4-28dc40dd84ce", 
      "area": 1.85, 
      "num_lifts": 1, 
      "source": "jsons/ski_area_elevations//asia-latest.json", 
      "min_elev": 17, 
      "cumarea": 16823.720062911194
    }, 
    {
      "max_elev": 122, 
      "uid": "3c7c0cdb-02b1-4465-8d3e-e3c9ab50d177", 
      "area": 1.81, 
      "num_lifts": 2, 
      "source": "jsons/ski_area_elevations//asia-latest.json", 
      "min_elev": 112, 
      "cumarea": 16826.313389756473
    }
  ], 
  "end_x": 16827.784965760475, 
  "num": 3832, 
  "zoom": 12, 
  "start_x": 16823.394727052997
}