{
  "shown": [
    {
      "max_elev": 109, 
      "uid": "c81a17b4-0878-4934-b30f-9e6e0bef2692", 
      "area": 1.82, 
      "num_lifts": 1, 
      "source": "jsons/ski_area_elevations//europe-latest.json", 
      "min_elev": 75, 
      "cumarea": 16955.3296101242
    }, 
    {
      "max_elev": 109, 
      "uid": "6dde596b-14bc-4247-94c8-ccd1988f2767", 
      "area": 1.81, 
      "num_lifts": 1, 
      "source": "jsons/ski_area_elevations//europe-latest.json", 
      "min_elev": 8, 
      "cumarea": 16957.92293696948
    }
  ], 
  "end_x": 16959.4921269848, 
  "num": 3862, 
  "zoom": 12, 
  "start_x": 16955.10188827732
}