{
  "shown": [
    {
      "max_elev": 99, 
      "uid": "0b2047ac-2985-418e-b3ec-beda18724b5c", 
      "area": 1.9000000000000001, 
      "num_lifts": 1, 
      "source": "jsons/ski_area_elevations//europe-latest.json", 
      "min_elev": 99, 
      "cumarea": 17039.24963268982
    }, 
    {
      "max_elev": 99, 
      "uid": "70ff1161-ac82-4a3e-83dd-6ee86509c16e", 
      "area": 1.86, 
      "num_lifts": 0, 
      "source": "jsons/ski_area_elevations//europe-latest.json", 
      "min_elev": 99, 
      "cumarea": 17041.87020917755
    }
  ], 
  "end_x": 17042.90666242686, 
  "num": 3881, 
  "zoom": 12, 
  "start_x": 17038.516423719382
}