{
  "shown": [
    {
      "max_elev": 98, 
      "uid": "4377c529-887d-4794-86d1-7a4d73203119", 
      "area": 1.81, 
      "num_lifts": 1, 
      "source": "jsons/ski_area_elevations//europe-latest.json", 
      "min_elev": 71, 
      "cumarea": 17057.61130980964
    }, 
    {
      "max_elev": 98, 
      "uid": "3e282d4f-b79b-4feb-a47f-e42b19383a74", 
      "area": 1.81, 
      "num_lifts": 2, 
      "source": "jsons/ski_area_elevations//europe-latest.json", 
      "min_elev": 84, 
      "cumarea": 17060.20463665492
    }
  ], 
  "end_x": 17060.46761725677, 
  "num": 3885, 
  "zoom": 12, 
  "start_x": 17056.077378549293
}