{
  "shown": [
    {
      "max_elev": 97, 
      "uid": "fcf5d52f-2f39-4f3c-92d6-ca4f16d766dc", 
      "area": 2.43, 
      "num_lifts": 4, 
      "source": "jsons/ski_area_elevations//asia-latest.json", 
      "min_elev": 52, 
      "cumarea": 17068.27918160283
    }, 
    {
      "max_elev": 97, 
      "uid": "92ce88ff-c34d-4d62-aed8-b84401520f3e", 
      "area": 1.81, 
      "num_lifts": 1, 
      "source": "jsons/ski_area_elevations//north-america-latest.json", 
      "min_elev": 96, 
      "cumarea": 17065.391290345477
    }
  ], 
  "end_x": 17069.248094671726, 
  "num": 3887, 
  "zoom": 12, 
  "start_x": 17064.85785596425
}