{
  "shown": [
    {
      "max_elev": 84, 
      "uid": "d91d39f5-070f-4ac3-a3fd-5c1d713dd3af", 
      "area": 1.9000000000000001, 
      "num_lifts": 9, 
      "source": "jsons/ski_area_elevations//europe-latest.json", 
      "min_elev": 12, 
      "cumarea": 17175.599957554947
    }, 
    {
      "max_elev": 84, 
      "uid": "ffe74ed7-e6eb-4ead-bd27-6a30a628ac3c", 
      "area": 1.81, 
      "num_lifts": 2, 
      "source": "jsons/ski_area_elevations//europe-latest.json", 
      "min_elev": 74, 
      "cumarea": 17178.193284400226
    }
  ], 
  "end_x": 17179.004062358654, 
  "num": 3912, 
  "zoom": 12, 
  "start_x": 17174.61382365118
}