{
  "shown": [
    {
      "max_elev": 84, 
      "uid": "baffdf0c-f4ed-4957-81b5-d972af25cc9c", 
      "area": 1.81, 
      "num_lifts": 1, 
      "source": "jsons/ski_area_elevations//europe-latest.json", 
      "min_elev": 56, 
      "cumarea": 17180.786611245505
    }
  ], 
  "end_x": 17183.39430106613, 
  "num": 3913, 
  "zoom": 12, 
  "start_x": 17179.004062358654
}