{
  "shown": [
    {
      "max_elev": 83, 
      "uid": "109f71da-7c9b-4bf1-902a-46b8b0265229", 
      "area": 1.82, 
      "num_lifts": 2, 
      "source": "jsons/ski_area_elevations//europe-latest.json", 
      "min_elev": 56, 
      "cumarea": 17188.610222678548
    }, 
    {
      "max_elev": 83, 
      "uid": "018f8fa0-e7c2-4cce-8d0d-ed1d4a5886f4", 
      "area": 1.81, 
      "num_lifts": 1, 
      "source": "jsons/ski_area_elevations//europe-latest.json", 
      "min_elev": 17, 
      "cumarea": 17191.203549523827
    }
  ], 
  "end_x": 17192.174778481087, 
  "num": 3915, 
  "zoom": 12, 
  "start_x": 17187.78453977361
}