{
  "shown": [
    {
      "max_elev": 80, 
      "uid": "0c544d41-d74e-4890-acd3-28e7ffddbc66", 
      "area": 1.8800000000000001, 
      "num_lifts": 2, 
      "source": "jsons/ski_area_elevations//europe-latest.json", 
      "min_elev": 53, 
      "cumarea": 17204.22453688356
    }, 
    {
      "max_elev": 81, 
      "uid": "e0e37efb-c974-4e7f-893c-91650e7b5099", 
      "area": 1.8, 
      "num_lifts": 1, 
      "source": "jsons/ski_area_elevations//europe-latest.json", 
      "min_elev": 75, 
      "cumarea": 17201.59326510672
    }
  ], 
  "end_x": 17205.34549460352, 
  "num": 3918, 
  "zoom": 12, 
  "start_x": 17200.955255896042
}