{
  "shown": [
    {
      "max_elev": 79, 
      "uid": "cb7689d5-acc9-435f-9be4-955c8f023e1f", 
      "area": 1.82, 
      "num_lifts": 3, 
      "source": "jsons/ski_area_elevations//europe-latest.json", 
      "min_elev": 46, 
      "cumarea": 17227.73830326206
    }, 
    {
      "max_elev": 79, 
      "uid": "3df2d2c2-9807-491e-8eef-e516200e20d9", 
      "area": 1.81, 
      "num_lifts": 1, 
      "source": "jsons/ski_area_elevations//north-america-latest.json", 
      "min_elev": 17, 
      "cumarea": 17230.33163010734
    }
  ], 
  "end_x": 17231.686926848386, 
  "num": 3924, 
  "zoom": 12, 
  "start_x": 17227.29668814091
}