{
  "shown": [
    {
      "max_elev": 75, 
      "uid": "6561dc52-419e-4d61-9a0a-cdcb169d0019", 
      "area": 1.8, 
      "num_lifts": 1, 
      "source": "jsons/ski_area_elevations//europe-latest.json", 
      "min_elev": 65, 
      "cumarea": 17272.558864637303
    }, 
    {
      "max_elev": 75, 
      "uid": "c3d9ca42-206d-469f-8d07-ad1d1877ab42", 
      "area": 1.8, 
      "num_lifts": 1, 
      "source": "jsons/ski_area_elevations//north-america-latest.json", 
      "min_elev": 75, 
      "cumarea": 17275.146651302206
    }
  ], 
  "end_x": 17275.589313923156, 
  "num": 3934, 
  "zoom": 12, 
  "start_x": 17271.199075215678
}