{
  "shown": [
    {
      "max_elev": 69, 
      "uid": "513447cd-6e9e-4eb3-879e-f8e5e52eb874", 
      "area": 1.81, 
      "num_lifts": 1, 
      "source": "jsons/ski_area_elevations//europe-latest.json", 
      "min_elev": 45, 
      "cumarea": 17324.721793628414
    }, 
    {
      "max_elev": 69, 
      "uid": "aa456818-9c22-4ec1-bfa0-74ad46061653", 
      "area": 1.8, 
      "num_lifts": 1, 
      "source": "jsons/ski_area_elevations//europe-latest.json", 
      "min_elev": 69, 
      "cumarea": 17327.309580293317
    }
  ], 
  "end_x": 17328.27217841288, 
  "num": 3946, 
  "zoom": 12, 
  "start_x": 17323.881939705403
}