{
  "shown": [
    {
      "max_elev": 65, 
      "uid": "88d77e24-b513-4761-814e-e31ef7d27af3", 
      "area": 1.83, 
      "num_lifts": 7, 
      "source": "jsons/ski_area_elevations//europe-latest.json", 
      "min_elev": 50, 
      "cumarea": 17356.34996981492
    }, 
    {
      "max_elev": 65, 
      "uid": "ffb94764-940d-4876-bf06-0b5c8f2f5a8b", 
      "area": 1.82, 
      "num_lifts": 2, 
      "source": "jsons/ski_area_elevations//europe-latest.json", 
      "min_elev": 9, 
      "cumarea": 17358.94880631601
    }
  ], 
  "end_x": 17359.003849365225, 
  "num": 3953, 
  "zoom": 12, 
  "start_x": 17354.613610657747
}