{
  "shown": [
    {
      "max_elev": 44, 
      "uid": "e3bf61ab-2884-45d4-ae7f-e6bdbfb77b20", 
      "area": 1.81, 
      "num_lifts": 1, 
      "source": "jsons/ski_area_elevations//europe-latest.json", 
      "min_elev": 36, 
      "cumarea": 17553.969713452156
    }, 
    {
      "max_elev": 44, 
      "uid": "af29790e-965c-4c27-9c76-208ce4eae40c", 
      "area": 1.8, 
      "num_lifts": 1, 
      "source": "jsons/ski_area_elevations//europe-latest.json", 
      "min_elev": 44, 
      "cumarea": 17556.55750011706
    }
  ], 
  "end_x": 17556.564591201706, 
  "num": 3998, 
  "zoom": 12, 
  "start_x": 17552.17435249423
}