{
  "shown": [
    {
      "max_elev": 43, 
      "uid": "e0c8c5ee-72fc-4135-8494-64f5cbe8e1e3", 
      "area": 1.8, 
      "num_lifts": 1, 
      "source": "jsons/ski_area_elevations//europe-latest.json", 
      "min_elev": 43, 
      "cumarea": 17566.941675519574
    }, 
    {
      "max_elev": 43, 
      "uid": "cd6c66b4-41ca-4cca-9a7c-0453a7f02970", 
      "area": 1.8, 
      "num_lifts": 1, 
      "source": "jsons/ski_area_elevations//europe-latest.json", 
      "min_elev": 43, 
      "cumarea": 17569.529462184477
    }
  ], 
  "end_x": 17569.73530732414, 
  "num": 4001, 
  "zoom": 12, 
  "start_x": 17565.34506861666
}