{
  "shown": [
    {
      "max_elev": 30, 
      "uid": "c4608ba0-7b8f-4dc9-9e98-df09917bae06", 
      "area": 1.83, 
      "num_lifts": 3, 
      "source": "jsons/ski_area_elevations//europe-latest.json", 
      "min_elev": 18, 
      "cumarea": 17716.319322773834
    }, 
    {
      "max_elev": 30, 
      "uid": "3993f0c1-90f6-4189-b0f5-f8d395326d0b", 
      "area": 1.81, 
      "num_lifts": 2, 
      "source": "jsons/ski_area_elevations//europe-latest.json", 
      "min_elev": 18, 
      "cumarea": 17718.912649619113
    }
  ], 
  "end_x": 17719.003423378366, 
  "num": 4035, 
  "zoom": 12, 
  "start_x": 17714.61318467089
}