{
  "shown": [
    {
      "max_elev": 21, 
      "uid": "1698d162-9962-4569-b02e-3dfd21e81fd1", 
      "area": 1.82, 
      "num_lifts": 8, 
      "source": "jsons/ski_area_elevations//europe-latest.json", 
      "min_elev": 13, 
      "cumarea": 17766.08093645508
    }, 
    {
      "max_elev": 23, 
      "uid": "891bdeab-facb-427d-abe1-d391db092658", 
      "area": 1.8, 
      "num_lifts": 1, 
      "source": "jsons/ski_area_elevations//asia-latest.json", 
      "min_elev": 22, 
      "cumarea": 17763.48209995399
    }
  ], 
  "end_x": 17767.296049160614, 
  "num": 4046, 
  "zoom": 12, 
  "start_x": 17762.905810453136
}