{
  "shown": [
    {
      "max_elev": 19, 
      "uid": "9797c41f-6e09-4232-a7ef-b0222113a9ff", 
      "area": 1.9100000000000001, 
      "num_lifts": 2, 
      "source": "jsons/ski_area_elevations//north-america-latest.json", 
      "min_elev": 14, 
      "cumarea": 17792.073430245848
    }, 
    {
      "max_elev": 19, 
      "uid": "1c1bc0b5-992d-4302-abc1-9e78b6ab29d4", 
      "area": 1.81, 
      "num_lifts": 1, 
      "source": "jsons/ski_area_elevations//europe-latest.json", 
      "min_elev": 7, 
      "cumarea": 17789.426327003788
    }
  ], 
  "end_x": 17793.63748140548, 
  "num": 4052, 
  "zoom": 12, 
  "start_x": 17789.247242698002
}