{
  "shown": [
    {
      "max_elev": 17, 
      "uid": "65648dc9-2a6e-40ec-b0f9-cfb8734d3369", 
      "area": 1.81, 
      "num_lifts": 1, 
      "source": "jsons/ski_area_elevations//asia-latest.json", 
      "min_elev": 8, 
      "cumarea": 17799.88581553287
    }
  ], 
  "end_x": 17802.417958820435, 
  "num": 4054, 
  "zoom": 12, 
  "start_x": 17798.027720112957
}