{
  "shown": [
    {
      "max_elev": 16, 
      "uid": "531794c3-faa7-4746-9541-b1712fdd610f", 
      "area": 1.82, 
      "num_lifts": 1, 
      "source": "jsons/ski_area_elevations//europe-latest.json", 
      "min_elev": 15, 
      "cumarea": 17802.48465203396
    }, 
    {
      "max_elev": 16, 
      "uid": "a27dd709-83ab-4eb3-ade5-b3c418302a0d", 
      "area": 1.82, 
      "num_lifts": 2, 
      "source": "jsons/ski_area_elevations//europe-latest.json", 
      "min_elev": 9, 
      "cumarea": 17805.08348853505
    }
  ], 
  "end_x": 17806.80819752791, 
  "num": 4055, 
  "zoom": 12, 
  "start_x": 17802.417958820435
}