{
  "shown": [
    {
      "max_elev": 8, 
      "uid": "06cad0a6-d8e2-4cea-aa4b-766eae7977e7", 
      "area": 1.86, 
      "num_lifts": 3, 
      "source": "jsons/ski_area_elevations//europe-latest.json", 
      "min_elev": 4, 
      "cumarea": 17867.65199127936
    }, 
    {
      "max_elev": 9, 
      "uid": "585eb008-f70b-4d40-9016-008d99af7159", 
      "area": 1.84, 
      "num_lifts": 2, 
      "source": "jsons/ski_area_elevations//asia-latest.json", 
      "min_elev": 7, 
      "cumarea": 17865.031414791632
    }
  ], 
  "end_x": 17868.271539432593, 
  "num": 4069, 
  "zoom": 12, 
  "start_x": 17863.881300725116
}