{
  "shown": [
    {
      "max_elev": 0, 
      "uid": "51de588d-e542-4824-bfa4-b8cf5b40b600", 
      "area": 1.85, 
      "num_lifts": 1, 
      "source": "jsons/ski_area_elevations//europe-latest.json", 
      "min_elev": 0, 
      "cumarea": 17953.77697124089
    }
  ], 
  "end_x": 17956.07631358214, 
  "num": 4089, 
  "zoom": 12, 
  "start_x": 17951.686074874662
}