{
  "shown": [
    {
      "max_elev": 0, 
      "uid": "ce9382b8-b9cb-4296-9e2b-dcb139be68b4", 
      "area": 1.83, 
      "num_lifts": 1, 
      "source": "jsons/ski_area_elevations//europe-latest.json", 
      "min_elev": 0, 
      "cumarea": 17961.606238418455
    }, 
    {
      "max_elev": 0, 
      "uid": "7229df8f-783c-444a-89dc-029cd36046ad", 
      "area": 1.8, 
      "num_lifts": 0, 
      "source": "jsons/ski_area_elevations//europe-latest.json", 
      "min_elev": 0, 
      "cumarea": 17964.194025083358
    }
  ], 
  "end_x": 17964.856790997095, 
  "num": 4091, 
  "zoom": 12, 
  "start_x": 17960.466552289618
}