{
  "shown": [
    {
      "max_elev": 0, 
      "uid": "550e19ba-643c-4577-86b9-640f2a211534", 
      "area": 1.81, 
      "num_lifts": 1, 
      "source": "jsons/ski_area_elevations//north-america-latest.json", 
      "min_elev": 0, 
      "cumarea": 17971.962925258442
    }, 
    {
      "max_elev": 0, 
      "uid": "75d106d0-f972-46e6-8ba4-52e91a086ac3", 
      "area": 1.8, 
      "num_lifts": 1, 
      "source": "jsons/ski_area_elevations//europe-latest.json", 
      "min_elev": -1, 
      "cumarea": 17969.369598413163
    }
  ], 
  "end_x": 17973.63726841205, 
  "num": 4093, 
  "zoom": 12, 
  "start_x": 17969.247029704573
}