{
  "shown": [
    {
      "max_elev": 2284, 
      "uid": "d3508534-7570-455d-9501-05861034c561", 
      "area": 1.92, 
      "num_lifts": 5, 
      "source": "jsons/ski_area_elevations//north-america-latest.json", 
      "min_elev": 2104, 
      "cumarea": 1879.7684715602772
    }, 
    {
      "max_elev": 2284, 
      "uid": "bcd1aa9a-78f6-4a76-9609-325e8574a49c", 
      "area": 1.86, 
      "num_lifts": 1, 
      "source": "jsons/ski_area_elevations//asia-latest.json", 
      "min_elev": 1952, 
      "cumarea": 1882.3890480480025
    }
  ], 
  "end_x": 1883.41240550776, 
  "num": 428, 
  "zoom": 12, 
  "start_x": 1879.0221668002825
}