{
  "shown": [
    {
      "max_elev": 2270, 
      "cumarea": 1943.8629802025566, 
      "area": 27.39, 
      "num_lifts": 70, 
      "name": "Obersaxen Meierhof", 
      "source": "jsons/ski_area_elevations//europe-latest.json", 
      "min_elev": 1246, 
      "uid": "aef73628-f112-4f23-b641-8ec2b7df70c5"
    }
  ], 
  "end_x": 1944.8757474124418, 
  "num": 442, 
  "zoom": 12, 
  "start_x": 1940.4855087049646
}