{
  "shown": [], 
  "end_x": 2041.4609989769424, 
  "num": 464, 
  "zoom": 12, 
  "start_x": 2037.0707602694652
}