{
  "shown": [
    {
      "max_elev": 2238, 
      "cumarea": 2061.9912205895707, 
      "area": 12.08, 
      "num_lifts": 85, 
      "name": "Formigal", 
      "source": "jsons/ski_area_elevations//europe-latest.json", 
      "min_elev": 1500, 
      "uid": "b7e5de6f-dd4e-4e17-a964-1a505908f882"
    }
  ], 
  "end_x": 2063.412192514329, 
  "num": 469, 
  "zoom": 12, 
  "start_x": 2059.021953806852
}