{
  "shown": [
    {
      "max_elev": 2233, 
      "uid": "2e49895f-16cd-4182-b054-326eeb456a26", 
      "area": 3.6500000000000004, 
      "num_lifts": 21, 
      "source": "jsons/ski_area_elevations//europe-latest.json", 
      "min_elev": 1231, 
      "cumarea": 2095.3237880390616
    }
  ], 
  "end_x": 2098.534102174147, 
  "num": 477, 
  "zoom": 12, 
  "start_x": 2094.1438634666697
}