{
  "shown": [
    {
      "max_elev": 2227, 
      "cumarea": 2110.4570976887403, 
      "area": 8.32, 
      "num_lifts": 80, 
      "name": "Mt Hood Meadows", 
      "source": "jsons/ski_area_elevations//north-america-latest.json", 
      "min_elev": 1382, 
      "uid": "4b30cf26-e16a-43f3-ba04-5adf59b9b8ed"
    }
  ], 
  "end_x": 2111.704818296579, 
  "num": 480, 
  "zoom": 12, 
  "start_x": 2107.314579589102
}