{
  "shown": [
    {
      "max_elev": 2225, 
      "uid": "766ed52b-13b3-4606-bd62-a24c9e93c96c", 
      "area": 2.63, 
      "num_lifts": 7, 
      "source": "jsons/ski_area_elevations//europe-latest.json", 
      "min_elev": 1488, 
      "cumarea": 2113.42408153493
    }, 
    {
      "max_elev": 2225, 
      "uid": "1f9beb72-9f16-44fa-83d6-e41e84058f00", 
      "area": 1.95, 
      "num_lifts": 1, 
      "source": "jsons/ski_area_elevations//north-america-latest.json", 
      "min_elev": 1899, 
      "cumarea": 2116.0919109075057
    }
  ], 
  "end_x": 2116.095057004057, 
  "num": 481, 
  "zoom": 12, 
  "start_x": 2111.704818296579
}