{
  "shown": [
    {
      "max_elev": 2205, 
      "uid": "c739e5d8-676a-4631-88ad-7ac5ea38a7d2", 
      "area": 2.37, 
      "num_lifts": 3, 
      "source": "jsons/ski_area_elevations//europe-latest.json", 
      "min_elev": 1696, 
      "cumarea": 2184.5012263565122
    }
  ], 
  "end_x": 2186.3388763236935, 
  "num": 497, 
  "zoom": 12, 
  "start_x": 2181.948637616216
}