{
  "shown": [
    {
      "max_elev": 2194, 
      "uid": "72bfe88f-35d3-437f-9269-7b3e29cc3ee1", 
      "area": 4.03, 
      "num_lifts": 18, 
      "source": "jsons/ski_area_elevations//europe-latest.json", 
      "min_elev": 1470, 
      "cumarea": 2236.981602092217
    }
  ], 
  "end_x": 2239.0217408134204, 
  "num": 509, 
  "zoom": 12, 
  "start_x": 2234.631502105943
}