{
  "shown": [
    {
      "max_elev": 2150, 
      "uid": "95eacb00-05be-4f40-8171-880841c130dc", 
      "area": 4.53, 
      "num_lifts": 12, 
      "source": "jsons/ski_area_elevations//europe-latest.json", 
      "min_elev": 934, 
      "cumarea": 2353.354265775577
    }, 
    {
      "max_elev": 2149, 
      "uid": "1bbda56f-056c-4085-880d-3272b5c19c35", 
      "area": 1.85, 
      "num_lifts": 1, 
      "source": "jsons/ski_area_elevations//europe-latest.json", 
      "min_elev": 1488, 
      "cumarea": 2355.969451414667
    }
  ], 
  "end_x": 2357.558185915308, 
  "num": 536, 
  "zoom": 12, 
  "start_x": 2353.167947207831
}