{
  "shown": [
    {
      "max_elev": 2141, 
      "cumarea": 2373.126989348157, 
      "area": 6.2299999999999995, 
      "num_lifts": 50, 
      "name": "Luchon Superbagneres", 
      "source": "jsons/ski_area_elevations//europe-latest.json", 
      "min_elev": 640, 
      "uid": "19ddb461-d17f-41db-86ca-ba8306eeacac"
    }
  ], 
  "end_x": 2375.1191407452175, 
  "num": 540, 
  "zoom": 12, 
  "start_x": 2370.72890203774
}