{
  "shown": [
    {
      "max_elev": 2133, 
      "uid": "b4fdf021-5728-4f00-afbb-cb67196f67f0", 
      "area": 5.38, 
      "num_lifts": 14, 
      "source": "jsons/ski_area_elevations//europe-latest.json", 
      "min_elev": 1229, 
      "cumarea": 2393.953890400954
    }
  ], 
  "end_x": 2397.0703342826037, 
  "num": 545, 
  "zoom": 12, 
  "start_x": 2392.6800955751264
}