{
  "shown": [
    {
      "max_elev": 2129, 
      "uid": "3ac207ac-ac4c-4513-918d-ce0b03b504f1", 
      "area": 3.52, 
      "num_lifts": 30, 
      "source": "jsons/ski_area_elevations//europe-latest.json", 
      "min_elev": 1554, 
      "cumarea": 2410.813254953169
    }
  ], 
  "end_x": 2414.6312891125126, 
  "num": 549, 
  "zoom": 12, 
  "start_x": 2410.2410504050354
}