{
  "shown": [
    {
      "max_elev": 2094, 
      "uid": "490a145b-ee69-4228-b244-15501c18159b", 
      "area": 5.61, 
      "num_lifts": 11, 
      "source": "jsons/ski_area_elevations//europe-latest.json", 
      "min_elev": 538, 
      "cumarea": 2544.297267869681
    }
  ], 
  "end_x": 2546.3384503368316, 
  "num": 579, 
  "zoom": 12, 
  "start_x": 2541.9482116293543
}