{
  "shown": [
    {
      "max_elev": 2085, 
      "uid": "f1d27f2e-653d-4c26-8c17-b4627af308ba", 
      "area": 2.21, 
      "num_lifts": 4, 
      "source": "jsons/ski_area_elevations//north-america-latest.json", 
      "min_elev": 1736, 
      "cumarea": 2573.8956390485178
    }
  ], 
  "end_x": 2577.070121289173, 
  "num": 586, 
  "zoom": 12, 
  "start_x": 2572.679882581696
}