{
  "shown": [
    {
      "max_elev": 3322, 
      "uid": "94b6b424-5ecd-407c-a619-b6aaab65789d", 
      "area": 4.5, 
      "num_lifts": 9, 
      "source": "jsons/ski_area_elevations//north-america-latest.json", 
      "min_elev": 2929, 
      "cumarea": 259.77217455075566
    }, 
    {
      "max_elev": 3321, 
      "uid": "8ba45698-3d45-42ab-a8c4-01e761dfba88", 
      "area": 1.82, 
      "num_lifts": 2, 
      "source": "jsons/ski_area_elevations//north-america-latest.json", 
      "min_elev": 3163, 
      "cumarea": 262.3710110518444
    }
  ], 
  "end_x": 263.41432244863773, 
  "num": 59, 
  "zoom": 12, 
  "start_x": 259.02408374116044
}