{
  "shown": [
    {
      "max_elev": 3307, 
      "cumarea": 266.7570177529775, 
      "area": 10.870000000000001, 
      "num_lifts": 101, 
      "name": "Sierra Nevada - Pradollano", 
      "source": "jsons/ski_area_elevations//europe-latest.json", 
      "min_elev": 2137, 
      "uid": "25f8c3e7-df2d-4755-8583-f4924b18141b"
    }
  ], 
  "end_x": 267.804561156115, 
  "num": 60, 
  "zoom": 12, 
  "start_x": 263.41432244863773
}