{
  "shown": [
    {
      "max_elev": 2067, 
      "uid": "214fdca9-ae62-473b-b463-0ba3c5755476", 
      "area": 1.8, 
      "num_lifts": 1, 
      "source": "jsons/ski_area_elevations//south-america-latest.json", 
      "min_elev": 2067, 
      "cumarea": 2639.4540409503516
    }
  ], 
  "end_x": 2642.9237019013326, 
  "num": 601, 
  "zoom": 12, 
  "start_x": 2638.533463193855
}