{
  "shown": [
    {
      "max_elev": 2046, 
      "cumarea": 2718.9553587073947, 
      "area": 5.48, 
      "num_lifts": 31, 
      "name": "Campo Felice-Rocca di Cambio", 
      "source": "jsons/ski_area_elevations//europe-latest.json", 
      "min_elev": 1425, 
      "uid": "713d91aa-8acc-46fa-bd75-fb59b1bd3e9e"
    }
  ], 
  "end_x": 2721.947998635924, 
  "num": 619, 
  "zoom": 12, 
  "start_x": 2717.5577599284466
}