{
  "shown": [
    {
      "max_elev": 2039, 
      "uid": "ec4fce26-d9ff-4eb5-bc52-9370183cf777", 
      "area": 1.83, 
      "num_lifts": 1, 
      "source": "jsons/ski_area_elevations//europe-latest.json", 
      "min_elev": 1819, 
      "cumarea": 2759.098659273876
    }
  ], 
  "end_x": 2761.460147003219, 
  "num": 628, 
  "zoom": 12, 
  "start_x": 2757.0699082957417
}