{
  "shown": [
    {
      "max_elev": 2015, 
      "uid": "c382a6ea-21f3-400d-ba6a-6c74a4a1d904", 
      "area": 1.8900000000000001, 
      "num_lifts": 1, 
      "source": "jsons/ski_area_elevations//europe-latest.json", 
      "min_elev": 1290, 
      "cumarea": 2884.7395704139717
    }
  ], 
  "end_x": 2888.7770695200606, 
  "num": 657, 
  "zoom": 12, 
  "start_x": 2884.3868308125834
}