{
  "shown": [
    {
      "max_elev": 1991, 
      "uid": "877dd369-8ae3-4b5d-ac1c-9b5074cb8044", 
      "area": 2.3, 
      "num_lifts": 5, 
      "source": "jsons/ski_area_elevations//europe-latest.json", 
      "min_elev": 692, 
      "cumarea": 2981.668522841023
    }, 
    {
      "max_elev": 1991, 
      "uid": "51bf1964-4f5b-41c9-a1e6-695c46e89900", 
      "area": 1.82, 
      "num_lifts": 1, 
      "source": "jsons/ski_area_elevations//europe-latest.json", 
      "min_elev": 1750, 
      "cumarea": 2984.2673593421114
    }
  ], 
  "end_x": 2985.3623210845612, 
  "num": 679, 
  "zoom": 12, 
  "start_x": 2980.972082377084
}