{
  "shown": [
    {
      "max_elev": 1984, 
      "cumarea": 3026.7926146959244, 
      "area": 16.0, 
      "num_lifts": 134, 
      "name": "Nassfeld", 
      "source": "jsons/ski_area_elevations//europe-latest.json", 
      "min_elev": 610, 
      "uid": "dd9e6748-f2a8-460e-a502-083f98cdd707"
    }
  ], 
  "end_x": 3029.264708159334, 
  "num": 689, 
  "zoom": 12, 
  "start_x": 3024.874469451857
}