{
  "shown": [
    {
      "max_elev": 3236, 
      "cumarea": 314.92097170377923, 
      "area": 19.75, 
      "num_lifts": 71, 
      "name": "Monterosa Ski - Champoluc", 
      "source": "jsons/ski_area_elevations//europe-latest.json", 
      "min_elev": 1166, 
      "uid": "963bc883-03e7-4d03-8d13-d5ab8d6950e3"
    }
  ], 
  "end_x": 316.0971869383653, 
  "num": 71, 
  "zoom": 12, 
  "start_x": 311.70694823088803
}