{
  "shown": [
    {
      "max_elev": 1958, 
      "uid": "ce17c6f6-1ac4-43fb-9599-41c389f1bab8", 
      "area": 2.19, 
      "num_lifts": 2, 
      "source": "jsons/ski_area_elevations//europe-latest.json", 
      "min_elev": 1191, 
      "cumarea": 3126.3946306169796
    }, 
    {
      "max_elev": 1958, 
      "uid": "ae769c56-0d0c-4bac-8c74-61b62fd6d028", 
      "area": 2.0, 
      "num_lifts": 2, 
      "source": "jsons/ski_area_elevations//europe-latest.json", 
      "min_elev": 1281, 
      "cumarea": 3129.0877777975397
    }
  ], 
  "end_x": 3130.240198431312, 
  "num": 712, 
  "zoom": 12, 
  "start_x": 3125.8499597238347
}