{
  "shown": [
    {
      "max_elev": 3229, 
      "cumarea": 322.9329341573954, 
      "area": 11.440000000000001, 
      "num_lifts": 63, 
      "name": "Hintertuxer Gletscher", 
      "source": "jsons/ski_area_elevations//europe-latest.json", 
      "min_elev": 1496, 
      "uid": "8af09368-3e19-4ceb-997b-06ef993892ee"
    }
  ], 
  "end_x": 324.8776643533199, 
  "num": 73, 
  "zoom": 12, 
  "start_x": 320.4874256458426
}