{
  "shown": [
    {
      "max_elev": 1945, 
      "cumarea": 3204.9884983773863, 
      "area": 9.930000000000001, 
      "num_lifts": 40, 
      "name": "Praz de Lys Sommand", 
      "source": "jsons/ski_area_elevations//europe-latest.json", 
      "min_elev": 1253, 
      "uid": "8d0d572e-01ab-4ce5-842b-ca5d48aed147"
    }, 
    {
      "max_elev": 1944, 
      "cumarea": 3208.8447963677518, 
      "area": 6.3999999999999995, 
      "num_lifts": 43, 
      "name": "Ravascletto / Zoncolan", 
      "source": "jsons/ski_area_elevations//europe-latest.json", 
      "min_elev": 807, 
      "uid": "1d7ee534-9a4e-4aa8-89d2-cae2209a02aa"
    }
  ], 
  "end_x": 3209.2644951659036, 
  "num": 730, 
  "zoom": 12, 
  "start_x": 3204.8742564584263
}