{
  "shown": [
    {
      "max_elev": 1942, 
      "uid": "7ad37aca-77ce-4772-874b-8fc606ad5a8d", 
      "area": 5.44, 
      "num_lifts": 34, 
      "source": "jsons/ski_area_elevations//europe-latest.json", 
      "min_elev": 1138, 
      "cumarea": 3212.5385754286194
    }
  ], 
  "end_x": 3213.654733873381, 
  "num": 731, 
  "zoom": 12, 
  "start_x": 3209.2644951659036
}