{
  "shown": [
    {
      "max_elev": 1942, 
      "uid": "e44905a9-03a0-4809-9303-65e85664225a", 
      "area": 1.85, 
      "num_lifts": 1, 
      "source": "jsons/ski_area_elevations//europe-latest.json", 
      "min_elev": 1391, 
      "cumarea": 3215.1537610677096
    }
  ], 
  "end_x": 3218.044972580858, 
  "num": 732, 
  "zoom": 12, 
  "start_x": 3213.654733873381
}