{
  "shown": [
    {
      "max_elev": 1934, 
      "uid": "9e6a5fb7-4aae-4f28-8ad8-9cc31fca6e58", 
      "area": 1.8800000000000001, 
      "num_lifts": 1, 
      "source": "jsons/ski_area_elevations//europe-latest.json", 
      "min_elev": 1541, 
      "cumarea": 3241.5500754965788
    }
  ], 
  "end_x": 3244.3864048257215, 
  "num": 738, 
  "zoom": 12, 
  "start_x": 3239.996166118244
}