{
  "shown": [
    {
      "max_elev": 1928, 
      "uid": "a554698c-7a6f-46fe-a18d-d3441f04172d", 
      "area": 1.85, 
      "num_lifts": 1, 
      "source": "jsons/ski_area_elevations//europe-latest.json", 
      "min_elev": 1570, 
      "cumarea": 3277.495386838068
    }
  ], 
  "end_x": 3279.5083144855403, 
  "num": 746, 
  "zoom": 12, 
  "start_x": 3275.118075778063
}