{
  "shown": [
    {
      "max_elev": 1903, 
      "uid": "d1c4b859-41e8-4bb0-a5ad-eed0b54c4545", 
      "area": 1.82, 
      "num_lifts": 1, 
      "source": "jsons/ski_area_elevations//europe-latest.json", 
      "min_elev": 1783, 
      "cumarea": 3347.54676141509
    }
  ], 
  "end_x": 3349.752133805177, 
  "num": 762, 
  "zoom": 12, 
  "start_x": 3345.3618950976997
}