{
  "shown": [
    {
      "max_elev": 1902, 
      "uid": "9ff4ec45-8997-421b-a2b6-7dcfe7ec1459", 
      "area": 2.46, 
      "num_lifts": 5, 
      "source": "jsons/ski_area_elevations//north-america-latest.json", 
      "min_elev": 1237, 
      "cumarea": 3353.045759266123
    }, 
    {
      "max_elev": 1903, 
      "uid": "47cbb7b9-0621-4790-adbe-a7278c8634b4", 
      "area": 1.82, 
      "num_lifts": 1, 
      "source": "jsons/ski_area_elevations//asia-latest.json", 
      "min_elev": 1783, 
      "cumarea": 3350.1455979161783
    }
  ], 
  "end_x": 3354.142372512654, 
  "num": 763, 
  "zoom": 12, 
  "start_x": 3349.752133805177
}