{
  "shown": [
    {
      "max_elev": 1885, 
      "uid": "9869953b-16d3-4dab-b9d2-aabd6f78986f", 
      "area": 1.8800000000000001, 
      "num_lifts": 1, 
      "source": "jsons/ski_area_elevations//europe-latest.json", 
      "min_elev": 1316, 
      "cumarea": 3386.9851748606507
    }
  ], 
  "end_x": 3389.264282172472, 
  "num": 771, 
  "zoom": 12, 
  "start_x": 3384.874043464995
}