{
  "shown": [
    {
      "max_elev": 1877, 
      "cumarea": 3422.337211954918, 
      "area": 16.9, 
      "num_lifts": 129, 
      "name": "Dienten - Hochk\u00f6nig", 
      "source": "jsons/ski_area_elevations//europe-latest.json", 
      "min_elev": 830, 
      "uid": "aba0d8ca-0826-4136-bdcb-b4d742f05bc4"
    }
  ], 
  "end_x": 3424.386191832291, 
  "num": 779, 
  "zoom": 12, 
  "start_x": 3419.9959531248137
}