{
  "shown": [
    {
      "max_elev": 1876, 
      "uid": "c03f9cf3-3720-4d9e-98d7-b4a47ad02d1d", 
      "area": 2.04, 
      "num_lifts": 1, 
      "source": "jsons/ski_area_elevations//europe-latest.json", 
      "min_elev": 1045, 
      "cumarea": 3434.4664554200954
    }
  ], 
  "end_x": 3437.5569079547226, 
  "num": 782, 
  "zoom": 12, 
  "start_x": 3433.1666692472454
}