{
  "shown": [
    {
      "max_elev": 1874, 
      "uid": "78b818a5-d8ff-49c7-a91e-3651fc6f12c6", 
      "area": 1.8800000000000001, 
      "num_lifts": 1, 
      "source": "jsons/ski_area_elevations//europe-latest.json", 
      "min_elev": 806, 
      "cumarea": 3445.9929999254327
    }, 
    {
      "max_elev": 1875, 
      "uid": "2c563919-91f1-4829-a2f6-54ecef001007", 
      "area": 1.82, 
      "num_lifts": 1, 
      "source": "jsons/ski_area_elevations//europe-latest.json", 
      "min_elev": 1800, 
      "cumarea": 3443.361728148591
    }
  ], 
  "end_x": 3446.337385369677, 
  "num": 784, 
  "zoom": 12, 
  "start_x": 3441.9471466622
}