{
  "shown": [
    {
      "max_elev": 1873, 
      "uid": "6ccb53c9-e184-4afd-9c91-e0e8a2acdd25", 
      "area": 2.4, 
      "num_lifts": 4, 
      "source": "jsons/ski_area_elevations//europe-latest.json", 
      "min_elev": 952, 
      "cumarea": 3457.7945547264744
    }
  ], 
  "end_x": 3459.508101492109, 
  "num": 787, 
  "zoom": 12, 
  "start_x": 3455.1178627846316
}