{
  "shown": [
    {
      "max_elev": 1870, 
      "cumarea": 3483.311910619438, 
      "area": 6.41, 
      "num_lifts": 23, 
      "name": "Hinterstoder", 
      "source": "jsons/ski_area_elevations//europe-latest.json", 
      "min_elev": 826, 
      "uid": "87d6e93e-c1b4-4de4-8336-3c8ce31b490e"
    }
  ], 
  "end_x": 3485.849533736973, 
  "num": 793, 
  "zoom": 12, 
  "start_x": 3481.4592950294955
}