{
  "shown": [
    {
      "max_elev": 1851, 
      "uid": "16698ac6-0af4-47e5-ac27-a92514a692ab", 
      "area": 1.92, 
      "num_lifts": 1, 
      "source": "jsons/ski_area_elevations//europe-latest.json", 
      "min_elev": 786, 
      "cumarea": 3567.252057517232
    }
  ], 
  "end_x": 3569.2640691790416, 
  "num": 812, 
  "zoom": 12, 
  "start_x": 3564.8738304715644
}