{
  "shown": [
    {
      "max_elev": 1847, 
      "uid": "950ddaf7-8283-4702-8daa-9036a103d24a", 
      "area": 1.9100000000000001, 
      "num_lifts": 2, 
      "source": "jsons/ski_area_elevations//europe-latest.json", 
      "min_elev": 1260, 
      "cumarea": 3578.4154717564443
    }, 
    {
      "max_elev": 1847, 
      "uid": "def41a86-af76-4a22-aa3f-7da0093f99fd", 
      "area": 1.9000000000000001, 
      "num_lifts": 1, 
      "source": "jsons/ski_area_elevations//europe-latest.json", 
      "min_elev": 707, 
      "cumarea": 3581.057325642617
    }
  ], 
  "end_x": 3582.4347853014733, 
  "num": 815, 
  "zoom": 12, 
  "start_x": 3578.044546593996
}