{
  "shown": [
    {
      "max_elev": 1847, 
      "uid": "2e8e2085-e5cb-44c4-950d-667f17ce1d6c", 
      "area": 1.83, 
      "num_lifts": 1, 
      "source": "jsons/ski_area_elevations//europe-latest.json", 
      "min_elev": 1607, 
      "cumarea": 3583.6616416094703
    }
  ], 
  "end_x": 3586.8250240089505, 
  "num": 816, 
  "zoom": 12, 
  "start_x": 3582.4347853014733
}