{
  "shown": [
    {
      "max_elev": 1846, 
      "uid": "c315e88b-3ce2-4d8a-bf7e-5ac6e3ff39be", 
      "area": 1.84, 
      "num_lifts": 1, 
      "source": "jsons/ski_area_elevations//europe-latest.json", 
      "min_elev": 1234, 
      "cumarea": 3592.6634581363596
    }
  ], 
  "end_x": 3595.605501423905, 
  "num": 818, 
  "zoom": 12, 
  "start_x": 3591.215262716428
}