{
  "shown": [
    {
      "max_elev": 1837, 
      "cumarea": 3640.728036356901, 
      "area": 1.94, 
      "num_lifts": 1, 
      "name": "(urban, Medell\u00edn)", 
      "source": "jsons/ski_area_elevations//south-america-latest.json", 
      "min_elev": 1630, 
      "uid": "f020eaa1-c845-4942-bfce-77b03b546293"
    }
  ], 
  "end_x": 3643.8981272061556, 
  "num": 829, 
  "zoom": 12, 
  "start_x": 3639.5078884986783
}