{
  "shown": [
    {
      "max_elev": 1834, 
      "uid": "e45b469f-a83e-4c23-8040-942c9884688a", 
      "area": 2.25, 
      "num_lifts": 6, 
      "source": "jsons/ski_area_elevations//europe-latest.json", 
      "min_elev": 1355, 
      "cumarea": 3653.3277813581512
    }, 
    {
      "max_elev": 1833, 
      "uid": "df53dca4-631b-470b-9653-529922081927", 
      "area": 2.2, 
      "num_lifts": 9, 
      "source": "jsons/ski_area_elevations//europe-latest.json", 
      "min_elev": 1578, 
      "cumarea": 3656.1162387185154
    }
  ], 
  "end_x": 3657.0688433285873, 
  "num": 832, 
  "zoom": 12, 
  "start_x": 3652.67860462111
}