{
  "shown": [
    {
      "max_elev": 3193, 
      "uid": "3b85a630-1ee7-4b85-9ac2-0f2f408d7e54", 
      "area": 1.85, 
      "num_lifts": 1, 
      "source": "jsons/ski_area_elevations//asia-latest.json", 
      "min_elev": 3057, 
      "cumarea": 370.4651899460833
    }
  ], 
  "end_x": 373.17029013557016, 
  "num": 84, 
  "zoom": 12, 
  "start_x": 368.78005142809286
}