{
  "shown": [
    {
      "max_elev": 1828, 
      "cumarea": 3708.1152144535386, 
      "area": 22.52, 
      "num_lifts": 95, 
      "name": "Schwyz - Rotenfluh (Mythen)", 
      "source": "jsons/ski_area_elevations//europe-latest.json", 
      "min_elev": 583, 
      "uid": "59909f2f-dbce-4fa0-9afa-83b56a1c060b"
    }
  ], 
  "end_x": 3709.751707818315, 
  "num": 844, 
  "zoom": 12, 
  "start_x": 3705.361469110838
}