{
  "shown": [
    {
      "max_elev": 1825, 
      "uid": "b407985e-037a-4ccb-87c9-0041d4dfaea3", 
      "area": 1.84, 
      "num_lifts": 3, 
      "source": "jsons/ski_area_elevations//europe-latest.json", 
      "min_elev": 1750, 
      "cumarea": 3729.237024833042
    }
  ], 
  "end_x": 3731.702901355701, 
  "num": 849, 
  "zoom": 12, 
  "start_x": 3727.312662648224
}