{
  "shown": [
    {
      "max_elev": 3190, 
      "cumarea": 373.70356417712657, 
      "area": 3.45, 
      "num_lifts": 7, 
      "name": "Brighton", 
      "source": "jsons/ski_area_elevations//north-america-latest.json", 
      "min_elev": 2660, 
      "uid": "32b20081-a46d-411b-9f6b-81a2a6030fd4"
    }
  ], 
  "end_x": 377.56052884304745, 
  "num": 85, 
  "zoom": 12, 
  "start_x": 373.17029013557016
}