{
  "shown": [
    {
      "max_elev": 1823, 
      "uid": "ba5e15a4-57d0-459c-ad90-06376ffcb36d", 
      "area": 1.86, 
      "num_lifts": 1, 
      "source": "jsons/ski_area_elevations//asia-latest.json", 
      "min_elev": 1561, 
      "cumarea": 3731.857601320767
    }, 
    {
      "max_elev": 1822, 
      "uid": "5fc02755-d535-4330-aa2c-e95bb614f42c", 
      "area": 1.85, 
      "num_lifts": 1, 
      "source": "jsons/ski_area_elevations//europe-latest.json", 
      "min_elev": 1236, 
      "cumarea": 3734.4727869598573
    }
  ], 
  "end_x": 3736.0931400631785, 
  "num": 850, 
  "zoom": 12, 
  "start_x": 3731.702901355701
}