{
  "shown": [
    {
      "max_elev": 1821, 
      "uid": "996e9131-13ca-4c6d-81fd-5a984d330c79", 
      "area": 2.94, 
      "num_lifts": 7, 
      "source": "jsons/ski_area_elevations//europe-latest.json", 
      "min_elev": 99, 
      "cumarea": 3737.551196541208
    }
  ], 
  "end_x": 3740.4833787706557, 
  "num": 851, 
  "zoom": 12, 
  "start_x": 3736.0931400631785
}