{
  "shown": [
    {
      "max_elev": 1820, 
      "uid": "6a10e2d2-eff4-4fe6-811e-c61d7a93581e", 
      "area": 1.82, 
      "num_lifts": 1, 
      "source": "jsons/ski_area_elevations//europe-latest.json", 
      "min_elev": 1635, 
      "cumarea": 3751.2018364663336
    }
  ], 
  "end_x": 3753.654094893088, 
  "num": 854, 
  "zoom": 12, 
  "start_x": 3749.26385618561
}