{
  "shown": [
    {
      "max_elev": 1813, 
      "uid": "ff238ef4-0f3a-41f1-9f8e-910e27254572", 
      "area": 3.73, 
      "num_lifts": 16, 
      "source": "jsons/ski_area_elevations//north-america-latest.json", 
      "min_elev": 1178, 
      "cumarea": 3791.870487045172
    }
  ], 
  "end_x": 3793.1662432603835, 
  "num": 863, 
  "zoom": 12, 
  "start_x": 3788.776004552906
}