{
  "shown": [
    {
      "max_elev": 1798, 
      "uid": "73157282-c550-44ba-95b8-def3cacbcea1", 
      "area": 1.82, 
      "num_lifts": 1, 
      "source": "jsons/ski_area_elevations//europe-latest.json", 
      "min_elev": 1560, 
      "cumarea": 3873.9695924462567
    }
  ], 
  "end_x": 3876.580778702452, 
  "num": 882, 
  "zoom": 12, 
  "start_x": 3872.1905399949746
}