{
  "shown": [
    {
      "max_elev": 3937, 
      "cumarea": 40.864942265940144, 
      "area": 1.92, 
      "num_lifts": 1, 
      "name": "(urban, Quito)", 
      "source": "jsons/ski_area_elevations//south-america-latest.json", 
      "min_elev": 3126, 
      "uid": "8288741d-0a81-44c6-8eef-7d20ec1b5a9d"
    }
  ], 
  "end_x": 43.90238707477296, 
  "num": 9, 
  "zoom": 12, 
  "start_x": 39.512148367295666
}