{
  "shown": [
    {
      "max_elev": 3149, 
      "uid": "aea78cea-a7a9-4d42-b088-4327ae90d772", 
      "area": 1.8900000000000001, 
      "num_lifts": 3, 
      "source": "jsons/ski_area_elevations//asia-latest.json", 
      "min_elev": 2694, 
      "cumarea": 397.4484525389316
    }
  ], 
  "end_x": 399.5117223804339, 
  "num": 90, 
  "zoom": 12, 
  "start_x": 395.12148367295663
}