{
  "shown": [
    {
      "max_elev": 1782, 
      "uid": "ed7f26c9-d626-458c-8994-bb5bcc012c6b", 
      "area": 1.81, 
      "num_lifts": 1, 
      "source": "jsons/ski_area_elevations//south-america-latest.json", 
      "min_elev": 1749, 
      "cumarea": 3966.496713266228
    }
  ], 
  "end_x": 3968.7757915594752, 
  "num": 903, 
  "zoom": 12, 
  "start_x": 3964.385552851998
}