{
  "shown": [
    {
      "max_elev": 1780, 
      "uid": "1ce384bb-ed2c-44c7-99ac-d8bfe77d888e", 
      "area": 2.65, 
      "num_lifts": 8, 
      "source": "jsons/ski_area_elevations//europe-latest.json", 
      "min_elev": 600, 
      "cumarea": 3975.359024141108
    }
  ], 
  "end_x": 3977.55626897443, 
  "num": 905, 
  "zoom": 12, 
  "start_x": 3973.1660302669525
}