{
  "shown": [
    {
      "max_elev": 1771, 
      "cumarea": 4010.121761680202, 
      "area": 3.91, 
      "num_lifts": 26, 
      "name": "Hochkar", 
      "source": "jsons/ski_area_elevations//europe-latest.json", 
      "min_elev": 1382, 
      "uid": "acee9b7f-e4c2-4b96-a366-ef60c298e656"
    }
  ], 
  "end_x": 4012.678178634248, 
  "num": 913, 
  "zoom": 12, 
  "start_x": 4008.287939926771
}