{
  "shown": [
    {
      "max_elev": 1768, 
      "uid": "333a5896-a501-4b67-9dfc-897c13fe8414", 
      "area": 1.92, 
      "num_lifts": 1, 
      "source": "jsons/ski_area_elevations//europe-latest.json", 
      "min_elev": 905, 
      "cumarea": 4032.316732036568
    }
  ], 
  "end_x": 4034.6293721716347, 
  "num": 918, 
  "zoom": 12, 
  "start_x": 4030.239133464157
}