{
  "shown": [
    {
      "max_elev": 1760, 
      "uid": "3784fecc-b68f-4c20-85a4-3a5130e38a24", 
      "area": 2.65, 
      "num_lifts": 2, 
      "source": "jsons/ski_area_elevations//asia-latest.json", 
      "min_elev": 867, 
      "cumarea": 4064.4455136759448
    }, 
    {
      "max_elev": 1760, 
      "uid": "8de1491f-5a9c-4c7e-bc17-0e49b75ce32d", 
      "area": 2.29, 
      "num_lifts": 6, 
      "source": "jsons/ski_area_elevations//europe-latest.json", 
      "min_elev": 1372, 
      "cumarea": 4061.4709540359468
    }
  ], 
  "end_x": 4065.361043123976, 
  "num": 925, 
  "zoom": 12, 
  "start_x": 4060.9708044164986
}