{
  "shown": [
    {
      "max_elev": 3138, 
      "uid": "723f56f8-4309-4089-bd3d-5dce00b7cf53", 
      "area": 1.92, 
      "num_lifts": 1, 
      "source": "jsons/ski_area_elevations//asia-latest.json", 
      "min_elev": 2181, 
      "cumarea": 409.2592969920907
    }
  ], 
  "end_x": 412.6824385028658, 
  "num": 93, 
  "zoom": 12, 
  "start_x": 408.2921997953885
}