{
  "shown": [
    {
      "max_elev": 1756, 
      "cumarea": 4089.4256025771333, 
      "area": 11.190000000000001, 
      "num_lifts": 89, 
      "name": "Tarvisio", 
      "source": "jsons/ski_area_elevations//europe-latest.json", 
      "min_elev": 757, 
      "uid": "e101ec71-7a1e-407c-af9f-a0387aac542c"
    }
  ], 
  "end_x": 4091.7024753688397, 
  "num": 931, 
  "zoom": 12, 
  "start_x": 4087.3122366613625
}