{
  "shown": [
    {
      "max_elev": 1753, 
      "uid": "95b8605c-696c-4de6-ac43-c20061ead74d", 
      "area": 1.92, 
      "num_lifts": 2, 
      "source": "jsons/ski_area_elevations//north-america-latest.json", 
      "min_elev": 1560, 
      "cumarea": 4116.897542930082
    }, 
    {
      "max_elev": 1753, 
      "uid": "29ffab39-21c0-4f81-a75d-74839e7cd7fd", 
      "area": 1.84, 
      "num_lifts": 1, 
      "source": "jsons/ski_area_elevations//europe-latest.json", 
      "min_elev": 1526, 
      "cumarea": 4114.245217744042
    }
  ], 
  "end_x": 4118.043907613704, 
  "num": 937, 
  "zoom": 12, 
  "start_x": 4113.653668906227
}