{
  "shown": [
    {
      "max_elev": 1751, 
      "uid": "b2a0c80d-60c6-4db1-a8d8-f5d5b28c52da", 
      "area": 2.51, 
      "num_lifts": 12, 
      "source": "jsons/ski_area_elevations//europe-latest.json", 
      "min_elev": 1195, 
      "cumarea": 4132.799964866032
    }, 
    {
      "max_elev": 1751, 
      "uid": "42e2368f-7d3e-455b-9bd3-dbf880529175", 
      "area": 2.0100000000000002, 
      "num_lifts": 2, 
      "source": "jsons/ski_area_elevations//europe-latest.json", 
      "min_elev": 1226, 
      "cumarea": 4135.498099588102
    }
  ], 
  "end_x": 4135.604862443613, 
  "num": 941, 
  "zoom": 12, 
  "start_x": 4131.214623736136
}