{
  "shown": [
    {
      "max_elev": 1740, 
      "uid": "c4afc2f3-cb4e-4c4d-8fe5-dd882e3aba4c", 
      "area": 1.99, 
      "num_lifts": 1, 
      "source": "jsons/ski_area_elevations//europe-latest.json", 
      "min_elev": 725, 
      "cumarea": 4176.789300188417
    }, 
    {
      "max_elev": 1740, 
      "uid": "d58ea6ed-6328-47e8-8023-457bba978b8b", 
      "area": 1.87, 
      "num_lifts": 1, 
      "source": "jsons/ski_area_elevations//europe-latest.json", 
      "min_elev": 1388, 
      "cumarea": 4179.415238619284
    }
  ], 
  "end_x": 4179.507249518385, 
  "num": 951, 
  "zoom": 12, 
  "start_x": 4175.117010810907
}