{
  "shown": [
    {
      "max_elev": 1733, 
      "uid": "5f819a5d-ffbd-485b-9a8c-87843ca23c1e", 
      "area": 1.8, 
      "num_lifts": 1, 
      "source": "jsons/ski_area_elevations//europe-latest.json", 
      "min_elev": 1649, 
      "cumarea": 4194.030723120569
    }
  ], 
  "end_x": 4197.068204348294, 
  "num": 955, 
  "zoom": 12, 
  "start_x": 4192.677965640816
}