{
  "shown": [
    {
      "max_elev": 1723, 
      "uid": "bfd2ffa9-bbfe-4dd7-b2c3-1ffb1518d3e4", 
      "area": 3.31, 
      "num_lifts": 9, 
      "source": "jsons/ski_area_elevations//europe-latest.json", 
      "min_elev": 1429, 
      "cumarea": 4251.026640909837
    }, 
    {
      "max_elev": 1723, 
      "uid": "23be3ab7-896f-48aa-8daa-3d93a604a675", 
      "area": 1.85, 
      "num_lifts": 1, 
      "source": "jsons/ski_area_elevations//europe-latest.json", 
      "min_elev": 1704, 
      "cumarea": 4253.641826548927
    }
  ], 
  "end_x": 4254.1413075455, 
  "num": 968, 
  "zoom": 12, 
  "start_x": 4249.751068838023
}