{
  "shown": [
    {
      "max_elev": 1709, 
      "uid": "b9101f12-0de7-4b09-a2f6-e3775f5a289f", 
      "area": 1.9100000000000001, 
      "num_lifts": 1, 
      "source": "jsons/ski_area_elevations//europe-latest.json", 
      "min_elev": 1301, 
      "cumarea": 4317.717889489059
    }
  ], 
  "end_x": 4319.994888157658, 
  "num": 983, 
  "zoom": 12, 
  "start_x": 4315.604649450181
}