{
  "shown": [
    {
      "max_elev": 1708, 
      "uid": "1878bc64-ee74-4a2e-97df-fd0556572e6e", 
      "area": 2.1, 
      "num_lifts": 2, 
      "source": "jsons/ski_area_elevations//europe-latest.json", 
      "min_elev": 763, 
      "cumarea": 4320.459826833789
    }, 
    {
      "max_elev": 1708, 
      "uid": "5b439733-48f9-4329-b41f-da99e1ce3f99", 
      "area": 1.8, 
      "num_lifts": 4, 
      "source": "jsons/ski_area_elevations//europe-latest.json", 
      "min_elev": 1308, 
      "cumarea": 4323.047613498691
    }
  ], 
  "end_x": 4324.385126865136, 
  "num": 984, 
  "zoom": 12, 
  "start_x": 4319.994888157658
}