{
  "shown": [], 
  "end_x": 110.85352736380172, 
  "num": 100, 
  "zoom": 14, 
  "start_x": 109.7559676869324
}