{
  "shown": [], 
  "end_x": 10983.279686431324, 
  "num": 10006, 
  "zoom": 14, 
  "start_x": 10982.182126754455
}