{
  "shown": [], 
  "end_x": 10995.352842876888, 
  "num": 10017, 
  "zoom": 14, 
  "start_x": 10994.255283200018
}