{
  "shown": [], 
  "end_x": 11004.133320291843, 
  "num": 10025, 
  "zoom": 14, 
  "start_x": 11003.035760614974
}