{
  "shown": [], 
  "end_x": 11007.425999322451, 
  "num": 10028, 
  "zoom": 14, 
  "start_x": 11006.328439645582
}