{
  "shown": [], 
  "end_x": 11005.230879968713, 
  "num": 10026, 
  "zoom": 14, 
  "start_x": 11004.133320291843
}