{
  "shown": [], 
  "end_x": 11026.084513829228, 
  "num": 10045, 
  "zoom": 14, 
  "start_x": 11024.986954152359
}