{
  "shown": [], 
  "end_x": 11029.377192859836, 
  "num": 10048, 
  "zoom": 14, 
  "start_x": 11028.279633182967
}