{
  "shown": [], 
  "end_x": 11034.864991244183, 
  "num": 10053, 
  "zoom": 14, 
  "start_x": 11033.767431567314
}