{
  "shown": [], 
  "end_x": 1104.1450349305399, 
  "num": 1005, 
  "zoom": 14, 
  "start_x": 1103.0474752536707
}