{
  "shown": [], 
  "end_x": 11048.035707366613, 
  "num": 10065, 
  "zoom": 14, 
  "start_x": 11046.938147689743
}