{
  "shown": [], 
  "end_x": 11052.42594607409, 
  "num": 10069, 
  "zoom": 14, 
  "start_x": 11051.328386397221
}