{
  "shown": [], 
  "end_x": 11062.303983165915, 
  "num": 10078, 
  "zoom": 14, 
  "start_x": 11061.206423489046
}