{
  "shown": [], 
  "end_x": 11055.718625104699, 
  "num": 10072, 
  "zoom": 14, 
  "start_x": 11054.62106542783
}