{
  "shown": [], 
  "end_x": 11073.27957993461, 
  "num": 10088, 
  "zoom": 14, 
  "start_x": 11072.18202025774
}