{
  "shown": [], 
  "end_x": 11065.596662196524, 
  "num": 10081, 
  "zoom": 14, 
  "start_x": 11064.499102519654
}