{
  "shown": [], 
  "end_x": 11067.791781550262, 
  "num": 10083, 
  "zoom": 14, 
  "start_x": 11066.694221873393
}