{
  "shown": [], 
  "end_x": 11080.962497672695, 
  "num": 10095, 
  "zoom": 14, 
  "start_x": 11079.864937995826
}