{
  "shown": [], 
  "end_x": 11088.645415410781, 
  "num": 10102, 
  "zoom": 14, 
  "start_x": 11087.547855733912
}