{
  "shown": [], 
  "end_x": 11107.303929917558, 
  "num": 10119, 
  "zoom": 14, 
  "start_x": 11106.206370240689
}