{
  "shown": [
    {
      "max_elev": 720, 
      "uid": "7e054c58-baf8-41b1-9c3c-a56ba6de0973", 
      "area": 1.85, 
      "num_lifts": 1, 
      "source": "jsons/ski_area_elevations//asia-latest.json", 
      "min_elev": 465, 
      "cumarea": 11097.589523029057
    }
  ], 
  "end_x": 11098.523452502604, 
  "num": 10111, 
  "zoom": 14, 
  "start_x": 11097.425892825737
}