{
  "shown": [
    {
      "max_elev": 719, 
      "uid": "ae9319ed-feae-466e-8110-3b3cabfc83ec", 
      "area": 1.8, 
      "num_lifts": 1, 
      "source": "jsons/ski_area_elevations//europe-latest.json", 
      "min_elev": 694, 
      "cumarea": 11108.111901748627
    }
  ], 
  "end_x": 11108.401489594427, 
  "num": 10120, 
  "zoom": 14, 
  "start_x": 11107.303929917558
}