{
  "shown": [], 
  "end_x": 11116.084407332513, 
  "num": 10127, 
  "zoom": 14, 
  "start_x": 11114.986847655644
}