{
  "shown": [], 
  "end_x": 11122.66976539373, 
  "num": 10133, 
  "zoom": 14, 
  "start_x": 11121.57220571686
}