{
  "shown": [], 
  "end_x": 11129.255123454946, 
  "num": 10139, 
  "zoom": 14, 
  "start_x": 11128.157563778077
}