{
  "shown": [
    {
      "max_elev": 717, 
      "uid": "e852d070-5073-4654-b6e5-1e0a1d414eb5", 
      "area": 1.8, 
      "num_lifts": 1, 
      "source": "jsons/ski_area_elevations//europe-latest.json", 
      "min_elev": 697, 
      "cumarea": 11134.510842706846
    }
  ], 
  "end_x": 11134.742921839294, 
  "num": 10144, 
  "zoom": 14, 
  "start_x": 11133.645362162424
}