{
  "shown": [
    {
      "max_elev": 716, 
      "uid": "89094271-29fe-4618-bfab-588767d8549e", 
      "area": 1.9000000000000001, 
      "num_lifts": 3, 
      "source": "jsons/ski_area_elevations//europe-latest.json", 
      "min_elev": 609, 
      "cumarea": 11139.830730135769
    }
  ], 
  "end_x": 11140.23072022364, 
  "num": 10149, 
  "zoom": 14, 
  "start_x": 11139.133160546771
}