{
  "shown": [], 
  "end_x": 11146.816078284857, 
  "num": 10155, 
  "zoom": 14, 
  "start_x": 11145.718518607988
}