{
  "shown": [], 
  "end_x": 1116.2181913761024, 
  "num": 1016, 
  "zoom": 14, 
  "start_x": 1115.120631699233
}