{
  "shown": [], 
  "end_x": 11156.694115376678, 
  "num": 10164, 
  "zoom": 14, 
  "start_x": 11155.596555699809
}