{
  "shown": [], 
  "end_x": 11157.791675053548, 
  "num": 10165, 
  "zoom": 14, 
  "start_x": 11156.694115376678
}