{
  "shown": [], 
  "end_x": 11170.96239117598, 
  "num": 10177, 
  "zoom": 14, 
  "start_x": 11169.864831499111
}