{
  "shown": [], 
  "end_x": 11164.377033114764, 
  "num": 10171, 
  "zoom": 14, 
  "start_x": 11163.279473437895
}