{
  "shown": [], 
  "end_x": 11180.840428267806, 
  "num": 10186, 
  "zoom": 14, 
  "start_x": 11179.742868590936
}