{
  "shown": [], 
  "end_x": 11186.328226652151, 
  "num": 10191, 
  "zoom": 14, 
  "start_x": 11185.230666975283
}