{
  "shown": [], 
  "end_x": 11194.011144390235, 
  "num": 10198, 
  "zoom": 14, 
  "start_x": 11192.913584713366
}