{
  "shown": [], 
  "end_x": 11189.620905682757, 
  "num": 10194, 
  "zoom": 14, 
  "start_x": 11188.523346005888
}