{
  "shown": [], 
  "end_x": 11196.206263743974, 
  "num": 10200, 
  "zoom": 14, 
  "start_x": 11195.108704067105
}