{
  "shown": [
    {
      "max_elev": 709, 
      "uid": "6addb549-a561-4a41-a827-45d31c8b8d9b", 
      "area": 1.97, 
      "num_lifts": 10, 
      "source": "jsons/ski_area_elevations//europe-latest.json", 
      "min_elev": 575, 
      "cumarea": 11208.179113206452
    }
  ], 
  "end_x": 11208.279420189538, 
  "num": 10211, 
  "zoom": 14, 
  "start_x": 11207.181860512668
}