{
  "shown": [
    {
      "max_elev": 709, 
      "uid": "538b3833-ebf8-485b-9fa8-2e4e48b4d854", 
      "area": 1.84, 
      "num_lifts": 1, 
      "source": "jsons/ski_area_elevations//europe-latest.json", 
      "min_elev": 630, 
      "cumarea": 11213.404064417162
    }
  ], 
  "end_x": 11213.767218573885, 
  "num": 10216, 
  "zoom": 14, 
  "start_x": 11212.669658897015
}