{
  "shown": [], 
  "end_x": 1121.705989760449, 
  "num": 1021, 
  "zoom": 14, 
  "start_x": 1120.6084300835796
}