{
  "shown": [], 
  "end_x": 11218.157457281362, 
  "num": 10220, 
  "zoom": 14, 
  "start_x": 11217.059897604493
}