{
  "shown": [], 
  "end_x": 11231.328173403792, 
  "num": 10232, 
  "zoom": 14, 
  "start_x": 11230.230613726922
}