{
  "shown": [], 
  "end_x": 11237.913531465008, 
  "num": 10238, 
  "zoom": 14, 
  "start_x": 11236.815971788139
}