{
  "shown": [], 
  "end_x": 11242.303770172486, 
  "num": 10242, 
  "zoom": 14, 
  "start_x": 11241.206210495617
}