{
  "shown": [], 
  "end_x": 11249.986687910572, 
  "num": 10249, 
  "zoom": 14, 
  "start_x": 11248.889128233703
}