{
  "shown": [], 
  "end_x": 11247.791568556833, 
  "num": 10247, 
  "zoom": 14, 
  "start_x": 11246.694008879964
}