{
  "shown": [], 
  "end_x": 11245.596449203094, 
  "num": 10245, 
  "zoom": 14, 
  "start_x": 11244.498889526225
}