{
  "shown": [
    {
      "max_elev": 706, 
      "uid": "0693afb7-8a31-4e4f-83ea-615e26783baa", 
      "area": 2.15, 
      "num_lifts": 3, 
      "source": "jsons/ski_area_elevations//europe-latest.json", 
      "min_elev": 622, 
      "cumarea": 11254.05020085349
    }
  ], 
  "end_x": 11254.37692661805, 
  "num": 10253, 
  "zoom": 14, 
  "start_x": 11253.27936694118
}