{
  "shown": [], 
  "end_x": 1126.0962284679263, 
  "num": 1025, 
  "zoom": 14, 
  "start_x": 1124.9986687910568
}