{
  "shown": [], 
  "end_x": 11268.645202417349, 
  "num": 10266, 
  "zoom": 14, 
  "start_x": 11267.54764274048
}