{
  "shown": [], 
  "end_x": 11277.425679832304, 
  "num": 10274, 
  "zoom": 14, 
  "start_x": 11276.328120155435
}