{
  "shown": [], 
  "end_x": 11290.596395954737, 
  "num": 10286, 
  "zoom": 14, 
  "start_x": 11289.498836277868
}