{
  "shown": [], 
  "end_x": 11296.08419433908, 
  "num": 10291, 
  "zoom": 14, 
  "start_x": 11294.986634662211
}