{
  "shown": [], 
  "end_x": 11299.376873369689, 
  "num": 10294, 
  "zoom": 14, 
  "start_x": 11298.27931369282
}