{
  "shown": [], 
  "end_x": 11298.27931369282, 
  "num": 10293, 
  "zoom": 14, 
  "start_x": 11297.18175401595
}