{
  "shown": [], 
  "end_x": 11309.254910461514, 
  "num": 10303, 
  "zoom": 14, 
  "start_x": 11308.157350784644
}