{
  "shown": [], 
  "end_x": 11311.450029815252, 
  "num": 10305, 
  "zoom": 14, 
  "start_x": 11310.352470138383
}