{
  "shown": [], 
  "end_x": 11307.059791107775, 
  "num": 10301, 
  "zoom": 14, 
  "start_x": 11305.962231430905
}