{
  "shown": [], 
  "end_x": 11319.132947553338, 
  "num": 10312, 
  "zoom": 14, 
  "start_x": 11318.035387876469
}