{
  "shown": [], 
  "end_x": 11335.596342706376, 
  "num": 10327, 
  "zoom": 14, 
  "start_x": 11334.498783029507
}