{
  "shown": [
    {
      "max_elev": 698, 
      "uid": "ac12185c-811c-42b9-91ce-0a63f87345d8", 
      "area": 2.0, 
      "num_lifts": 5, 
      "source": "jsons/ski_area_elevations//north-america-latest.json", 
      "min_elev": 549, 
      "cumarea": 11331.138486660671
    }
  ], 
  "end_x": 11331.206103998898, 
  "num": 10323, 
  "zoom": 14, 
  "start_x": 11330.108544322029
}