{
  "shown": [], 
  "end_x": 11346.57193947507, 
  "num": 10337, 
  "zoom": 14, 
  "start_x": 11345.474379798201
}