{
  "shown": [], 
  "end_x": 11344.376820121332, 
  "num": 10335, 
  "zoom": 14, 
  "start_x": 11343.279260444462
}