{
  "shown": [], 
  "end_x": 11359.742655597503, 
  "num": 10349, 
  "zoom": 14, 
  "start_x": 11358.645095920634
}