{
  "shown": [], 
  "end_x": 1135.9742655597502, 
  "num": 1034, 
  "zoom": 14, 
  "start_x": 1134.876705882881
}