{
  "shown": [
    {
      "max_elev": 695, 
      "cumarea": 11366.770859673752, 
      "area": 5.43, 
      "num_lifts": 66, 
      "name": "Attitash", 
      "source": "jsons/ski_area_elevations//north-america-latest.json", 
      "min_elev": 188, 
      "uid": "b8c8e54f-514e-4f7d-a447-d9497305916d"
    }
  ], 
  "end_x": 11367.42557333559, 
  "num": 10356, 
  "zoom": 14, 
  "start_x": 11366.32801365872
}