{
  "shown": [], 
  "end_x": 1137.0718252366196, 
  "num": 1035, 
  "zoom": 14, 
  "start_x": 1135.9742655597502
}