{
  "shown": [], 
  "end_x": 11371.815812043067, 
  "num": 10360, 
  "zoom": 14, 
  "start_x": 11370.718252366198
}