{
  "shown": [], 
  "end_x": 11391.571886226713, 
  "num": 10378, 
  "zoom": 14, 
  "start_x": 11390.474326549844
}