{
  "shown": [], 
  "end_x": 11395.96212493419, 
  "num": 10382, 
  "zoom": 14, 
  "start_x": 11394.864565257321
}