{
  "shown": [], 
  "end_x": 11403.645042672277, 
  "num": 10389, 
  "zoom": 14, 
  "start_x": 11402.547482995407
}