{
  "shown": [], 
  "end_x": 11402.547482995407, 
  "num": 10388, 
  "zoom": 14, 
  "start_x": 11401.449923318538
}