{
  "shown": [], 
  "end_x": 11405.840162026016, 
  "num": 10391, 
  "zoom": 14, 
  "start_x": 11404.742602349146
}