{
  "shown": [], 
  "end_x": 11411.327960410363, 
  "num": 10396, 
  "zoom": 14, 
  "start_x": 11410.230400733493
}