{
  "shown": [], 
  "end_x": 11408.035281379754, 
  "num": 10393, 
  "zoom": 14, 
  "start_x": 11406.937721702885
}