{
  "shown": [], 
  "end_x": 115.24376607127901, 
  "num": 104, 
  "zoom": 14, 
  "start_x": 114.14620639440969
}