{
  "shown": [], 
  "end_x": 11424.498676532796, 
  "num": 10408, 
  "zoom": 14, 
  "start_x": 11423.401116855926
}