{
  "shown": [], 
  "end_x": 11416.81575879471, 
  "num": 10401, 
  "zoom": 14, 
  "start_x": 11415.71819911784
}