{
  "shown": [], 
  "end_x": 11426.693795886535, 
  "num": 10410, 
  "zoom": 14, 
  "start_x": 11425.596236209665
}