{
  "shown": [], 
  "end_x": 11434.376713624617, 
  "num": 10417, 
  "zoom": 14, 
  "start_x": 11433.279153947748
}