{
  "shown": [], 
  "end_x": 11447.54742974705, 
  "num": 10429, 
  "zoom": 14, 
  "start_x": 11446.44987007018
}