{
  "shown": [], 
  "end_x": 11456.327907162005, 
  "num": 10437, 
  "zoom": 14, 
  "start_x": 11455.230347485136
}