{
  "shown": [], 
  "end_x": 11458.523026515744, 
  "num": 10439, 
  "zoom": 14, 
  "start_x": 11457.425466838875
}