{
  "shown": [], 
  "end_x": 11449.742549100789, 
  "num": 10431, 
  "zoom": 14, 
  "start_x": 11448.64498942392
}