{
  "shown": [], 
  "end_x": 11454.132787808267, 
  "num": 10435, 
  "zoom": 14, 
  "start_x": 11453.035228131397
}