{
  "shown": [], 
  "end_x": 11461.815705546353, 
  "num": 10442, 
  "zoom": 14, 
  "start_x": 11460.718145869483
}