{
  "shown": [
    {
      "max_elev": 2530, 
      "cumarea": 1147.2197471294564, 
      "area": 5.07, 
      "num_lifts": 20, 
      "name": "Bormio", 
      "source": "jsons/ski_area_elevations//europe-latest.json", 
      "min_elev": 1340, 
      "uid": "1f00b4e4-49ce-4979-8520-1770d3d4cbfd"
    }
  ], 
  "end_x": 1148.047422005313, 
  "num": 1045, 
  "zoom": 14, 
  "start_x": 1146.9498623284435
}