{
  "shown": [], 
  "end_x": 1150.2425413590515, 
  "num": 1047, 
  "zoom": 14, 
  "start_x": 1149.1449816821823
}