{
  "shown": [], 
  "end_x": 11492.547376498693, 
  "num": 10470, 
  "zoom": 14, 
  "start_x": 11491.449816821823
}