{
  "shown": [], 
  "end_x": 11494.742495852432, 
  "num": 10472, 
  "zoom": 14, 
  "start_x": 11493.644936175562
}