{
  "shown": [], 
  "end_x": 11509.01077165173, 
  "num": 10485, 
  "zoom": 14, 
  "start_x": 11507.913211974861
}