{
  "shown": [], 
  "end_x": 1152.4376607127901, 
  "num": 1049, 
  "zoom": 14, 
  "start_x": 1151.3401010359207
}