{
  "shown": [], 
  "end_x": 11534.254644219727, 
  "num": 10508, 
  "zoom": 14, 
  "start_x": 11533.157084542858
}