{
  "shown": [
    {
      "max_elev": 681, 
      "uid": "92e9f4ce-1fad-4018-ade8-92b292a63316", 
      "area": 1.81, 
      "num_lifts": 1, 
      "source": "jsons/ski_area_elevations//europe-latest.json", 
      "min_elev": 613, 
      "cumarea": 11529.157382782163
    }
  ], 
  "end_x": 11529.86440551225, 
  "num": 10504, 
  "zoom": 14, 
  "start_x": 11528.76684583538
}