{
  "shown": [], 
  "end_x": 11544.132681311548, 
  "num": 10517, 
  "zoom": 14, 
  "start_x": 11543.035121634679
}