{
  "shown": [], 
  "end_x": 11555.108278080243, 
  "num": 10527, 
  "zoom": 14, 
  "start_x": 11554.010718403373
}