{
  "shown": [], 
  "end_x": 11549.620479695895, 
  "num": 10522, 
  "zoom": 14, 
  "start_x": 11548.522920019026
}