{
  "shown": [], 
  "end_x": 11562.791195818329, 
  "num": 10534, 
  "zoom": 14, 
  "start_x": 11561.69363614146
}