{
  "shown": [], 
  "end_x": 1159.0230187740062, 
  "num": 1055, 
  "zoom": 14, 
  "start_x": 1157.9254590971368
}