{
  "shown": [], 
  "end_x": 11582.547270001975, 
  "num": 10552, 
  "zoom": 14, 
  "start_x": 11581.449710325105
}