{
  "shown": [], 
  "end_x": 11590.23018774006, 
  "num": 10559, 
  "zoom": 14, 
  "start_x": 11589.132628063191
}