{
  "shown": [], 
  "end_x": 11586.937508709452, 
  "num": 10556, 
  "zoom": 14, 
  "start_x": 11585.839949032583
}