{
  "shown": [
    {
      "max_elev": 675, 
      "uid": "cf777f8c-ee45-47a7-987c-de4eaecc5774", 
      "area": 1.85, 
      "num_lifts": 1, 
      "source": "jsons/ski_area_elevations//europe-latest.json", 
      "min_elev": 522, 
      "cumarea": 11587.978867469887
    }
  ], 
  "end_x": 11588.035068386322, 
  "num": 10557, 
  "zoom": 14, 
  "start_x": 11586.937508709452
}