{
  "shown": [], 
  "end_x": 11597.913105478146, 
  "num": 10566, 
  "zoom": 14, 
  "start_x": 11596.815545801277
}