{
  "shown": [], 
  "end_x": 11595.717986124408, 
  "num": 10564, 
  "zoom": 14, 
  "start_x": 11594.620426447538
}