{
  "shown": [], 
  "end_x": 11600.108224831885, 
  "num": 10568, 
  "zoom": 14, 
  "start_x": 11599.010665155016
}