{
  "shown": [], 
  "end_x": 11607.79114256997, 
  "num": 10575, 
  "zoom": 14, 
  "start_x": 11606.693582893102
}