{
  "shown": [], 
  "end_x": 11616.571619984923, 
  "num": 10583, 
  "zoom": 14, 
  "start_x": 11615.474060308054
}