{
  "shown": [
    {
      "max_elev": 671, 
      "uid": "d5aa86dd-5f1b-4848-90a7-9d0584e236dc", 
      "area": 1.85, 
      "num_lifts": 2, 
      "source": "jsons/ski_area_elevations//europe-latest.json", 
      "min_elev": 488, 
      "cumarea": 11620.435881901656
    }
  ], 
  "end_x": 11620.9618586924, 
  "num": 10587, 
  "zoom": 14, 
  "start_x": 11619.864299015531
}