{
  "shown": [], 
  "end_x": 11619.864299015531, 
  "num": 10586, 
  "zoom": 14, 
  "start_x": 11618.766739338662
}