{
  "shown": [], 
  "end_x": 11614.376500631184, 
  "num": 10581, 
  "zoom": 14, 
  "start_x": 11613.278940954315
}