{
  "shown": [], 
  "end_x": 11625.352097399878, 
  "num": 10591, 
  "zoom": 14, 
  "start_x": 11624.254537723009
}