{
  "shown": [], 
  "end_x": 11624.254537723009, 
  "num": 10590, 
  "zoom": 14, 
  "start_x": 11623.15697804614
}