{
  "shown": [], 
  "end_x": 11633.035015137964, 
  "num": 10598, 
  "zoom": 14, 
  "start_x": 11631.937455461095
}