{
  "shown": [], 
  "end_x": 11640.71793287605, 
  "num": 10605, 
  "zoom": 14, 
  "start_x": 11639.62037319918
}