{
  "shown": [], 
  "end_x": 11642.91305222979, 
  "num": 10607, 
  "zoom": 14, 
  "start_x": 11641.81549255292
}