{
  "shown": [], 
  "end_x": 11646.205731260397, 
  "num": 10610, 
  "zoom": 14, 
  "start_x": 11645.108171583528
}