{
  "shown": [], 
  "end_x": 11649.498410291006, 
  "num": 10613, 
  "zoom": 14, 
  "start_x": 11648.400850614136
}