{
  "shown": [], 
  "end_x": 11659.37644738283, 
  "num": 10622, 
  "zoom": 14, 
  "start_x": 11658.278887705961
}