{
  "shown": [], 
  "end_x": 11662.669126413435, 
  "num": 10625, 
  "zoom": 14, 
  "start_x": 11661.571566736566
}