{
  "shown": [], 
  "end_x": 1166.7059365120913, 
  "num": 1062, 
  "zoom": 14, 
  "start_x": 1165.608376835222
}