{
  "shown": [], 
  "end_x": 11687.912998981432, 
  "num": 10648, 
  "zoom": 14, 
  "start_x": 11686.815439304562
}