{
  "shown": [], 
  "end_x": 11680.230081243346, 
  "num": 10641, 
  "zoom": 14, 
  "start_x": 11679.132521566476
}