{
  "shown": [], 
  "end_x": 1168.9010558658301, 
  "num": 1064, 
  "zoom": 14, 
  "start_x": 1167.8034961889607
}