{
  "shown": [], 
  "end_x": 11695.595916719518, 
  "num": 10655, 
  "zoom": 14, 
  "start_x": 11694.498357042648
}