{
  "shown": [], 
  "end_x": 11708.766632841951, 
  "num": 10667, 
  "zoom": 14, 
  "start_x": 11707.669073165081
}