{
  "shown": [], 
  "end_x": 1171.0961752195685, 
  "num": 1066, 
  "zoom": 14, 
  "start_x": 1169.9986155426993
}