{
  "shown": [], 
  "end_x": 11726.327587671858, 
  "num": 10683, 
  "zoom": 14, 
  "start_x": 11725.230027994989
}