{
  "shown": [], 
  "end_x": 11725.230027994989, 
  "num": 10682, 
  "zoom": 14, 
  "start_x": 11724.13246831812
}