{
  "shown": [], 
  "end_x": 11738.400744117422, 
  "num": 10694, 
  "zoom": 14, 
  "start_x": 11737.303184440552
}