{
  "shown": [], 
  "end_x": 11734.010505409944, 
  "num": 10690, 
  "zoom": 14, 
  "start_x": 11732.912945733075
}