{
  "shown": [], 
  "end_x": 11741.69342314803, 
  "num": 10697, 
  "zoom": 14, 
  "start_x": 11740.59586347116
}