{
  "shown": [
    {
      "max_elev": 656, 
      "uid": "e7f9b569-dde8-4277-bcdf-efddd073dc8b", 
      "area": 1.81, 
      "num_lifts": 1, 
      "source": "jsons/ski_area_elevations//europe-latest.json", 
      "min_elev": 549, 
      "cumarea": 11751.013254988977
    }
  ], 
  "end_x": 11751.571460239851, 
  "num": 10706, 
  "zoom": 14, 
  "start_x": 11750.473900562982
}