{
  "shown": [], 
  "end_x": 11747.181221532377, 
  "num": 10702, 
  "zoom": 14, 
  "start_x": 11746.083661855508
}