{
  "shown": [], 
  "end_x": 11765.839736039154, 
  "num": 10719, 
  "zoom": 14, 
  "start_x": 11764.742176362284
}