{
  "shown": [], 
  "end_x": 11760.351937654807, 
  "num": 10714, 
  "zoom": 14, 
  "start_x": 11759.254377977937
}