{
  "shown": [], 
  "end_x": 11782.303131192195, 
  "num": 10734, 
  "zoom": 14, 
  "start_x": 11781.205571515326
}