{
  "shown": [], 
  "end_x": 11787.790929576538, 
  "num": 10739, 
  "zoom": 14, 
  "start_x": 11786.693369899669
}