{
  "shown": [], 
  "end_x": 11797.668966668363, 
  "num": 10748, 
  "zoom": 14, 
  "start_x": 11796.571406991494
}