{
  "shown": [], 
  "end_x": 11802.059205375841, 
  "num": 10752, 
  "zoom": 14, 
  "start_x": 11800.961645698972
}