{
  "shown": [], 
  "end_x": 1182.0717719882623, 
  "num": 1076, 
  "zoom": 14, 
  "start_x": 1180.9742123113929
}