{
  "shown": [], 
  "end_x": 11820.717719882618, 
  "num": 10769, 
  "zoom": 14, 
  "start_x": 11819.620160205748
}