{
  "shown": [], 
  "end_x": 11828.400637620703, 
  "num": 10776, 
  "zoom": 14, 
  "start_x": 11827.303077943834
}