{
  "shown": [], 
  "end_x": 11824.010398913226, 
  "num": 10772, 
  "zoom": 14, 
  "start_x": 11822.912839236356
}