{
  "shown": [], 
  "end_x": 11826.205518266965, 
  "num": 10774, 
  "zoom": 14, 
  "start_x": 11825.107958590095
}