{
  "shown": [], 
  "end_x": 11842.668913420006, 
  "num": 10789, 
  "zoom": 14, 
  "start_x": 11841.571353743137
}