{
  "shown": [], 
  "end_x": 11864.62010695739, 
  "num": 10809, 
  "zoom": 14, 
  "start_x": 11863.522547280521
}