{
  "shown": [], 
  "end_x": 11859.132308573044, 
  "num": 10804, 
  "zoom": 14, 
  "start_x": 11858.034748896174
}