{
  "shown": [], 
  "end_x": 11866.81522631113, 
  "num": 10811, 
  "zoom": 14, 
  "start_x": 11865.71766663426
}