{
  "shown": [
    {
      "max_elev": 641, 
      "uid": "de1d3da8-2b67-49f8-a4df-3d6c891ff74c", 
      "area": 1.9100000000000001, 
      "num_lifts": 1, 
      "source": "jsons/ski_area_elevations//europe-latest.json", 
      "min_elev": 526, 
      "cumarea": 11865.345032497804
    }
  ], 
  "end_x": 11865.71766663426, 
  "num": 10810, 
  "zoom": 14, 
  "start_x": 11864.62010695739
}