{
  "shown": [], 
  "end_x": 11867.912785987999, 
  "num": 10812, 
  "zoom": 14, 
  "start_x": 11866.81522631113
}