{
  "shown": [], 
  "end_x": 11881.083502110432, 
  "num": 10824, 
  "zoom": 14, 
  "start_x": 11879.985942433563
}