{
  "shown": [], 
  "end_x": 11879.985942433563, 
  "num": 10823, 
  "zoom": 14, 
  "start_x": 11878.888382756693
}