{
  "shown": [], 
  "end_x": 11887.668860171649, 
  "num": 10830, 
  "zoom": 14, 
  "start_x": 11886.57130049478
}