{
  "shown": [], 
  "end_x": 11919.498090800858, 
  "num": 10859, 
  "zoom": 14, 
  "start_x": 11918.400531123989
}