{
  "shown": [], 
  "end_x": 11911.815173062772, 
  "num": 10852, 
  "zoom": 14, 
  "start_x": 11910.717613385903
}