{
  "shown": [], 
  "end_x": 11909.620053709034, 
  "num": 10850, 
  "zoom": 14, 
  "start_x": 11908.522494032164
}