{
  "shown": [], 
  "end_x": 11914.010292416511, 
  "num": 10854, 
  "zoom": 14, 
  "start_x": 11912.912732739642
}