{
  "shown": [], 
  "end_x": 1193.0473687569552, 
  "num": 1086, 
  "zoom": 14, 
  "start_x": 1191.949809080086
}