{
  "shown": [
    {
      "max_elev": 635, 
      "uid": "f09941c8-7325-4c77-b42c-0804885aa994", 
      "area": 1.8800000000000001, 
      "num_lifts": 3, 
      "source": "jsons/ski_area_elevations//europe-latest.json", 
      "min_elev": 544, 
      "cumarea": 11928.520631087682
    }
  ], 
  "end_x": 11929.376127892683, 
  "num": 10868, 
  "zoom": 14, 
  "start_x": 11928.278568215814
}