{
  "shown": [], 
  "end_x": 11927.181008538944, 
  "num": 10866, 
  "zoom": 14, 
  "start_x": 11926.083448862075
}