{
  "shown": [], 
  "end_x": 11932.668806923291, 
  "num": 10871, 
  "zoom": 14, 
  "start_x": 11931.571247246422
}