{
  "shown": [], 
  "end_x": 11940.351724661377, 
  "num": 10878, 
  "zoom": 14, 
  "start_x": 11939.254164984508
}