{
  "shown": [], 
  "end_x": 11941.449284338245, 
  "num": 10879, 
  "zoom": 14, 
  "start_x": 11940.351724661377
}