{
  "shown": [], 
  "end_x": 1194.1449284338246, 
  "num": 1087, 
  "zoom": 14, 
  "start_x": 1193.0473687569552
}