{
  "shown": [], 
  "end_x": 11953.522440783807, 
  "num": 10890, 
  "zoom": 14, 
  "start_x": 11952.424881106937
}