{
  "shown": [], 
  "end_x": 11959.010239168154, 
  "num": 10895, 
  "zoom": 14, 
  "start_x": 11957.912679491285
}