{
  "shown": [], 
  "end_x": 11954.620000460676, 
  "num": 10891, 
  "zoom": 14, 
  "start_x": 11953.522440783807
}