{
  "shown": [], 
  "end_x": 120.73156445562563, 
  "num": 109, 
  "zoom": 14, 
  "start_x": 119.6340047787563
}