{
  "shown": [], 
  "end_x": 11964.498037552501, 
  "num": 10900, 
  "zoom": 14, 
  "start_x": 11963.400477875632
}