{
  "shown": [], 
  "end_x": 11969.985835936848, 
  "num": 10905, 
  "zoom": 14, 
  "start_x": 11968.888276259979
}