{
  "shown": [], 
  "end_x": 11986.44923108989, 
  "num": 10920, 
  "zoom": 14, 
  "start_x": 11985.35167141302
}