{
  "shown": [], 
  "end_x": 1200.7302864950404, 
  "num": 1093, 
  "zoom": 14, 
  "start_x": 1199.6327268181712
}