{
  "shown": [], 
  "end_x": 11997.42482785858, 
  "num": 10930, 
  "zoom": 14, 
  "start_x": 11996.32726818171
}