{
  "shown": [], 
  "end_x": 12013.888223011621, 
  "num": 10945, 
  "zoom": 14, 
  "start_x": 12012.790663334752
}