{
  "shown": [], 
  "end_x": 12008.400424627274, 
  "num": 10940, 
  "zoom": 14, 
  "start_x": 12007.302864950405
}