{
  "shown": [], 
  "end_x": 12020.473581072838, 
  "num": 10951, 
  "zoom": 14, 
  "start_x": 12019.376021395969
}