{
  "shown": [], 
  "end_x": 12036.936976225876, 
  "num": 10966, 
  "zoom": 14, 
  "start_x": 12035.839416549006
}