{
  "shown": [], 
  "end_x": 12039.132095579615, 
  "num": 10968, 
  "zoom": 14, 
  "start_x": 12038.034535902745
}