{
  "shown": [], 
  "end_x": 12032.546737518398, 
  "num": 10962, 
  "zoom": 14, 
  "start_x": 12031.449177841529
}