{
  "shown": [], 
  "end_x": 12047.91257299457, 
  "num": 10976, 
  "zoom": 14, 
  "start_x": 12046.8150133177
}