{
  "shown": [], 
  "end_x": 12050.107692348309, 
  "num": 10978, 
  "zoom": 14, 
  "start_x": 12049.01013267144
}