{
  "shown": [], 
  "end_x": 1205.1205252025177, 
  "num": 1097, 
  "zoom": 14, 
  "start_x": 1204.0229655256485
}