{
  "shown": [], 
  "end_x": 12051.205252025178, 
  "num": 10979, 
  "zoom": 14, 
  "start_x": 12050.107692348309
}