{
  "shown": [], 
  "end_x": 12058.888169763264, 
  "num": 10986, 
  "zoom": 14, 
  "start_x": 12057.790610086395
}