{
  "shown": [], 
  "end_x": 12068.766206855085, 
  "num": 10995, 
  "zoom": 14, 
  "start_x": 12067.668647178216
}