{
  "shown": [], 
  "end_x": 1207.3156445562563, 
  "num": 1099, 
  "zoom": 14, 
  "start_x": 1206.2180848793869
}