{
  "shown": [], 
  "end_x": 12066.571087501346, 
  "num": 10993, 
  "zoom": 14, 
  "start_x": 12065.473527824477
}