{
  "shown": [
    {
      "max_elev": 4389, 
      "uid": "419e7803-3900-424b-b544-1ffd1be0114d", 
      "area": 2.05, 
      "num_lifts": 1, 
      "source": "jsons/ski_area_elevations//asia-latest.json", 
      "min_elev": 3446, 
      "cumarea": 13.004688449280902
    }
  ], 
  "end_x": 13.170716122431887, 
  "num": 11, 
  "zoom": 14, 
  "start_x": 12.073156445562564
}