{
  "shown": [], 
  "end_x": 121.82912413249495, 
  "num": 110, 
  "zoom": 14, 
  "start_x": 120.73156445562563
}