{
  "shown": [], 
  "end_x": 1208.4132042331257, 
  "num": 1100, 
  "zoom": 14, 
  "start_x": 1207.3156445562563
}