{
  "shown": [], 
  "end_x": 12074.254005239432, 
  "num": 11000, 
  "zoom": 14, 
  "start_x": 12073.156445562563
}