{
  "shown": [], 
  "end_x": 12085.229602008127, 
  "num": 11010, 
  "zoom": 14, 
  "start_x": 12084.132042331257
}