{
  "shown": [], 
  "end_x": 12092.912519746213, 
  "num": 11017, 
  "zoom": 14, 
  "start_x": 12091.814960069343
}