{
  "shown": [], 
  "end_x": 12123.644190698553, 
  "num": 11045, 
  "zoom": 14, 
  "start_x": 12122.546631021683
}