{
  "shown": [], 
  "end_x": 12129.1319890829, 
  "num": 11050, 
  "zoom": 14, 
  "start_x": 12128.03442940603
}