{
  "shown": [], 
  "end_x": 12144.497824559068, 
  "num": 11064, 
  "zoom": 14, 
  "start_x": 12143.400264882199
}