{
  "shown": [
    {
      "max_elev": 612, 
      "uid": "dcbba96d-2094-4885-9af7-ca130d4a215b", 
      "area": 1.81, 
      "num_lifts": 1, 
      "source": "jsons/ski_area_elevations//europe-latest.json", 
      "min_elev": 546, 
      "cumarea": 12153.742035460076
    }
  ], 
  "end_x": 12154.375861650893, 
  "num": 11073, 
  "zoom": 14, 
  "start_x": 12153.278301974024
}