{
  "shown": [], 
  "end_x": 12165.351458419587, 
  "num": 11083, 
  "zoom": 14, 
  "start_x": 12164.253898742718
}