{
  "shown": [], 
  "end_x": 12174.131935834539, 
  "num": 11091, 
  "zoom": 14, 
  "start_x": 12173.03437615767
}