{
  "shown": [], 
  "end_x": 12209.25384549436, 
  "num": 11123, 
  "zoom": 14, 
  "start_x": 12208.156285817491
}