{
  "shown": [], 
  "end_x": 12211.4489648481, 
  "num": 11125, 
  "zoom": 14, 
  "start_x": 12210.35140517123
}