{
  "shown": [], 
  "end_x": 12235.595277739223, 
  "num": 11147, 
  "zoom": 14, 
  "start_x": 12234.497718062354
}