{
  "shown": [], 
  "end_x": 12247.668434184787, 
  "num": 11158, 
  "zoom": 14, 
  "start_x": 12246.570874507917
}