{
  "shown": [], 
  "end_x": 12248.765993861656, 
  "num": 11159, 
  "zoom": 14, 
  "start_x": 12247.668434184787
}