{
  "shown": [
    {
      "max_elev": 604, 
      "uid": "46cc27d3-b905-44ab-bea8-adc38e6faf73", 
      "area": 2.33, 
      "num_lifts": 10, 
      "source": "jsons/ski_area_elevations//north-america-latest.json", 
      "min_elev": 443, 
      "cumarea": 12260.452741067
    }
  ], 
  "end_x": 12260.83915030722, 
  "num": 11170, 
  "zoom": 14, 
  "start_x": 12259.74159063035
}