{
  "shown": [], 
  "end_x": 12272.912306752783, 
  "num": 11181, 
  "zoom": 14, 
  "start_x": 12271.814747075914
}