{
  "shown": [], 
  "end_x": 12282.790343844605, 
  "num": 11190, 
  "zoom": 14, 
  "start_x": 12281.692784167735
}