{
  "shown": [], 
  "end_x": 124.0242434862336, 
  "num": 112, 
  "zoom": 14, 
  "start_x": 122.92668380936428
}