{
  "shown": [], 
  "end_x": 12297.058619643907, 
  "num": 11203, 
  "zoom": 14, 
  "start_x": 12295.961059967038
}