{
  "shown": [], 
  "end_x": 12310.229335766338, 
  "num": 11215, 
  "zoom": 14, 
  "start_x": 12309.13177608947
}