{
  "shown": [
    {
      "max_elev": 599, 
      "uid": "61c1b018-fbe0-41fd-9320-4a1e025566b9", 
      "area": 1.85, 
      "num_lifts": 2, 
      "source": "jsons/ski_area_elevations//europe-latest.json", 
      "min_elev": 512, 
      "cumarea": 12308.119160313
    }
  ], 
  "end_x": 12309.13177608947, 
  "num": 11214, 
  "zoom": 14, 
  "start_x": 12308.034216412601
}