{
  "shown": [
    {
      "max_elev": 599, 
      "cumarea": 12321.335224874454, 
      "area": 2.31, 
      "num_lifts": 17, 
      "name": "Club Andino", 
      "source": "jsons/ski_area_elevations//south-america-latest.json", 
      "min_elev": 370, 
      "uid": "fdb671a4-4ada-449a-bce1-eb40bcac7630"
    }
  ], 
  "end_x": 12322.3024922119, 
  "num": 11226, 
  "zoom": 14, 
  "start_x": 12321.20493253503
}