{
  "shown": [], 
  "end_x": 12331.082969626856, 
  "num": 11234, 
  "zoom": 14, 
  "start_x": 12329.985409949986
}