{
  "shown": [], 
  "end_x": 12336.570768011203, 
  "num": 11239, 
  "zoom": 14, 
  "start_x": 12335.473208334333
}