{
  "shown": [], 
  "end_x": 12342.05856639555, 
  "num": 11244, 
  "zoom": 14, 
  "start_x": 12340.96100671868
}