{
  "shown": [], 
  "end_x": 1235.8521961548588, 
  "num": 1125, 
  "zoom": 14, 
  "start_x": 1234.7546364779896
}