{
  "shown": [], 
  "end_x": 12351.936603487371, 
  "num": 11253, 
  "zoom": 14, 
  "start_x": 12350.839043810502
}