{
  "shown": [
    {
      "max_elev": 593, 
      "uid": "32f09092-74ca-414a-9e92-6195747e51c1", 
      "area": 1.81, 
      "num_lifts": 1, 
      "source": "jsons/ski_area_elevations//europe-latest.json", 
      "min_elev": 537, 
      "cumarea": 12363.24269714882
    }
  ], 
  "end_x": 12364.009759932935, 
  "num": 11264, 
  "zoom": 14, 
  "start_x": 12362.912200256065
}