{
  "shown": [], 
  "end_x": 12359.619521225457, 
  "num": 11260, 
  "zoom": 14, 
  "start_x": 12358.521961548588
}