{
  "shown": [], 
  "end_x": 12365.107319609804, 
  "num": 11265, 
  "zoom": 14, 
  "start_x": 12364.009759932935
}