{
  "shown": [], 
  "end_x": 12380.473155085974, 
  "num": 11279, 
  "zoom": 14, 
  "start_x": 12379.375595409107
}