{
  "shown": [], 
  "end_x": 12378.278035732237, 
  "num": 11277, 
  "zoom": 14, 
  "start_x": 12377.180476055368
}