{
  "shown": [], 
  "end_x": 12390.351192177797, 
  "num": 11288, 
  "zoom": 14, 
  "start_x": 12389.253632500928
}