{
  "shown": [], 
  "end_x": 12400.229229269622, 
  "num": 11297, 
  "zoom": 14, 
  "start_x": 12399.131669592753
}