{
  "shown": [], 
  "end_x": 125.12180316310292, 
  "num": 113, 
  "zoom": 14, 
  "start_x": 124.0242434862336
}