{
  "shown": [], 
  "end_x": 12403.52190830023, 
  "num": 11300, 
  "zoom": 14, 
  "start_x": 12402.42434862336
}