{
  "shown": [], 
  "end_x": 12411.204826038316, 
  "num": 11307, 
  "zoom": 14, 
  "start_x": 12410.107266361447
}