{
  "shown": [], 
  "end_x": 12421.082863130137, 
  "num": 11316, 
  "zoom": 14, 
  "start_x": 12419.985303453268
}