{
  "shown": [
    {
      "max_elev": 586, 
      "uid": "017ef400-71f4-4835-921b-65e7271efaf1", 
      "area": 1.81, 
      "num_lifts": 0, 
      "source": "jsons/ski_area_elevations//europe-latest.json", 
      "min_elev": 586, 
      "cumarea": 12424.77105616349
    }
  ], 
  "end_x": 12425.473101837615, 
  "num": 11320, 
  "zoom": 14, 
  "start_x": 12424.375542160746
}