{
  "shown": [], 
  "end_x": 12432.058459898832, 
  "num": 11326, 
  "zoom": 14, 
  "start_x": 12430.960900221962
}