{
  "shown": [], 
  "end_x": 12443.034056667526, 
  "num": 11336, 
  "zoom": 14, 
  "start_x": 12441.936496990656
}