{
  "shown": [], 
  "end_x": 12440.838937313787, 
  "num": 11334, 
  "zoom": 14, 
  "start_x": 12439.741377636918
}