{
  "shown": [], 
  "end_x": 12451.814534082478, 
  "num": 11344, 
  "zoom": 14, 
  "start_x": 12450.71697440561
}