{
  "shown": [], 
  "end_x": 12448.521855051873, 
  "num": 11341, 
  "zoom": 14, 
  "start_x": 12447.424295375004
}