{
  "shown": [], 
  "end_x": 12455.107213113086, 
  "num": 11347, 
  "zoom": 14, 
  "start_x": 12454.009653436216
}