{
  "shown": [], 
  "end_x": 12459.497451820564, 
  "num": 11351, 
  "zoom": 14, 
  "start_x": 12458.399892143694
}