{
  "shown": [], 
  "end_x": 12467.18036955865, 
  "num": 11358, 
  "zoom": 14, 
  "start_x": 12466.08280988178
}