{
  "shown": [], 
  "end_x": 12461.692571174302, 
  "num": 11353, 
  "zoom": 14, 
  "start_x": 12460.595011497433
}