{
  "shown": [], 
  "end_x": 12464.98525020491, 
  "num": 11356, 
  "zoom": 14, 
  "start_x": 12463.887690528041
}