{
  "shown": [], 
  "end_x": 12472.668167942997, 
  "num": 11363, 
  "zoom": 14, 
  "start_x": 12471.570608266127
}