{
  "shown": [], 
  "end_x": 12474.863287296736, 
  "num": 11365, 
  "zoom": 14, 
  "start_x": 12473.765727619866
}