{
  "shown": [], 
  "end_x": 12475.960846973605, 
  "num": 11366, 
  "zoom": 14, 
  "start_x": 12474.863287296736
}