{
  "shown": [
    {
      "max_elev": 578, 
      "uid": "1e59e7e0-d98d-480e-aea2-48a49c5c371a", 
      "area": 1.85, 
      "num_lifts": 1, 
      "source": "jsons/ski_area_elevations//europe-latest.json", 
      "min_elev": 521, 
      "cumarea": 12487.173330945017
    }
  ], 
  "end_x": 12488.034003419169, 
  "num": 11377, 
  "zoom": 14, 
  "start_x": 12486.9364437423
}