{
  "shown": [], 
  "end_x": 12482.546205034821, 
  "num": 11372, 
  "zoom": 14, 
  "start_x": 12481.448645357952
}