{
  "shown": [], 
  "end_x": 12494.619361480385, 
  "num": 11383, 
  "zoom": 14, 
  "start_x": 12493.521801803516
}