{
  "shown": [], 
  "end_x": 12496.814480834124, 
  "num": 11385, 
  "zoom": 14, 
  "start_x": 12495.716921157255
}