{
  "shown": [], 
  "end_x": 1250.1204719541602, 
  "num": 1138, 
  "zoom": 14, 
  "start_x": 1249.0229122772907
}