{
  "shown": [], 
  "end_x": 12500.107159864732, 
  "num": 11388, 
  "zoom": 14, 
  "start_x": 12499.009600187863
}