{
  "shown": [], 
  "end_x": 12509.985196956553, 
  "num": 11397, 
  "zoom": 14, 
  "start_x": 12508.887637279684
}