{
  "shown": [], 
  "end_x": 12514.375435664031, 
  "num": 11401, 
  "zoom": 14, 
  "start_x": 12513.277875987162
}