{
  "shown": [], 
  "end_x": 12534.13150984768, 
  "num": 11419, 
  "zoom": 14, 
  "start_x": 12533.033950170811
}