{
  "shown": [], 
  "end_x": 12550.594905000722, 
  "num": 11434, 
  "zoom": 14, 
  "start_x": 12549.497345323853
}