{
  "shown": [], 
  "end_x": 12567.05830015376, 
  "num": 11449, 
  "zoom": 14, 
  "start_x": 12565.96074047689
}