{
  "shown": [], 
  "end_x": 12559.375382415674, 
  "num": 11442, 
  "zoom": 14, 
  "start_x": 12558.277822738804
}