{
  "shown": [], 
  "end_x": 12578.033896922454, 
  "num": 11459, 
  "zoom": 14, 
  "start_x": 12576.936337245585
}