{
  "shown": [], 
  "end_x": 12582.424135629932, 
  "num": 11463, 
  "zoom": 14, 
  "start_x": 12581.326575953062
}