{
  "shown": [], 
  "end_x": 1259.998509045984, 
  "num": 1147, 
  "zoom": 14, 
  "start_x": 1258.9009493691146
}