{
  "shown": [], 
  "end_x": 12593.399732398622, 
  "num": 11473, 
  "zoom": 14, 
  "start_x": 12592.302172721753
}