{
  "shown": [], 
  "end_x": 12601.082650136708, 
  "num": 11480, 
  "zoom": 14, 
  "start_x": 12599.985090459839
}