{
  "shown": [], 
  "end_x": 12604.375329167317, 
  "num": 11483, 
  "zoom": 14, 
  "start_x": 12603.277769490447
}