{
  "shown": [], 
  "end_x": 12609.863127551664, 
  "num": 11488, 
  "zoom": 14, 
  "start_x": 12608.765567874794
}