{
  "shown": [], 
  "end_x": 12603.277769490447, 
  "num": 11482, 
  "zoom": 14, 
  "start_x": 12602.180209813578
}