{
  "shown": [], 
  "end_x": 12614.253366259141, 
  "num": 11492, 
  "zoom": 14, 
  "start_x": 12613.155806582272
}