{
  "shown": [], 
  "end_x": 1263.2911880765919, 
  "num": 1150, 
  "zoom": 14, 
  "start_x": 1262.1936283997227
}