{
  "shown": [], 
  "end_x": 12627.42408238157, 
  "num": 11504, 
  "zoom": 14, 
  "start_x": 12626.326522704703
}