{
  "shown": [
    {
      "max_elev": 2494, 
      "uid": "79feca78-6039-4287-bbab-fad9176a9336", 
      "area": 4.15, 
      "num_lifts": 30, 
      "source": "jsons/ski_area_elevations//north-america-latest.json", 
      "min_elev": 2092, 
      "cumarea": 1263.7604458984797
    }
  ], 
  "end_x": 1264.3887477534613, 
  "num": 1151, 
  "zoom": 14, 
  "start_x": 1263.2911880765919
}