{
  "shown": [], 
  "end_x": 12640.594798504004, 
  "num": 11516, 
  "zoom": 14, 
  "start_x": 12639.497238827134
}