{
  "shown": [], 
  "end_x": 12650.472835595829, 
  "num": 11525, 
  "zoom": 14, 
  "start_x": 12649.37527591896
}