{
  "shown": [], 
  "end_x": 1265.4863074303307, 
  "num": 1152, 
  "zoom": 14, 
  "start_x": 1264.3887477534613
}