{
  "shown": [], 
  "end_x": 12649.37527591896, 
  "num": 11524, 
  "zoom": 14, 
  "start_x": 12648.27771624209
}