{
  "shown": [], 
  "end_x": 12665.838671071997, 
  "num": 11539, 
  "zoom": 14, 
  "start_x": 12664.741111395128
}