{
  "shown": [], 
  "end_x": 12663.643551718258, 
  "num": 11537, 
  "zoom": 14, 
  "start_x": 12662.545992041389
}