{
  "shown": [
    {
      "max_elev": 560, 
      "uid": "30c6263f-19c2-40cc-8157-7f1778e938f7", 
      "area": 1.81, 
      "num_lifts": 1, 
      "source": "jsons/ski_area_elevations//europe-latest.json", 
      "min_elev": 535, 
      "cumarea": 12669.24948905554
    }
  ], 
  "end_x": 12670.228909779475, 
  "num": 11543, 
  "zoom": 14, 
  "start_x": 12669.131350102605
}