{
  "shown": [], 
  "end_x": 12676.814267840691, 
  "num": 11549, 
  "zoom": 14, 
  "start_x": 12675.716708163822
}