{
  "shown": [
    {
      "max_elev": 557, 
      "uid": "fbcee0ce-0e5d-4957-bd0c-2b8327799222", 
      "area": 1.8800000000000001, 
      "num_lifts": 2, 
      "source": "jsons/ski_area_elevations//europe-latest.json", 
      "min_elev": 190, 
      "cumarea": 12698.47212296183
    }
  ], 
  "end_x": 12698.765461378076, 
  "num": 11569, 
  "zoom": 14, 
  "start_x": 12697.667901701207
}