{
  "shown": [], 
  "end_x": 12705.350819439293, 
  "num": 11575, 
  "zoom": 14, 
  "start_x": 12704.253259762423
}