{
  "shown": [], 
  "end_x": 12713.033737177378, 
  "num": 11582, 
  "zoom": 14, 
  "start_x": 12711.936177500509
}