{
  "shown": [], 
  "end_x": 12724.009333946073, 
  "num": 11592, 
  "zoom": 14, 
  "start_x": 12722.911774269203
}