{
  "shown": [], 
  "end_x": 12730.59469200729, 
  "num": 11598, 
  "zoom": 14, 
  "start_x": 12729.49713233042
}