{
  "shown": [], 
  "end_x": 12732.789811361024, 
  "num": 11600, 
  "zoom": 14, 
  "start_x": 12731.692251684157
}