{
  "shown": [], 
  "end_x": 12743.765408129719, 
  "num": 11610, 
  "zoom": 14, 
  "start_x": 12742.66784845285
}