{
  "shown": [], 
  "end_x": 12748.155646837196, 
  "num": 11614, 
  "zoom": 14, 
  "start_x": 12747.058087160327
}