{
  "shown": [], 
  "end_x": 12745.960527483458, 
  "num": 11612, 
  "zoom": 14, 
  "start_x": 12744.862967806588
}