{
  "shown": [
    {
      "max_elev": 552, 
      "uid": "43b3dbd4-e52d-45d8-86c4-b02097eefdc2", 
      "area": 1.81, 
      "num_lifts": 1, 
      "source": "jsons/ski_area_elevations//europe-latest.json", 
      "min_elev": 512, 
      "cumarea": 12749.049642735072
    }
  ], 
  "end_x": 12749.253206514066, 
  "num": 11615, 
  "zoom": 14, 
  "start_x": 12748.155646837196
}