{
  "shown": [], 
  "end_x": 12755.838564575282, 
  "num": 11621, 
  "zoom": 14, 
  "start_x": 12754.741004898413
}