{
  "shown": [], 
  "end_x": 12758.033683929021, 
  "num": 11623, 
  "zoom": 14, 
  "start_x": 12756.936124252152
}