{
  "shown": [
    {
      "max_elev": 551, 
      "uid": "826699c1-8788-4311-b286-f2587178d885", 
      "area": 1.82, 
      "num_lifts": 1, 
      "source": "jsons/ski_area_elevations//europe-latest.json", 
      "min_elev": 476, 
      "cumarea": 12762.065417514483
    }
  ], 
  "end_x": 12762.423922636499, 
  "num": 11627, 
  "zoom": 14, 
  "start_x": 12761.32636295963
}