{
  "shown": [], 
  "end_x": 1277.559463875893, 
  "num": 1163, 
  "zoom": 14, 
  "start_x": 1276.4619041990236
}