{
  "shown": [], 
  "end_x": 12772.301959728324, 
  "num": 11636, 
  "zoom": 14, 
  "start_x": 12771.204400051454
}