{
  "shown": [], 
  "end_x": 12766.814161343977, 
  "num": 11631, 
  "zoom": 14, 
  "start_x": 12765.716601667107
}