{
  "shown": [], 
  "end_x": 12776.692198435801, 
  "num": 11640, 
  "zoom": 14, 
  "start_x": 12775.594638758932
}