{
  "shown": [], 
  "end_x": 12779.98487746641, 
  "num": 11643, 
  "zoom": 14, 
  "start_x": 12778.88731778954
}