{
  "shown": [], 
  "end_x": 12797.545832296317, 
  "num": 11659, 
  "zoom": 14, 
  "start_x": 12796.448272619447
}