{
  "shown": [], 
  "end_x": 12806.326309711272, 
  "num": 11667, 
  "zoom": 14, 
  "start_x": 12805.228750034403
}