{
  "shown": [], 
  "end_x": 12800.838511326925, 
  "num": 11662, 
  "zoom": 14, 
  "start_x": 12799.740951650056
}