{
  "shown": [], 
  "end_x": 12808.521429065011, 
  "num": 11669, 
  "zoom": 14, 
  "start_x": 12807.423869388142
}