{
  "shown": [], 
  "end_x": 12824.984824218052, 
  "num": 11684, 
  "zoom": 14, 
  "start_x": 12823.887264541183
}