{
  "shown": [], 
  "end_x": 12828.27750324866, 
  "num": 11687, 
  "zoom": 14, 
  "start_x": 12827.179943571791
}