{
  "shown": [
    {
      "max_elev": 542, 
      "uid": "f9fce888-1a59-4edb-aa3d-8244742025d8", 
      "area": 1.87, 
      "num_lifts": 1, 
      "source": "jsons/ski_area_elevations//europe-latest.json", 
      "min_elev": 292, 
      "cumarea": 12836.49695434859
    }
  ], 
  "end_x": 12837.057980663614, 
  "num": 11695, 
  "zoom": 14, 
  "start_x": 12835.960420986747
}