{
  "shown": [], 
  "end_x": 12835.960420986747, 
  "num": 11694, 
  "zoom": 14, 
  "start_x": 12834.862861309877
}