{
  "shown": [], 
  "end_x": 1285.2423816139785, 
  "num": 1170, 
  "zoom": 14, 
  "start_x": 1284.144821937109
}