{
  "shown": [], 
  "end_x": 12843.643338724829, 
  "num": 11701, 
  "zoom": 14, 
  "start_x": 12842.54577904796
}