{
  "shown": [
    {
      "max_elev": 540, 
      "uid": "df0e66cb-5580-4df8-adf8-54b67b88a36b", 
      "area": 1.84, 
      "num_lifts": 3, 
      "source": "jsons/ski_area_elevations//europe-latest.json", 
      "min_elev": 460, 
      "cumarea": 12862.963628401458
    }
  ], 
  "end_x": 12863.399412908479, 
  "num": 11719, 
  "zoom": 14, 
  "start_x": 12862.30185323161
}