{
  "shown": [], 
  "end_x": 12860.10673387787, 
  "num": 11716, 
  "zoom": 14, 
  "start_x": 12859.009174201
}