{
  "shown": [], 
  "end_x": 12869.984770969695, 
  "num": 11725, 
  "zoom": 14, 
  "start_x": 12868.887211292826
}