{
  "shown": [], 
  "end_x": 12879.862808061516, 
  "num": 11734, 
  "zoom": 14, 
  "start_x": 12878.765248384647
}