{
  "shown": [], 
  "end_x": 12890.83840483021, 
  "num": 11744, 
  "zoom": 14, 
  "start_x": 12889.740845153341
}