{
  "shown": [], 
  "end_x": 12899.618882245166, 
  "num": 11752, 
  "zoom": 14, 
  "start_x": 12898.521322568296
}