{
  "shown": [], 
  "end_x": 12911.692038690726, 
  "num": 11763, 
  "zoom": 14, 
  "start_x": 12910.594479013856
}