{
  "shown": [
    {
      "max_elev": 536, 
      "cumarea": 12914.81964660902, 
      "area": 2.38, 
      "num_lifts": 5, 
      "name": "Snow Ridge Ski Resort", 
      "source": "jsons/ski_area_elevations//north-america-latest.json", 
      "min_elev": 398, 
      "uid": "0992a4ab-35fe-481d-b146-b10199032253"
    }
  ], 
  "end_x": 12914.984717721334, 
  "num": 11766, 
  "zoom": 14, 
  "start_x": 12913.887158044465
}