{
  "shown": [
    {
      "max_elev": 534, 
      "uid": "0a9cc809-7e51-4cb1-9aed-90bb630f19f5", 
      "area": 1.9300000000000002, 
      "num_lifts": 5, 
      "source": "jsons/ski_area_elevations//europe-latest.json", 
      "min_elev": 365, 
      "cumarea": 12928.154077720876
    }
  ], 
  "end_x": 12928.155433843767, 
  "num": 11778, 
  "zoom": 14, 
  "start_x": 12927.057874166898
}