{
  "shown": [], 
  "end_x": 12949.009067704283, 
  "num": 11797, 
  "zoom": 14, 
  "start_x": 12947.911508027413
}