{
  "shown": [], 
  "end_x": 12943.521269319936, 
  "num": 11792, 
  "zoom": 14, 
  "start_x": 12942.423709643068
}