{
  "shown": [], 
  "end_x": 130.60960154744953, 
  "num": 118, 
  "zoom": 14, 
  "start_x": 129.51204187058022
}