{
  "shown": [], 
  "end_x": 12961.082224149846, 
  "num": 11808, 
  "zoom": 14, 
  "start_x": 12959.984664472977
}