{
  "shown": [
    {
      "max_elev": 533, 
      "uid": "5839a8e5-0987-450f-ab8d-e41a60dc3ed2", 
      "area": 3.0, 
      "num_lifts": 6, 
      "source": "jsons/ski_area_elevations//asia-latest.json", 
      "min_elev": 355, 
      "cumarea": 12958.050830239556
    }
  ], 
  "end_x": 12958.887104796107, 
  "num": 11806, 
  "zoom": 14, 
  "start_x": 12957.789545119238
}