{
  "shown": [], 
  "end_x": 12970.960261241671, 
  "num": 11817, 
  "zoom": 14, 
  "start_x": 12969.862701564802
}