{
  "shown": [], 
  "end_x": 12963.277343503585, 
  "num": 11810, 
  "zoom": 14, 
  "start_x": 12962.179783826716
}