{
  "shown": [], 
  "end_x": 12973.15538059541, 
  "num": 11819, 
  "zoom": 14, 
  "start_x": 12972.05782091854
}