{
  "shown": [], 
  "end_x": 1298.4130977364102, 
  "num": 1182, 
  "zoom": 14, 
  "start_x": 1297.315538059541
}