{
  "shown": [], 
  "end_x": 12984.1309773641, 
  "num": 11829, 
  "zoom": 14, 
  "start_x": 12983.033417687231
}