{
  "shown": [], 
  "end_x": 12976.448059626018, 
  "num": 11822, 
  "zoom": 14, 
  "start_x": 12975.350499949149
}