{
  "shown": [], 
  "end_x": 12987.423656394709, 
  "num": 11832, 
  "zoom": 14, 
  "start_x": 12986.32609671784
}