{
  "shown": [], 
  "end_x": 13010.472409608967, 
  "num": 11853, 
  "zoom": 14, 
  "start_x": 13009.374849932097
}