{
  "shown": [
    {
      "max_elev": 527, 
      "uid": "08016123-cf2f-4a99-a0d2-88f1e67a2167", 
      "area": 1.9100000000000001, 
      "num_lifts": 1, 
      "source": "jsons/ski_area_elevations//europe-latest.json", 
      "min_elev": 363, 
      "cumarea": 13015.6298281744
    }
  ], 
  "end_x": 13015.96020799331, 
  "num": 11858, 
  "zoom": 14, 
  "start_x": 13014.86264831644
}