{
  "shown": [], 
  "end_x": 13012.667528962704, 
  "num": 11855, 
  "zoom": 14, 
  "start_x": 13011.569969285836
}