{
  "shown": [], 
  "end_x": 13028.033364438874, 
  "num": 11869, 
  "zoom": 14, 
  "start_x": 13026.935804762004
}