{
  "shown": [], 
  "end_x": 13032.423603146352, 
  "num": 11873, 
  "zoom": 14, 
  "start_x": 13031.326043469482
}