{
  "shown": [], 
  "end_x": 13030.228483792613, 
  "num": 11871, 
  "zoom": 14, 
  "start_x": 13029.130924115743
}