{
  "shown": [], 
  "end_x": 13037.911401530699, 
  "num": 11878, 
  "zoom": 14, 
  "start_x": 13036.81384185383
}