{
  "shown": [], 
  "end_x": 1304.9984557976263, 
  "num": 1188, 
  "zoom": 14, 
  "start_x": 1303.900896120757
}