{
  "shown": [], 
  "end_x": 13057.667475714348, 
  "num": 11896, 
  "zoom": 14, 
  "start_x": 13056.569916037479
}