{
  "shown": [], 
  "end_x": 1310.4862541819728, 
  "num": 1193, 
  "zoom": 14, 
  "start_x": 1309.3886945051036
}