{
  "shown": [], 
  "end_x": 13098.277183758513, 
  "num": 11933, 
  "zoom": 14, 
  "start_x": 13097.179624081644
}