{
  "shown": [], 
  "end_x": 13103.76498214286, 
  "num": 11938, 
  "zoom": 14, 
  "start_x": 13102.667422465991
}