{
  "shown": [], 
  "end_x": 13104.86254181973, 
  "num": 11939, 
  "zoom": 14, 
  "start_x": 13103.76498214286
}