{
  "shown": [], 
  "end_x": 13107.057661173469, 
  "num": 11941, 
  "zoom": 14, 
  "start_x": 13105.9601014966
}