{
  "shown": [
    {
      "max_elev": 518, 
      "uid": "ad9d8de2-c112-400c-b838-9f7d489204e6", 
      "area": 1.82, 
      "num_lifts": 1, 
      "source": "jsons/ski_area_elevations//europe-latest.json", 
      "min_elev": 430, 
      "cumarea": 13115.291185024162
    }
  ], 
  "end_x": 13115.838138588424, 
  "num": 11949, 
  "zoom": 14, 
  "start_x": 13114.740578911555
}