{
  "shown": [], 
  "end_x": 13111.447899880946, 
  "num": 11945, 
  "zoom": 14, 
  "start_x": 13110.350340204077
}