{
  "shown": [], 
  "end_x": 13135.59421277207, 
  "num": 11967, 
  "zoom": 14, 
  "start_x": 13134.4966530952
}