{
  "shown": [], 
  "end_x": 13132.301533741462, 
  "num": 11964, 
  "zoom": 14, 
  "start_x": 13131.203974064592
}