{
  "shown": [], 
  "end_x": 13137.789332125809, 
  "num": 11969, 
  "zoom": 14, 
  "start_x": 13136.69177244894
}