{
  "shown": [], 
  "end_x": 13133.399093418331, 
  "num": 11965, 
  "zoom": 14, 
  "start_x": 13132.301533741462
}