{
  "shown": [], 
  "end_x": 13139.984451479548, 
  "num": 11971, 
  "zoom": 14, 
  "start_x": 13138.886891802678
}