{
  "shown": [], 
  "end_x": 13152.057607925111, 
  "num": 11982, 
  "zoom": 14, 
  "start_x": 13150.960048248242
}