{
  "shown": [
    {
      "max_elev": 513, 
      "uid": "59413b43-6924-4964-9212-cbec7c765e15", 
      "area": 1.85, 
      "num_lifts": 1, 
      "source": "jsons/ski_area_elevations//north-america-latest.json", 
      "min_elev": 10, 
      "cumarea": 13150.287229239684
    }
  ], 
  "end_x": 13150.960048248242, 
  "num": 11981, 
  "zoom": 14, 
  "start_x": 13149.862488571373
}