{
  "shown": [], 
  "end_x": 13168.521003078149, 
  "num": 11997, 
  "zoom": 14, 
  "start_x": 13167.42344340128
}