{
  "shown": [], 
  "end_x": 1318.169171920058, 
  "num": 1200, 
  "zoom": 14, 
  "start_x": 1317.0716122431888
}