{
  "shown": [], 
  "end_x": 13179.496599846843, 
  "num": 12007, 
  "zoom": 14, 
  "start_x": 13178.399040169974
}