{
  "shown": [], 
  "end_x": 13200.350233707359, 
  "num": 12026, 
  "zoom": 14, 
  "start_x": 13199.25267403049
}