{
  "shown": [], 
  "end_x": 13225.594106275352, 
  "num": 12049, 
  "zoom": 14, 
  "start_x": 13224.496546598482
}