{
  "shown": [], 
  "end_x": 13222.301427244747, 
  "num": 12046, 
  "zoom": 14, 
  "start_x": 13221.203867567878
}