{
  "shown": [], 
  "end_x": 13262.911135288909, 
  "num": 12083, 
  "zoom": 14, 
  "start_x": 13261.81357561204
}