{
  "shown": [
    {
      "max_elev": 502, 
      "uid": "1876bcf1-b746-4a8a-91d6-8a6e5db33ada", 
      "area": 1.84, 
      "num_lifts": 1, 
      "source": "jsons/ski_area_elevations//asia-latest.json", 
      "min_elev": 199, 
      "cumarea": 13258.601436436538
    }
  ], 
  "end_x": 13259.6184562583, 
  "num": 12080, 
  "zoom": 14, 
  "start_x": 13258.520896581433
}