{
  "shown": [], 
  "end_x": 13271.691612703864, 
  "num": 12091, 
  "zoom": 14, 
  "start_x": 13270.594053026995
}