{
  "shown": [], 
  "end_x": 13279.37453044195, 
  "num": 12098, 
  "zoom": 14, 
  "start_x": 13278.27697076508
}