{
  "shown": [], 
  "end_x": 133.9022805780575, 
  "num": 121, 
  "zoom": 14, 
  "start_x": 132.8047209011882
}