{
  "shown": [], 
  "end_x": 13284.862328826297, 
  "num": 12103, 
  "zoom": 14, 
  "start_x": 13283.764769149428
}