{
  "shown": [], 
  "end_x": 13281.569649795689, 
  "num": 12100, 
  "zoom": 14, 
  "start_x": 13280.47209011882
}