{
  "shown": [], 
  "end_x": 13287.057448180036, 
  "num": 12105, 
  "zoom": 14, 
  "start_x": 13285.959888503166
}