{
  "shown": [], 
  "end_x": 13301.325723979335, 
  "num": 12118, 
  "zoom": 14, 
  "start_x": 13300.228164302465
}