{
  "shown": [
    {
      "max_elev": 498, 
      "uid": "290da3b7-e63a-4616-a8eb-c6e0d9ee2a8c", 
      "area": 1.8800000000000001, 
      "num_lifts": 3, 
      "source": "jsons/ski_area_elevations//europe-latest.json", 
      "min_elev": 439, 
      "cumarea": 13299.452371793312
    }
  ], 
  "end_x": 13300.228164302465, 
  "num": 12117, 
  "zoom": 14, 
  "start_x": 13299.130604625596
}