{
  "shown": [
    {
      "max_elev": 498, 
      "uid": "e629ee31-76d7-472a-b3d8-95f9eaf0a636", 
      "area": 1.81, 
      "num_lifts": 2, 
      "source": "jsons/ski_area_elevations//europe-latest.json", 
      "min_elev": 494, 
      "cumarea": 13307.243371640767
    }
  ], 
  "end_x": 13307.911082040551, 
  "num": 12124, 
  "zoom": 14, 
  "start_x": 13306.813522363682
}