{
  "shown": [], 
  "end_x": 13312.301320748029, 
  "num": 12128, 
  "zoom": 14, 
  "start_x": 13311.20376107116
}