{
  "shown": [], 
  "end_x": 13311.20376107116, 
  "num": 12127, 
  "zoom": 14, 
  "start_x": 13310.10620139429
}