{
  "shown": [], 
  "end_x": 13314.496440101768, 
  "num": 12130, 
  "zoom": 14, 
  "start_x": 13313.398880424898
}