{
  "shown": [], 
  "end_x": 13319.984238486115, 
  "num": 12135, 
  "zoom": 14, 
  "start_x": 13318.886678809245
}