{
  "shown": [], 
  "end_x": 13329.86227557794, 
  "num": 12144, 
  "zoom": 14, 
  "start_x": 13328.76471590107
}