{
  "shown": [], 
  "end_x": 1334.632567073098, 
  "num": 1215, 
  "zoom": 14, 
  "start_x": 1333.5350073962286
}