{
  "shown": [], 
  "end_x": 13340.837872346634, 
  "num": 12154, 
  "zoom": 14, 
  "start_x": 13339.740312669765
}