{
  "shown": [], 
  "end_x": 13346.32567073098, 
  "num": 12159, 
  "zoom": 14, 
  "start_x": 13345.228111054112
}