{
  "shown": [
    {
      "max_elev": 2472, 
      "uid": "89024789-aa2d-4175-ae3b-c9567537ca02", 
      "area": 3.14, 
      "num_lifts": 16, 
      "source": "jsons/ski_area_elevations//europe-latest.json", 
      "min_elev": 2022, 
      "cumarea": 1335.4156783329763
    }
  ], 
  "end_x": 1335.7301267499674, 
  "num": 1216, 
  "zoom": 14, 
  "start_x": 1334.632567073098
}