{
  "shown": [], 
  "end_x": 13361.69150620715, 
  "num": 12173, 
  "zoom": 14, 
  "start_x": 13360.59394653028
}