{
  "shown": [], 
  "end_x": 13359.49638685341, 
  "num": 12171, 
  "zoom": 14, 
  "start_x": 13358.398827176541
}