{
  "shown": [], 
  "end_x": 13372.667102975844, 
  "num": 12183, 
  "zoom": 14, 
  "start_x": 13371.569543298974
}