{
  "shown": [], 
  "end_x": 13369.374423945235, 
  "num": 12180, 
  "zoom": 14, 
  "start_x": 13368.276864268366
}