{
  "shown": [], 
  "end_x": 1337.9252461037058, 
  "num": 1218, 
  "zoom": 14, 
  "start_x": 1336.8276864268366
}