{
  "shown": [], 
  "end_x": 13383.642699744538, 
  "num": 12193, 
  "zoom": 14, 
  "start_x": 13382.545140067668
}