{
  "shown": [], 
  "end_x": 13399.008535220708, 
  "num": 12207, 
  "zoom": 14, 
  "start_x": 13397.91097554384
}