{
  "shown": [], 
  "end_x": 1340.1203654574447, 
  "num": 1220, 
  "zoom": 14, 
  "start_x": 1339.0228057805753
}