{
  "shown": [], 
  "end_x": 13412.17925134314, 
  "num": 12219, 
  "zoom": 14, 
  "start_x": 13411.08169166627
}