{
  "shown": [], 
  "end_x": 13402.301214251314, 
  "num": 12210, 
  "zoom": 14, 
  "start_x": 13401.203654574445
}