{
  "shown": [
    {
      "max_elev": 488, 
      "uid": "5df0928c-a111-4f34-aa6b-6ee420f921a1", 
      "area": 1.85, 
      "num_lifts": 2, 
      "source": "jsons/ski_area_elevations//europe-latest.json", 
      "min_elev": 357, 
      "cumarea": 13402.992530711565
    }
  ], 
  "end_x": 13403.398773928184, 
  "num": 12211, 
  "zoom": 14, 
  "start_x": 13402.301214251314
}