{
  "shown": [], 
  "end_x": 13407.789012635661, 
  "num": 12215, 
  "zoom": 14, 
  "start_x": 13406.691452958792
}