{
  "shown": [], 
  "end_x": 13404.496333605053, 
  "num": 12212, 
  "zoom": 14, 
  "start_x": 13403.398773928184
}