{
  "shown": [], 
  "end_x": 13418.764609404356, 
  "num": 12225, 
  "zoom": 14, 
  "start_x": 13417.667049727486
}