{
  "shown": [], 
  "end_x": 13431.935325526789, 
  "num": 12237, 
  "zoom": 14, 
  "start_x": 13430.83776584992
}