{
  "shown": [], 
  "end_x": 13424.252407788703, 
  "num": 12230, 
  "zoom": 14, 
  "start_x": 13423.154848111833
}