{
  "shown": [
    {
      "max_elev": 485, 
      "uid": "b9926ac7-0b72-40c2-8276-d95521f0008d", 
      "area": 1.84, 
      "num_lifts": 1, 
      "source": "jsons/ski_area_elevations//asia-latest.json", 
      "min_elev": 365, 
      "cumarea": 13426.980490878343
    }
  ], 
  "end_x": 13427.545086819311, 
  "num": 12233, 
  "zoom": 14, 
  "start_x": 13426.447527142442
}