{
  "shown": [], 
  "end_x": 13437.423123911132, 
  "num": 12242, 
  "zoom": 14, 
  "start_x": 13436.325564234263
}