{
  "shown": [], 
  "end_x": 13439.618243264871, 
  "num": 12244, 
  "zoom": 14, 
  "start_x": 13438.520683588002
}