{
  "shown": [], 
  "end_x": 13452.788959387304, 
  "num": 12256, 
  "zoom": 14, 
  "start_x": 13451.691399710435
}