{
  "shown": [
    {
      "max_elev": 2471, 
      "cumarea": 1345.3685846686437, 
      "area": 9.36, 
      "num_lifts": 41, 
      "name": "Les Karellis", 
      "source": "jsons/ski_area_elevations//europe-latest.json", 
      "min_elev": 1531, 
      "uid": "7a27678c-c7dc-4478-bfff-3fa81b0a4951"
    }
  ], 
  "end_x": 1345.608163841791, 
  "num": 1225, 
  "zoom": 14, 
  "start_x": 1344.510604164922
}