{
  "shown": [], 
  "end_x": 13456.081638417912, 
  "num": 12259, 
  "zoom": 14, 
  "start_x": 13454.984078741043
}