{
  "shown": [
    {
      "max_elev": 481, 
      "uid": "80fd5c9f-5029-427b-a832-ce1dd4a03ad4", 
      "area": 1.86, 
      "num_lifts": 2, 
      "source": "jsons/ski_area_elevations//asia-latest.json", 
      "min_elev": 293, 
      "cumarea": 13461.393620887507
    }
  ], 
  "end_x": 13461.56943680226, 
  "num": 12264, 
  "zoom": 14, 
  "start_x": 13460.47187712539
}