{
  "shown": [
    {
      "max_elev": 480, 
      "uid": "6da9f2ee-bec7-4f12-990f-ec5d3551fecf", 
      "area": 1.82, 
      "num_lifts": 1, 
      "source": "jsons/ski_area_elevations//europe-latest.json", 
      "min_elev": 385, 
      "cumarea": 13466.710297181748
    }
  ], 
  "end_x": 13467.057235186607, 
  "num": 12269, 
  "zoom": 14, 
  "start_x": 13465.959675509737
}