{
  "shown": [], 
  "end_x": 13473.64259324782, 
  "num": 12275, 
  "zoom": 14, 
  "start_x": 13472.54503357095
}