{
  "shown": [], 
  "end_x": 13468.154794863476, 
  "num": 12270, 
  "zoom": 14, 
  "start_x": 13467.057235186607
}