{
  "shown": [], 
  "end_x": 13481.325510985906, 
  "num": 12282, 
  "zoom": 14, 
  "start_x": 13480.227951309036
}