{
  "shown": [], 
  "end_x": 1352.1935219030072, 
  "num": 1231, 
  "zoom": 14, 
  "start_x": 1351.095962226138
}