{
  "shown": [], 
  "end_x": 13526.325457737548, 
  "num": 12323, 
  "zoom": 14, 
  "start_x": 13525.227898060679
}