{
  "shown": [
    {
      "max_elev": 473, 
      "cumarea": 13524.275312764541, 
      "area": 1.84, 
      "num_lifts": 4, 
      "name": "Otis Ridge", 
      "source": "jsons/ski_area_elevations//north-america-latest.json", 
      "min_elev": 377, 
      "uid": "a34184bd-9688-4839-89c8-02cfc3350bf1"
    }
  ], 
  "end_x": 13525.227898060679, 
  "num": 12322, 
  "zoom": 14, 
  "start_x": 13524.13033838381
}