{
  "shown": [], 
  "end_x": 13541.691293213717, 
  "num": 12337, 
  "zoom": 14, 
  "start_x": 13540.593733536847
}