{
  "shown": [], 
  "end_x": 13539.49617385998, 
  "num": 12335, 
  "zoom": 14, 
  "start_x": 13538.398614183112
}