{
  "shown": [], 
  "end_x": 13579.008322227273, 
  "num": 12371, 
  "zoom": 14, 
  "start_x": 13577.910762550404
}