{
  "shown": [
    {
      "max_elev": 467, 
      "uid": "e69c0daa-08d7-4381-a55c-846401069bd9", 
      "area": 2.05, 
      "num_lifts": 7, 
      "source": "jsons/ski_area_elevations//north-america-latest.json", 
      "min_elev": 361, 
      "cumarea": 13581.929905206343
    }
  ], 
  "end_x": 13582.301001257882, 
  "num": 12374, 
  "zoom": 14, 
  "start_x": 13581.203441581012
}