{
  "shown": [], 
  "end_x": 13596.569277057184, 
  "num": 12387, 
  "zoom": 14, 
  "start_x": 13595.471717380315
}