{
  "shown": [], 
  "end_x": 13618.520470594573, 
  "num": 12407, 
  "zoom": 14, 
  "start_x": 13617.422910917703
}