{
  "shown": [], 
  "end_x": 1362.0715589948313, 
  "num": 1240, 
  "zoom": 14, 
  "start_x": 1360.973999317962
}