{
  "shown": [], 
  "end_x": 13631.691186717002, 
  "num": 12419, 
  "zoom": 14, 
  "start_x": 13630.593627040133
}