{
  "shown": [
    {
      "max_elev": 464, 
      "uid": "9ec80df7-7c30-48a2-b573-042e3b8fa57f", 
      "area": 1.81, 
      "num_lifts": 2, 
      "source": "jsons/ski_area_elevations//europe-latest.json", 
      "min_elev": 418, 
      "cumarea": 13629.988089797747
    }
  ], 
  "end_x": 13630.593627040133, 
  "num": 12418, 
  "zoom": 14, 
  "start_x": 13629.496067363263
}