{
  "shown": [], 
  "end_x": 13641.569223808827, 
  "num": 12428, 
  "zoom": 14, 
  "start_x": 13640.471664131957
}