{
  "shown": [], 
  "end_x": 13642.666783485696, 
  "num": 12429, 
  "zoom": 14, 
  "start_x": 13641.569223808827
}