{
  "shown": [], 
  "end_x": 13647.057022193174, 
  "num": 12433, 
  "zoom": 14, 
  "start_x": 13645.959462516304
}