{
  "shown": [], 
  "end_x": 13662.422857669346, 
  "num": 12447, 
  "zoom": 14, 
  "start_x": 13661.325297992476
}