{
  "shown": [], 
  "end_x": 13670.105775407432, 
  "num": 12454, 
  "zoom": 14, 
  "start_x": 13669.008215730562
}