{
  "shown": [], 
  "end_x": 13677.788693145518, 
  "num": 12461, 
  "zoom": 14, 
  "start_x": 13676.691133468648
}