{
  "shown": [], 
  "end_x": 13700.837446359772, 
  "num": 12482, 
  "zoom": 14, 
  "start_x": 13699.739886682903
}