{
  "shown": [], 
  "end_x": 13706.32524474412, 
  "num": 12487, 
  "zoom": 14, 
  "start_x": 13705.22768506725
}