{
  "shown": [], 
  "end_x": 13709.617923774727, 
  "num": 12490, 
  "zoom": 14, 
  "start_x": 13708.520364097858
}