{
  "shown": [
    {
      "max_elev": 451, 
      "uid": "3573f991-6d26-4332-b7ad-25f628761ef8", 
      "area": 2.3600000000000003, 
      "num_lifts": 8, 
      "source": "jsons/ski_area_elevations//europe-latest.json", 
      "min_elev": 121, 
      "cumarea": 13737.323643460648
    }
  ], 
  "end_x": 13738.154475373329, 
  "num": 12516, 
  "zoom": 14, 
  "start_x": 13737.05691569646
}