{
  "shown": [], 
  "end_x": 13733.764236665851, 
  "num": 12512, 
  "zoom": 14, 
  "start_x": 13732.666676988982
}