{
  "shown": [], 
  "end_x": 13742.544714080806, 
  "num": 12520, 
  "zoom": 14, 
  "start_x": 13741.447154403937
}