{
  "shown": [
    {
      "max_elev": 2465, 
      "cumarea": 1375.898804674983, 
      "area": 28.37, 
      "num_lifts": 138, 
      "name": "Krasnaya Polyana", 
      "source": "jsons/ski_area_elevations//asia-latest.json", 
      "min_elev": 545, 
      "uid": "c88bdcb4-0ed8-44c9-9108-52ed20d0aa67"
    }
  ], 
  "end_x": 1376.3398347941322, 
  "num": 1253, 
  "zoom": 14, 
  "start_x": 1375.242275117263
}