{
  "shown": [], 
  "end_x": 13753.520310849497, 
  "num": 12530, 
  "zoom": 14, 
  "start_x": 13752.422751172628
}