{
  "shown": [], 
  "end_x": 1377.4373944710014, 
  "num": 1254, 
  "zoom": 14, 
  "start_x": 1376.3398347941322
}