{
  "shown": [
    {
      "max_elev": 447, 
      "uid": "a5579b8f-febd-4040-b03f-7b69be6bf3fc", 
      "area": 1.82, 
      "num_lifts": 1, 
      "source": "jsons/ski_area_elevations//north-america-latest.json", 
      "min_elev": 338, 
      "cumarea": 13779.847505625952
    }
  ], 
  "end_x": 13779.861743094363, 
  "num": 12554, 
  "zoom": 14, 
  "start_x": 13778.764183417494
}