{
  "shown": [], 
  "end_x": 13791.934899539923, 
  "num": 12565, 
  "zoom": 14, 
  "start_x": 13790.837339863054
}