{
  "shown": [], 
  "end_x": 13799.61781727801, 
  "num": 12572, 
  "zoom": 14, 
  "start_x": 13798.52025760114
}