{
  "shown": [], 
  "end_x": 1381.8276331784787, 
  "num": 1258, 
  "zoom": 14, 
  "start_x": 1380.7300735016095
}