{
  "shown": [], 
  "end_x": 13829.25192855348, 
  "num": 12599, 
  "zoom": 14, 
  "start_x": 13828.15436887661
}