{
  "shown": [], 
  "end_x": 13821.569010815394, 
  "num": 12592, 
  "zoom": 14, 
  "start_x": 13820.471451138526
}