{
  "shown": [], 
  "end_x": 13827.056809199741, 
  "num": 12597, 
  "zoom": 14, 
  "start_x": 13825.959249522872
}