{
  "shown": [], 
  "end_x": 13834.739726937827, 
  "num": 12604, 
  "zoom": 14, 
  "start_x": 13833.642167260958
}