{
  "shown": [], 
  "end_x": 13832.544607584088, 
  "num": 12602, 
  "zoom": 14, 
  "start_x": 13831.447047907219
}