{
  "shown": [], 
  "end_x": 13839.129965645305, 
  "num": 12608, 
  "zoom": 14, 
  "start_x": 13838.032405968435
}