{
  "shown": [], 
  "end_x": 13836.934846291566, 
  "num": 12606, 
  "zoom": 14, 
  "start_x": 13835.837286614696
}