{
  "shown": [], 
  "end_x": 13842.422644675913, 
  "num": 12611, 
  "zoom": 14, 
  "start_x": 13841.325084999044
}