{
  "shown": [], 
  "end_x": 13847.91044306026, 
  "num": 12616, 
  "zoom": 14, 
  "start_x": 13846.81288338339
}