{
  "shown": [], 
  "end_x": 13861.08115918269, 
  "num": 12628, 
  "zoom": 14, 
  "start_x": 13859.98359950582
}