{
  "shown": [], 
  "end_x": 13853.398241444607, 
  "num": 12621, 
  "zoom": 14, 
  "start_x": 13852.300681767738
}