{
  "shown": [], 
  "end_x": 13872.056755951384, 
  "num": 12638, 
  "zoom": 14, 
  "start_x": 13870.959196274514
}