{
  "shown": [], 
  "end_x": 13868.764076920776, 
  "num": 12635, 
  "zoom": 14, 
  "start_x": 13867.666517243906
}