{
  "shown": [], 
  "end_x": 13879.73967368947, 
  "num": 12645, 
  "zoom": 14, 
  "start_x": 13878.6421140126
}