{
  "shown": [], 
  "end_x": 13889.617710781295, 
  "num": 12654, 
  "zoom": 14, 
  "start_x": 13888.520151104425
}