{
  "shown": [], 
  "end_x": 13892.910389811903, 
  "num": 12657, 
  "zoom": 14, 
  "start_x": 13891.812830135033
}