{
  "shown": [], 
  "end_x": 1389.5105509165642, 
  "num": 1265, 
  "zoom": 14, 
  "start_x": 1388.4129912396947
}