{
  "shown": [], 
  "end_x": 13903.885986580597, 
  "num": 12667, 
  "zoom": 14, 
  "start_x": 13902.788426903728
}