{
  "shown": [], 
  "end_x": 13902.788426903728, 
  "num": 12666, 
  "zoom": 14, 
  "start_x": 13901.690867226858
}