{
  "shown": [], 
  "end_x": 13913.764023672418, 
  "num": 12676, 
  "zoom": 14, 
  "start_x": 13912.666463995549
}