{
  "shown": [], 
  "end_x": 13909.37378496494, 
  "num": 12672, 
  "zoom": 14, 
  "start_x": 13908.276225288073
}