{
  "shown": [], 
  "end_x": 13917.056702703027, 
  "num": 12679, 
  "zoom": 14, 
  "start_x": 13915.959143026157
}