{
  "shown": [], 
  "end_x": 13924.739620441112, 
  "num": 12686, 
  "zoom": 14, 
  "start_x": 13923.642060764243
}