{
  "shown": [], 
  "end_x": 1392.8032299471724, 
  "num": 1268, 
  "zoom": 14, 
  "start_x": 1391.705670270303
}