{
  "shown": [], 
  "end_x": 13933.520097856068, 
  "num": 12694, 
  "zoom": 14, 
  "start_x": 13932.422538179198
}