{
  "shown": [
    {
      "max_elev": 2451, 
      "cumarea": 1393.0660780250937, 
      "area": 20.59, 
      "num_lifts": 111, 
      "name": "La Clusaz", 
      "source": "jsons/ski_area_elevations//europe-latest.json", 
      "min_elev": 1021, 
      "uid": "d7d13a31-dd05-49c6-9907-cf41b2494168"
    }
  ], 
  "end_x": 1393.9007896240416, 
  "num": 1269, 
  "zoom": 14, 
  "start_x": 1392.8032299471724
}