{
  "shown": [], 
  "end_x": 13935.715217209807, 
  "num": 12696, 
  "zoom": 14, 
  "start_x": 13934.617657532937
}