{
  "shown": [], 
  "end_x": 140.48763863927346, 
  "num": 127, 
  "zoom": 14, 
  "start_x": 139.39007896240412
}