{
  "shown": [
    {
      "max_elev": 431, 
      "uid": "d3d99b2f-5ace-4a3d-adc8-4e10b6bd3cc5", 
      "area": 1.8900000000000001, 
      "num_lifts": 1, 
      "source": "jsons/ski_area_elevations//europe-latest.json", 
      "min_elev": 360, 
      "cumarea": 13952.850208147243
    }
  ], 
  "end_x": 13953.276172039717, 
  "num": 12712, 
  "zoom": 14, 
  "start_x": 13952.178612362848
}