{
  "shown": [], 
  "end_x": 13967.544447839016, 
  "num": 12725, 
  "zoom": 14, 
  "start_x": 13966.446888162147
}