{
  "shown": [], 
  "end_x": 13977.422484930841, 
  "num": 12734, 
  "zoom": 14, 
  "start_x": 13976.324925253972
}