{
  "shown": [], 
  "end_x": 13981.812723638319, 
  "num": 12738, 
  "zoom": 14, 
  "start_x": 13980.71516396145
}