{
  "shown": [], 
  "end_x": 13989.495641376405, 
  "num": 12745, 
  "zoom": 14, 
  "start_x": 13988.398081699535
}