{
  "shown": [], 
  "end_x": 14000.471238145095, 
  "num": 12755, 
  "zoom": 14, 
  "start_x": 13999.373678468226
}