{
  "shown": [], 
  "end_x": 14011.44683491379, 
  "num": 12765, 
  "zoom": 14, 
  "start_x": 14010.34927523692
}