{
  "shown": [], 
  "end_x": 1402.681267038996, 
  "num": 1277, 
  "zoom": 14, 
  "start_x": 1401.583707362127
}