{
  "shown": [], 
  "end_x": 14023.519991359353, 
  "num": 12776, 
  "zoom": 14, 
  "start_x": 14022.422431682484
}