{
  "shown": [], 
  "end_x": 14019.129752651876, 
  "num": 12772, 
  "zoom": 14, 
  "start_x": 14018.032192975006
}