{
  "shown": [], 
  "end_x": 14024.617551036223, 
  "num": 12777, 
  "zoom": 14, 
  "start_x": 14023.519991359353
}