{
  "shown": [], 
  "end_x": 1404.8763863927347, 
  "num": 1279, 
  "zoom": 14, 
  "start_x": 1403.7788267158653
}