{
  "shown": [
    {
      "max_elev": 422, 
      "uid": "6796e95c-a047-4983-9e71-e0dbb5839227", 
      "area": 1.82, 
      "num_lifts": 2, 
      "source": "jsons/ski_area_elevations//europe-latest.json", 
      "min_elev": 368, 
      "cumarea": 14046.324247892951
    }
  ], 
  "end_x": 14046.568744573608, 
  "num": 12797, 
  "zoom": 14, 
  "start_x": 14045.471184896738
}