{
  "shown": [], 
  "end_x": 141.5851983161428, 
  "num": 128, 
  "zoom": 14, 
  "start_x": 140.48763863927346
}