{
  "shown": [], 
  "end_x": 14055.349221988563, 
  "num": 12805, 
  "zoom": 14, 
  "start_x": 14054.251662311694
}