{
  "shown": [], 
  "end_x": 14061.93458004978, 
  "num": 12811, 
  "zoom": 14, 
  "start_x": 14060.83702037291
}