{
  "shown": [], 
  "end_x": 14060.83702037291, 
  "num": 12810, 
  "zoom": 14, 
  "start_x": 14059.73946069604
}