{
  "shown": [], 
  "end_x": 14064.129699403518, 
  "num": 12813, 
  "zoom": 14, 
  "start_x": 14063.032139726649
}