{
  "shown": [], 
  "end_x": 14069.617497787862, 
  "num": 12818, 
  "zoom": 14, 
  "start_x": 14068.519938110992
}