{
  "shown": [], 
  "end_x": 14075.105296172209, 
  "num": 12823, 
  "zoom": 14, 
  "start_x": 14074.00773649534
}