{
  "shown": [
    {
      "max_elev": 419, 
      "uid": "ffcf26e6-d14b-4eea-b150-7cc047e7e0fe", 
      "area": 1.9100000000000001, 
      "num_lifts": 2, 
      "source": "jsons/ski_area_elevations//asia-latest.json", 
      "min_elev": 68, 
      "cumarea": 14075.630660719335
    }
  ], 
  "end_x": 14076.202855849078, 
  "num": 12824, 
  "zoom": 14, 
  "start_x": 14075.105296172209
}