{
  "shown": [], 
  "end_x": 14072.91017681847, 
  "num": 12821, 
  "zoom": 14, 
  "start_x": 14071.8126171416
}