{
  "shown": [], 
  "end_x": 1408.1690654233425, 
  "num": 1282, 
  "zoom": 14, 
  "start_x": 1407.0715057464733
}