{
  "shown": [], 
  "end_x": 14092.66625100212, 
  "num": 12839, 
  "zoom": 14, 
  "start_x": 14091.56869132525
}