{
  "shown": [], 
  "end_x": 14086.080892940903, 
  "num": 12833, 
  "zoom": 14, 
  "start_x": 14084.983333264034
}