{
  "shown": [], 
  "end_x": 14093.76381067899, 
  "num": 12840, 
  "zoom": 14, 
  "start_x": 14092.66625100212
}