{
  "shown": [], 
  "end_x": 14098.154049386467, 
  "num": 12844, 
  "zoom": 14, 
  "start_x": 14097.056489709597
}