{
  "shown": [], 
  "end_x": 14105.83696712455, 
  "num": 12851, 
  "zoom": 14, 
  "start_x": 14104.73940744768
}