{
  "shown": [], 
  "end_x": 14109.129646155157, 
  "num": 12854, 
  "zoom": 14, 
  "start_x": 14108.032086478288
}