{
  "shown": [], 
  "end_x": 14106.934526801419, 
  "num": 12852, 
  "zoom": 14, 
  "start_x": 14105.83696712455
}