{
  "shown": [
    {
      "max_elev": 2442, 
      "uid": "f818a94e-e440-40c9-81ef-d27d884c4234", 
      "area": 1.97, 
      "num_lifts": 1, 
      "source": "jsons/ski_area_elevations//europe-latest.json", 
      "min_elev": 1445, 
      "cumarea": 1411.7017498314833
    }
  ], 
  "end_x": 1412.5593041308198, 
  "num": 1286, 
  "zoom": 14, 
  "start_x": 1411.4617444539506
}