{
  "shown": [], 
  "end_x": 14120.105242923852, 
  "num": 12864, 
  "zoom": 14, 
  "start_x": 14119.007683246982
}