{
  "shown": [], 
  "end_x": 14117.910123570113, 
  "num": 12862, 
  "zoom": 14, 
  "start_x": 14116.812563893243
}