{
  "shown": [], 
  "end_x": 14123.39792195446, 
  "num": 12867, 
  "zoom": 14, 
  "start_x": 14122.30036227759
}