{
  "shown": [], 
  "end_x": 14133.275959046285, 
  "num": 12876, 
  "zoom": 14, 
  "start_x": 14132.178399369415
}