{
  "shown": [], 
  "end_x": 14146.446675168714, 
  "num": 12888, 
  "zoom": 14, 
  "start_x": 14145.349115491845
}