{
  "shown": [], 
  "end_x": 14143.153996138106, 
  "num": 12885, 
  "zoom": 14, 
  "start_x": 14142.056436461236
}