{
  "shown": [
    {
      "max_elev": 409, 
      "uid": "b9874481-0e3e-4da2-8805-817a85e86c39", 
      "area": 2.39, 
      "num_lifts": 9, 
      "source": "jsons/ski_area_elevations//europe-latest.json", 
      "min_elev": 177, 
      "cumarea": 14150.43063537597
    }
  ], 
  "end_x": 14150.836913876192, 
  "num": 12892, 
  "zoom": 14, 
  "start_x": 14149.739354199322
}