{
  "shown": [], 
  "end_x": 1415.8519831614278, 
  "num": 1289, 
  "zoom": 14, 
  "start_x": 1414.7544234845586
}