{
  "shown": [], 
  "end_x": 14153.03203322993, 
  "num": 12894, 
  "zoom": 14, 
  "start_x": 14151.934473553061
}