{
  "shown": [], 
  "end_x": 14165.105189675494, 
  "num": 12905, 
  "zoom": 14, 
  "start_x": 14164.007629998625
}