{
  "shown": [], 
  "end_x": 1418.0471025151664, 
  "num": 1291, 
  "zoom": 14, 
  "start_x": 1416.949542838297
}