{
  "shown": [
    {
      "max_elev": 408, 
      "uid": "225a1052-97c8-433a-8e53-22a07eb173f6", 
      "area": 1.92, 
      "num_lifts": 1, 
      "source": "jsons/ski_area_elevations//asia-latest.json", 
      "min_elev": 382, 
      "cumarea": 14176.954898791515
    }
  ], 
  "end_x": 14177.178346121058, 
  "num": 12916, 
  "zoom": 14, 
  "start_x": 14176.080786444189
}