{
  "shown": [], 
  "end_x": 14181.568584828536, 
  "num": 12920, 
  "zoom": 14, 
  "start_x": 14180.471025151666
}