{
  "shown": [], 
  "end_x": 14189.25150256662, 
  "num": 12927, 
  "zoom": 14, 
  "start_x": 14188.153942889752
}