{
  "shown": [], 
  "end_x": 14202.422218689051, 
  "num": 12939, 
  "zoom": 14, 
  "start_x": 14201.324659012182
}