{
  "shown": [], 
  "end_x": 14200.227099335312, 
  "num": 12937, 
  "zoom": 14, 
  "start_x": 14199.129539658443
}