{
  "shown": [
    {
      "max_elev": 405, 
      "uid": "e157a4de-ce2b-4cc3-9f92-fb253103abb6", 
      "area": 1.81, 
      "num_lifts": 1, 
      "source": "jsons/ski_area_elevations//europe-latest.json", 
      "min_elev": 343, 
      "cumarea": 14198.07734544042
    }
  ], 
  "end_x": 14199.129539658443, 
  "num": 12936, 
  "zoom": 14, 
  "start_x": 14198.031979981573
}