{
  "shown": [], 
  "end_x": 1421.3397815457747, 
  "num": 1294, 
  "zoom": 14, 
  "start_x": 1420.2422218689053
}