{
  "shown": [
    {
      "max_elev": 404, 
      "uid": "c665d22d-12aa-4a06-b820-b18eb720b4da", 
      "area": 1.81, 
      "num_lifts": 1, 
      "source": "jsons/ski_area_elevations//europe-latest.json", 
      "min_elev": 362, 
      "cumarea": 14214.407906109036
    }
  ], 
  "end_x": 14214.495375134615, 
  "num": 12950, 
  "zoom": 14, 
  "start_x": 14213.397815457745
}