{
  "shown": [], 
  "end_x": 14222.1782928727, 
  "num": 12957, 
  "zoom": 14, 
  "start_x": 14221.080733195831
}