{
  "shown": [], 
  "end_x": 14227.666091257048, 
  "num": 12962, 
  "zoom": 14, 
  "start_x": 14226.568531580178
}