{
  "shown": [], 
  "end_x": 14240.83680737948, 
  "num": 12974, 
  "zoom": 14, 
  "start_x": 14239.739247702611
}