{
  "shown": [], 
  "end_x": 14256.20264285565, 
  "num": 12988, 
  "zoom": 14, 
  "start_x": 14255.10508317878
}