{
  "shown": [], 
  "end_x": 14261.690441239996, 
  "num": 12993, 
  "zoom": 14, 
  "start_x": 14260.592881563127
}