{
  "shown": [], 
  "end_x": 14263.885560593735, 
  "num": 12995, 
  "zoom": 14, 
  "start_x": 14262.788000916866
}