{
  "shown": [], 
  "end_x": 14264.983120270605, 
  "num": 12996, 
  "zoom": 14, 
  "start_x": 14263.885560593735
}