{
  "shown": [], 
  "end_x": 1427.9251396069908, 
  "num": 1300, 
  "zoom": 14, 
  "start_x": 1426.8275799301214
}