{
  "shown": [
    {
      "max_elev": 396, 
      "uid": "79cdc5ef-a417-4b73-932a-ec18bf4d0b26", 
      "area": 1.87, 
      "num_lifts": 9, 
      "source": "jsons/ski_area_elevations//europe-latest.json", 
      "min_elev": 318, 
      "cumarea": 14273.074623815375
    }
  ], 
  "end_x": 14273.76359768556, 
  "num": 13004, 
  "zoom": 14, 
  "start_x": 14272.66603800869
}