{
  "shown": [], 
  "end_x": 14271.568478331821, 
  "num": 13002, 
  "zoom": 14, 
  "start_x": 14270.470918654952
}