{
  "shown": [], 
  "end_x": 14288.031873484859, 
  "num": 13017, 
  "zoom": 14, 
  "start_x": 14286.93431380799
}