{
  "shown": [], 
  "end_x": 1430.1202589607292, 
  "num": 1302, 
  "zoom": 14, 
  "start_x": 1429.02269928386
}