{
  "shown": [
    {
      "max_elev": 393, 
      "uid": "dbdb4f3c-be5d-47fa-8e68-ef5661484c71", 
      "area": 1.82, 
      "num_lifts": 1, 
      "source": "jsons/ski_area_elevations//europe-latest.json", 
      "min_elev": 365, 
      "cumarea": 14299.587401379073
    }
  ], 
  "end_x": 14300.105029930422, 
  "num": 13028, 
  "zoom": 14, 
  "start_x": 14299.007470253553
}