{
  "shown": [], 
  "end_x": 14299.007470253553, 
  "num": 13027, 
  "zoom": 14, 
  "start_x": 14297.909910576684
}