{
  "shown": [], 
  "end_x": 14291.324552515467, 
  "num": 13020, 
  "zoom": 14, 
  "start_x": 14290.226992838598
}