{
  "shown": [], 
  "end_x": 14308.885507345378, 
  "num": 13036, 
  "zoom": 14, 
  "start_x": 14307.787947668508
}