{
  "shown": [], 
  "end_x": 14323.153783144677, 
  "num": 13049, 
  "zoom": 14, 
  "start_x": 14322.056223467807
}