{
  "shown": [], 
  "end_x": 14333.031820236502, 
  "num": 13058, 
  "zoom": 14, 
  "start_x": 14331.934260559632
}