{
  "shown": [], 
  "end_x": 14328.641581529024, 
  "num": 13054, 
  "zoom": 14, 
  "start_x": 14327.544021852154
}