{
  "shown": [], 
  "end_x": 14351.690334743278, 
  "num": 13075, 
  "zoom": 14, 
  "start_x": 14350.592775066409
}