{
  "shown": [], 
  "end_x": 14349.49521538954, 
  "num": 13073, 
  "zoom": 14, 
  "start_x": 14348.39765571267
}