{
  "shown": [
    {
      "max_elev": 386, 
      "uid": "d3f8ad83-149f-4fba-8ef0-a502416df495", 
      "area": 1.84, 
      "num_lifts": 1, 
      "source": "jsons/ski_area_elevations//asia-latest.json", 
      "min_elev": 303, 
      "cumarea": 14355.197960962125
    }
  ], 
  "end_x": 14356.080573450756, 
  "num": 13079, 
  "zoom": 14, 
  "start_x": 14354.983013773886
}