{
  "shown": [
    {
      "max_elev": 386, 
      "uid": "fed9aa24-ca0c-48ec-b46e-8181dc859ea5", 
      "area": 1.9300000000000002, 
      "num_lifts": 3, 
      "source": "jsons/ski_area_elevations//europe-latest.json", 
      "min_elev": 277, 
      "cumarea": 14347.396032044138
    }
  ], 
  "end_x": 14348.39765571267, 
  "num": 13072, 
  "zoom": 14, 
  "start_x": 14347.300096035802
}