{
  "shown": [], 
  "end_x": 14353.885454097017, 
  "num": 13077, 
  "zoom": 14, 
  "start_x": 14352.787894420147
}