{
  "shown": [], 
  "end_x": 1436.7056170219453, 
  "num": 1308, 
  "zoom": 14, 
  "start_x": 1435.6080573450758
}