{
  "shown": [], 
  "end_x": 14357.178133127625, 
  "num": 13080, 
  "zoom": 14, 
  "start_x": 14356.080573450756
}