{
  "shown": [], 
  "end_x": 14367.05617021945, 
  "num": 13089, 
  "zoom": 14, 
  "start_x": 14365.95861054258
}