{
  "shown": [], 
  "end_x": 14359.373252481364, 
  "num": 13082, 
  "zoom": 14, 
  "start_x": 14358.275692804495
}