{
  "shown": [], 
  "end_x": 14372.543968603797, 
  "num": 13094, 
  "zoom": 14, 
  "start_x": 14371.446408926928
}