{
  "shown": [], 
  "end_x": 14375.836647634405, 
  "num": 13097, 
  "zoom": 14, 
  "start_x": 14374.739087957536
}