{
  "shown": [], 
  "end_x": 1437.8031766988145, 
  "num": 1309, 
  "zoom": 14, 
  "start_x": 1436.7056170219453
}