{
  "shown": [], 
  "end_x": 14368.15372989632, 
  "num": 13090, 
  "zoom": 14, 
  "start_x": 14367.05617021945
}