{
  "shown": [], 
  "end_x": 14370.348849250058, 
  "num": 13092, 
  "zoom": 14, 
  "start_x": 14369.251289573189
}