{
  "shown": [], 
  "end_x": 14374.739087957536, 
  "num": 13096, 
  "zoom": 14, 
  "start_x": 14373.641528280667
}