{
  "shown": [], 
  "end_x": 14384.617125049357, 
  "num": 13105, 
  "zoom": 14, 
  "start_x": 14383.519565372488
}