{
  "shown": [], 
  "end_x": 14383.519565372488, 
  "num": 13104, 
  "zoom": 14, 
  "start_x": 14382.42200569562
}