{
  "shown": [
    {
      "max_elev": 380, 
      "uid": "21dc6eda-fd06-43b0-a6f3-e36954f485e3", 
      "area": 2.56, 
      "num_lifts": 19, 
      "source": "jsons/ski_area_elevations//europe-latest.json", 
      "min_elev": 255, 
      "cumarea": 14385.0716397518
    }
  ], 
  "end_x": 14385.714684726227, 
  "num": 13106, 
  "zoom": 14, 
  "start_x": 14384.617125049357
}