{
  "shown": [], 
  "end_x": 1438.9007363756837, 
  "num": 1310, 
  "zoom": 14, 
  "start_x": 1437.8031766988145
}