{
  "shown": [], 
  "end_x": 14394.495162141182, 
  "num": 13114, 
  "zoom": 14, 
  "start_x": 14393.397602464313
}