{
  "shown": [], 
  "end_x": 14410.958557294223, 
  "num": 13129, 
  "zoom": 14, 
  "start_x": 14409.860997617354
}