{
  "shown": [], 
  "end_x": 14403.275639556137, 
  "num": 13122, 
  "zoom": 14, 
  "start_x": 14402.178079879268
}