{
  "shown": [], 
  "end_x": 14402.178079879268, 
  "num": 13121, 
  "zoom": 14, 
  "start_x": 14401.080520202398
}