{
  "shown": [], 
  "end_x": 14419.739034709175, 
  "num": 13137, 
  "zoom": 14, 
  "start_x": 14418.641475032306
}