{
  "shown": [], 
  "end_x": 14429.617071801, 
  "num": 13146, 
  "zoom": 14, 
  "start_x": 14428.51951212413
}