{
  "shown": [
    {
      "max_elev": 376, 
      "uid": "7302aaf1-79c3-46e1-b137-87a73a4934e9", 
      "area": 1.83, 
      "num_lifts": 3, 
      "source": "jsons/ski_area_elevations//europe-latest.json", 
      "min_elev": 295, 
      "cumarea": 14427.688200053173
    }
  ], 
  "end_x": 14428.51951212413, 
  "num": 13145, 
  "zoom": 14, 
  "start_x": 14427.421952447261
}