{
  "shown": [], 
  "end_x": 1444.3885347600303, 
  "num": 1315, 
  "zoom": 14, 
  "start_x": 1443.290975083161
}