{
  "shown": [], 
  "end_x": 14435.104870185347, 
  "num": 13151, 
  "zoom": 14, 
  "start_x": 14434.007310508478
}