{
  "shown": [], 
  "end_x": 14439.495108892825, 
  "num": 13155, 
  "zoom": 14, 
  "start_x": 14438.397549215955
}