{
  "shown": [], 
  "end_x": 14452.665825015258, 
  "num": 13167, 
  "zoom": 14, 
  "start_x": 14451.568265338388
}