{
  "shown": [], 
  "end_x": 14444.982907277172, 
  "num": 13160, 
  "zoom": 14, 
  "start_x": 14443.885347600302
}