{
  "shown": [], 
  "end_x": 14447.17802663091, 
  "num": 13162, 
  "zoom": 14, 
  "start_x": 14446.080466954041
}