{
  "shown": [], 
  "end_x": 1446.583654113769, 
  "num": 1317, 
  "zoom": 14, 
  "start_x": 1445.4860944368997
}