{
  "shown": [], 
  "end_x": 1448.7787734675076, 
  "num": 1319, 
  "zoom": 14, 
  "start_x": 1447.6812137906381
}