{
  "shown": [], 
  "end_x": 14486.690174998206, 
  "num": 13198, 
  "zoom": 14, 
  "start_x": 14485.592615321337
}