{
  "shown": [
    {
      "max_elev": 370, 
      "uid": "bd1dff85-2b4f-4bcb-b725-790b99a5f1e9", 
      "area": 1.85, 
      "num_lifts": 2, 
      "source": "jsons/ski_area_elevations//europe-latest.json", 
      "min_elev": 321, 
      "cumarea": 14479.988619565238
    }
  ], 
  "end_x": 14480.10481693699, 
  "num": 13192, 
  "zoom": 14, 
  "start_x": 14479.00725726012
}