{
  "shown": [], 
  "end_x": 14484.495055644467, 
  "num": 13196, 
  "zoom": 14, 
  "start_x": 14483.397495967598
}