{
  "shown": [], 
  "end_x": 14487.787734675076, 
  "num": 13199, 
  "zoom": 14, 
  "start_x": 14486.690174998206
}