{
  "shown": [], 
  "end_x": 14489.982854028814, 
  "num": 13201, 
  "zoom": 14, 
  "start_x": 14488.885294351945
}