{
  "shown": [], 
  "end_x": 14498.76333144377, 
  "num": 13209, 
  "zoom": 14, 
  "start_x": 14497.6657717669
}