{
  "shown": [], 
  "end_x": 14492.177973382553, 
  "num": 13203, 
  "zoom": 14, 
  "start_x": 14491.080413705684
}