{
  "shown": [], 
  "end_x": 14495.470652413162, 
  "num": 13206, 
  "zoom": 14, 
  "start_x": 14494.373092736292
}