{
  "shown": [], 
  "end_x": 14500.958450797509, 
  "num": 13211, 
  "zoom": 14, 
  "start_x": 14499.86089112064
}