{
  "shown": [], 
  "end_x": 1450.9738928212462, 
  "num": 1321, 
  "zoom": 14, 
  "start_x": 1449.876333144377
}