{
  "shown": [], 
  "end_x": 14504.251129828117, 
  "num": 13214, 
  "zoom": 14, 
  "start_x": 14503.153570151248
}