{
  "shown": [], 
  "end_x": 14519.616965304289, 
  "num": 13228, 
  "zoom": 14, 
  "start_x": 14518.51940562742
}