{
  "shown": [
    {
      "max_elev": 364, 
      "uid": "1936f059-1b66-45f3-93c5-5705e45c46c1", 
      "area": 2.67, 
      "num_lifts": 15, 
      "source": "jsons/ski_area_elevations//north-america-latest.json", 
      "min_elev": 159, 
      "cumarea": 14531.469976073688
    }
  ], 
  "end_x": 14531.690121749849, 
  "num": 13239, 
  "zoom": 14, 
  "start_x": 14530.59256207298
}