{
  "shown": [
    {
      "max_elev": 364, 
      "uid": "997937cb-11b8-48e8-b394-f93402f76e97", 
      "area": 1.81, 
      "num_lifts": 1, 
      "source": "jsons/ski_area_elevations//europe-latest.json", 
      "min_elev": 310, 
      "cumarea": 14525.894570755998
    }
  ], 
  "end_x": 14526.202323365502, 
  "num": 13234, 
  "zoom": 14, 
  "start_x": 14525.104763688632
}