{
  "shown": [], 
  "end_x": 14521.812084658028, 
  "num": 13230, 
  "zoom": 14, 
  "start_x": 14520.714524981158
}