{
  "shown": [], 
  "end_x": 14539.373039487935, 
  "num": 13246, 
  "zoom": 14, 
  "start_x": 14538.275479811065
}