{
  "shown": [], 
  "end_x": 14532.787681426718, 
  "num": 13240, 
  "zoom": 14, 
  "start_x": 14531.690121749849
}