{
  "shown": [], 
  "end_x": 14541.568158841674, 
  "num": 13248, 
  "zoom": 14, 
  "start_x": 14540.470599164804
}