{
  "shown": [], 
  "end_x": 14547.05595722602, 
  "num": 13253, 
  "zoom": 14, 
  "start_x": 14545.958397549151
}