{
  "shown": [], 
  "end_x": 14545.958397549151, 
  "num": 13252, 
  "zoom": 14, 
  "start_x": 14544.860837872282
}