{
  "shown": [], 
  "end_x": 1456.461691205593, 
  "num": 1326, 
  "zoom": 14, 
  "start_x": 1455.3641315287236
}