{
  "shown": [], 
  "end_x": 14559.12911367158, 
  "num": 13264, 
  "zoom": 14, 
  "start_x": 14558.031553994713
}