{
  "shown": [], 
  "end_x": 14570.104710440275, 
  "num": 13274, 
  "zoom": 14, 
  "start_x": 14569.007150763406
}