{
  "shown": [], 
  "end_x": 14586.568105593316, 
  "num": 13289, 
  "zoom": 14, 
  "start_x": 14585.470545916447
}