{
  "shown": [], 
  "end_x": 14583.275426562708, 
  "num": 13286, 
  "zoom": 14, 
  "start_x": 14582.177866885839
}