{
  "shown": [], 
  "end_x": 14597.543702362007, 
  "num": 13299, 
  "zoom": 14, 
  "start_x": 14596.446142685138
}