{
  "shown": [], 
  "end_x": 14588.763224947055, 
  "num": 13291, 
  "zoom": 14, 
  "start_x": 14587.665665270186
}