{
  "shown": [], 
  "end_x": 147.07299670048943, 
  "num": 133, 
  "zoom": 14, 
  "start_x": 145.9754370236201
}