{
  "shown": [
    {
      "max_elev": 356, 
      "uid": "8870928c-f5e4-44f7-9788-e6b4cac4fd82", 
      "area": 1.8900000000000001, 
      "num_lifts": 4, 
      "source": "jsons/ski_area_elevations//europe-latest.json", 
      "min_elev": 256, 
      "cumarea": 14600.679452146784
    }
  ], 
  "end_x": 14600.836381392615, 
  "num": 13302, 
  "zoom": 14, 
  "start_x": 14599.738821715746
}