{
  "shown": [], 
  "end_x": 14603.031500746354, 
  "num": 13304, 
  "zoom": 14, 
  "start_x": 14601.933941069485
}