{
  "shown": [], 
  "end_x": 14616.202216868787, 
  "num": 13316, 
  "zoom": 14, 
  "start_x": 14615.104657191918
}