{
  "shown": [], 
  "end_x": 14622.787574930004, 
  "num": 13322, 
  "zoom": 14, 
  "start_x": 14621.690015253134
}