{
  "shown": [], 
  "end_x": 14620.592455576265, 
  "num": 13320, 
  "zoom": 14, 
  "start_x": 14619.494895899395
}