{
  "shown": [], 
  "end_x": 14623.885134606873, 
  "num": 13323, 
  "zoom": 14, 
  "start_x": 14622.787574930004
}