{
  "shown": [], 
  "end_x": 14641.44608943678, 
  "num": 13339, 
  "zoom": 14, 
  "start_x": 14640.34852975991
}