{
  "shown": [
    {
      "max_elev": 351, 
      "uid": "27b18fab-751a-4412-8d40-8c3a5c76cf03", 
      "area": 1.99, 
      "num_lifts": 6, 
      "source": "jsons/ski_area_elevations//north-america-latest.json", 
      "min_elev": 219, 
      "cumarea": 14650.905145104956
    }
  ], 
  "end_x": 14651.324126528605, 
  "num": 13348, 
  "zoom": 14, 
  "start_x": 14650.226566851736
}