{
  "shown": [], 
  "end_x": 14646.933887821127, 
  "num": 13344, 
  "zoom": 14, 
  "start_x": 14645.836328144258
}