{
  "shown": [], 
  "end_x": 14663.397282974167, 
  "num": 13359, 
  "zoom": 14, 
  "start_x": 14662.2997232973
}