{
  "shown": [], 
  "end_x": 1466.339728297417, 
  "num": 1335, 
  "zoom": 14, 
  "start_x": 1465.2421686205475
}