{
  "shown": [], 
  "end_x": 14661.20216362043, 
  "num": 13357, 
  "zoom": 14, 
  "start_x": 14660.10460394356
}