{
  "shown": [], 
  "end_x": 14674.37287974286, 
  "num": 13369, 
  "zoom": 14, 
  "start_x": 14673.27532006599
}