{
  "shown": [], 
  "end_x": 14672.17776038912, 
  "num": 13367, 
  "zoom": 14, 
  "start_x": 14671.080200712251
}