{
  "shown": [
    {
      "max_elev": 349, 
      "uid": "ac835023-8a79-4275-b9de-be0af3915f1c", 
      "area": 1.82, 
      "num_lifts": 1, 
      "source": "jsons/ski_area_elevations//europe-latest.json", 
      "min_elev": 219, 
      "cumarea": 14678.104940339039
    }
  ], 
  "end_x": 14678.763118450337, 
  "num": 13373, 
  "zoom": 14, 
  "start_x": 14677.665558773468
}