{
  "shown": [], 
  "end_x": 14677.665558773468, 
  "num": 13372, 
  "zoom": 14, 
  "start_x": 14676.567999096598
}