{
  "shown": [], 
  "end_x": 14693.03139424964, 
  "num": 13386, 
  "zoom": 14, 
  "start_x": 14691.93383457277
}