{
  "shown": [
    {
      "max_elev": 348, 
      "uid": "9566a876-2a94-4ab7-90f6-951f3df25974", 
      "area": 2.14, 
      "num_lifts": 6, 
      "source": "jsons/ski_area_elevations//europe-latest.json", 
      "min_elev": 83, 
      "cumarea": 14691.545888053848
    }
  ], 
  "end_x": 14691.93383457277, 
  "num": 13385, 
  "zoom": 14, 
  "start_x": 14690.8362748959
}