{
  "shown": [], 
  "end_x": 14706.202110372069, 
  "num": 13398, 
  "zoom": 14, 
  "start_x": 14705.1045506952
}