{
  "shown": [], 
  "end_x": 14701.811871664591, 
  "num": 13394, 
  "zoom": 14, 
  "start_x": 14700.714311987722
}