{
  "shown": [
    {
      "max_elev": 3572, 
      "uid": "93f17adf-6077-4b1a-a18f-f1783f1933d8", 
      "area": 1.82, 
      "num_lifts": 1, 
      "source": "jsons/ski_area_elevations//north-america-latest.json", 
      "min_elev": 3441, 
      "cumarea": 147.2579123352214
    }
  ], 
  "end_x": 148.17055637735876, 
  "num": 134, 
  "zoom": 14, 
  "start_x": 147.07299670048943
}