{
  "shown": [], 
  "end_x": 14714.982587787024, 
  "num": 13406, 
  "zoom": 14, 
  "start_x": 14713.885028110155
}