{
  "shown": [], 
  "end_x": 14720.470386171372, 
  "num": 13411, 
  "zoom": 14, 
  "start_x": 14719.372826494502
}