{
  "shown": [], 
  "end_x": 14740.226460355021, 
  "num": 13429, 
  "zoom": 14, 
  "start_x": 14739.128900678152
}