{
  "shown": [], 
  "end_x": 14734.738661970674, 
  "num": 13424, 
  "zoom": 14, 
  "start_x": 14733.641102293805
}