{
  "shown": [], 
  "end_x": 14746.811818416238, 
  "num": 13435, 
  "zoom": 14, 
  "start_x": 14745.714258739368
}