{
  "shown": [], 
  "end_x": 14747.909378093107, 
  "num": 13436, 
  "zoom": 14, 
  "start_x": 14746.811818416238
}