{
  "shown": [
    {
      "max_elev": 345, 
      "uid": "f8e68a25-e3ef-4c91-aafb-a11a558f49ef", 
      "area": 1.83, 
      "num_lifts": 0, 
      "source": "jsons/ski_area_elevations//north-america-latest.json", 
      "min_elev": 345, 
      "cumarea": 14740.33156504441
    }
  ], 
  "end_x": 14741.32402003189, 
  "num": 13430, 
  "zoom": 14, 
  "start_x": 14740.226460355021
}