{
  "shown": [], 
  "end_x": 14752.299616800581, 
  "num": 13440, 
  "zoom": 14, 
  "start_x": 14751.202057123714
}