{
  "shown": [], 
  "end_x": 14754.49473615432, 
  "num": 13442, 
  "zoom": 14, 
  "start_x": 14753.39717647745
}