{
  "shown": [], 
  "end_x": 1476.2177653892409, 
  "num": 1344, 
  "zoom": 14, 
  "start_x": 1475.1202057123714
}