{
  "shown": [], 
  "end_x": 14759.982534538667, 
  "num": 13447, 
  "zoom": 14, 
  "start_x": 14758.884974861798
}