{
  "shown": [], 
  "end_x": 14768.763011953622, 
  "num": 13455, 
  "zoom": 14, 
  "start_x": 14767.665452276753
}