{
  "shown": [], 
  "end_x": 14778.641049045447, 
  "num": 13464, 
  "zoom": 14, 
  "start_x": 14777.543489368578
}