{
  "shown": [
    {
      "max_elev": 341, 
      "uid": "9492758f-6baf-454a-82ce-5bb40c732b7c", 
      "area": 2.34, 
      "num_lifts": 8, 
      "source": "jsons/ski_area_elevations//north-america-latest.json", 
      "min_elev": 241, 
      "cumarea": 14774.732359466705
    }
  ], 
  "end_x": 14775.348370014839, 
  "num": 13461, 
  "zoom": 14, 
  "start_x": 14774.25081033797
}