{
  "shown": [], 
  "end_x": 14774.25081033797, 
  "num": 13460, 
  "zoom": 14, 
  "start_x": 14773.1532506611
}