{
  "shown": [], 
  "end_x": 14786.323966783533, 
  "num": 13471, 
  "zoom": 14, 
  "start_x": 14785.226407106664
}