{
  "shown": [], 
  "end_x": 14806.08004096718, 
  "num": 13489, 
  "zoom": 14, 
  "start_x": 14804.98248129031
}