{
  "shown": [], 
  "end_x": 14804.98248129031, 
  "num": 13488, 
  "zoom": 14, 
  "start_x": 14803.884921613442
}