{
  "shown": [
    {
      "max_elev": 336, 
      "uid": "8a6dc983-dc1a-4c77-9ae1-e96a3174e1dc", 
      "area": 1.83, 
      "num_lifts": 1, 
      "source": "jsons/ski_area_elevations//europe-latest.json", 
      "min_elev": 96, 
      "cumarea": 14806.42909326361
    }
  ], 
  "end_x": 14807.177600644049, 
  "num": 13490, 
  "zoom": 14, 
  "start_x": 14806.08004096718
}