{
  "shown": [], 
  "end_x": 14832.421473212045, 
  "num": 13513, 
  "zoom": 14, 
  "start_x": 14831.323913535176
}