{
  "shown": [], 
  "end_x": 14849.982428041953, 
  "num": 13529, 
  "zoom": 14, 
  "start_x": 14848.884868365083
}