{
  "shown": [], 
  "end_x": 14844.494629657605, 
  "num": 13524, 
  "zoom": 14, 
  "start_x": 14843.397069980736
}