{
  "shown": [], 
  "end_x": 14842.299510303867, 
  "num": 13522, 
  "zoom": 14, 
  "start_x": 14841.201950626997
}