{
  "shown": [], 
  "end_x": 14840.104390950128, 
  "num": 13520, 
  "zoom": 14, 
  "start_x": 14839.00683127326
}