{
  "shown": [], 
  "end_x": 1484.9982428041953, 
  "num": 1352, 
  "zoom": 14, 
  "start_x": 1483.900683127326
}