{
  "shown": [], 
  "end_x": 14851.079987718822, 
  "num": 13530, 
  "zoom": 14, 
  "start_x": 14849.982428041953
}