{
  "shown": [], 
  "end_x": 14862.055584487516, 
  "num": 13540, 
  "zoom": 14, 
  "start_x": 14860.958024810647
}