{
  "shown": [
    {
      "max_elev": 329, 
      "uid": "57b056b4-1ed2-4718-9f60-7cea2fef79e3", 
      "area": 1.82, 
      "num_lifts": 0, 
      "source": "jsons/ski_area_elevations//europe-latest.json", 
      "min_elev": 329, 
      "cumarea": 14862.253934934402
    }
  ], 
  "end_x": 14863.153144164386, 
  "num": 13541, 
  "zoom": 14, 
  "start_x": 14862.055584487516
}