{
  "shown": [], 
  "end_x": 14875.226300609946, 
  "num": 13552, 
  "zoom": 14, 
  "start_x": 14874.128740933078
}