{
  "shown": [
    {
      "max_elev": 327, 
      "uid": "51f1fbcb-65b2-4d5f-822c-5bf986d7f3d8", 
      "area": 2.02, 
      "num_lifts": 4, 
      "source": "jsons/ski_area_elevations//north-america-latest.json", 
      "min_elev": 67, 
      "cumarea": 14872.850593103805
    }
  ], 
  "end_x": 14873.03118125621, 
  "num": 13550, 
  "zoom": 14, 
  "start_x": 14871.933621579341
}