{
  "shown": [
    {
      "max_elev": 325, 
      "uid": "9f1b4d3d-591c-4bb8-b270-567a7eca85df", 
      "area": 1.99, 
      "num_lifts": 3, 
      "source": "jsons/ski_area_elevations//north-america-latest.json", 
      "min_elev": 196, 
      "cumarea": 14888.772014988233
    }
  ], 
  "end_x": 14889.494576409248, 
  "num": 13565, 
  "zoom": 14, 
  "start_x": 14888.397016732379
}