{
  "shown": [], 
  "end_x": 14898.275053824203, 
  "num": 13573, 
  "zoom": 14, 
  "start_x": 14897.177494147334
}