{
  "shown": [
    {
      "max_elev": 322, 
      "uid": "acee6013-35c5-46a1-aa3c-a0a367ef7d1f", 
      "area": 1.87, 
      "num_lifts": 0, 
      "source": "jsons/ski_area_elevations//europe-latest.json", 
      "min_elev": 322, 
      "cumarea": 14912.671183789846
    }
  ], 
  "end_x": 14913.640889300372, 
  "num": 13587, 
  "zoom": 14, 
  "start_x": 14912.543329623502
}