{
  "shown": [], 
  "end_x": 14924.616486069066, 
  "num": 13597, 
  "zoom": 14, 
  "start_x": 14923.518926392197
}