{
  "shown": [
    {
      "max_elev": 321, 
      "uid": "09a1445d-2790-4167-a23c-bc78cf5e560f", 
      "area": 1.81, 
      "num_lifts": 1, 
      "source": "jsons/ski_area_elevations//europe-latest.json", 
      "min_elev": 291, 
      "cumarea": 14920.489461845833
    }
  ], 
  "end_x": 14921.323807038458, 
  "num": 13594, 
  "zoom": 14, 
  "start_x": 14920.226247361588
}