{
  "shown": [], 
  "end_x": 14922.421366715327, 
  "num": 13595, 
  "zoom": 14, 
  "start_x": 14921.323807038458
}