{
  "shown": [], 
  "end_x": 14933.396963484021, 
  "num": 13605, 
  "zoom": 14, 
  "start_x": 14932.299403807152
}