{
  "shown": [], 
  "end_x": 14935.59208283776, 
  "num": 13607, 
  "zoom": 14, 
  "start_x": 14934.49452316089
}