{
  "shown": [], 
  "end_x": 14948.76279896019, 
  "num": 13619, 
  "zoom": 14, 
  "start_x": 14947.66523928332
}