{
  "shown": [], 
  "end_x": 14954.250597344537, 
  "num": 13624, 
  "zoom": 14, 
  "start_x": 14953.153037667667
}