{
  "shown": [
    {
      "max_elev": 317, 
      "uid": "06e740d7-2df8-4d4a-b7e6-1aad182062b4", 
      "area": 1.8900000000000001, 
      "num_lifts": 3, 
      "source": "jsons/ski_area_elevations//north-america-latest.json", 
      "min_elev": 209, 
      "cumarea": 14952.268504011789
    }
  ], 
  "end_x": 14953.153037667667, 
  "num": 13623, 
  "zoom": 14, 
  "start_x": 14952.055477990798
}