{
  "shown": [], 
  "end_x": 14965.226194113231, 
  "num": 13634, 
  "zoom": 14, 
  "start_x": 14964.128634436362
}