{
  "shown": [], 
  "end_x": 14967.42131346697, 
  "num": 13636, 
  "zoom": 14, 
  "start_x": 14966.3237537901
}