{
  "shown": [], 
  "end_x": 14978.396910235664, 
  "num": 13646, 
  "zoom": 14, 
  "start_x": 14977.299350558795
}