{
  "shown": [], 
  "end_x": 15021.201737633568, 
  "num": 13685, 
  "zoom": 14, 
  "start_x": 15020.104177956699
}