{
  "shown": [], 
  "end_x": 15019.00661827983, 
  "num": 13683, 
  "zoom": 14, 
  "start_x": 15017.90905860296
}