{
  "shown": [], 
  "end_x": 15032.17733440226, 
  "num": 13695, 
  "zoom": 14, 
  "start_x": 15031.079774725393
}