{
  "shown": [
    {
      "max_elev": 307, 
      "uid": "15b8fd76-5f2a-40f3-889b-a8be5604b320", 
      "area": 1.81, 
      "num_lifts": 1, 
      "source": "jsons/ski_area_elevations//europe-latest.json", 
      "min_elev": 291, 
      "cumarea": 15035.619362931955
    }
  ], 
  "end_x": 15036.567573109736, 
  "num": 13699, 
  "zoom": 14, 
  "start_x": 15035.470013432867
}