{
  "shown": [], 
  "end_x": 15034.372453755997, 
  "num": 13697, 
  "zoom": 14, 
  "start_x": 15033.274894079128
}