{
  "shown": [], 
  "end_x": 15047.54316987843, 
  "num": 13709, 
  "zoom": 14, 
  "start_x": 15046.445610201561
}