{
  "shown": [
    {
      "max_elev": 2415, 
      "cumarea": 1503.959020668872, 
      "area": 7.46, 
      "num_lifts": 46, 
      "name": "Brigels - Breil", 
      "source": "jsons/ski_area_elevations//europe-latest.json", 
      "min_elev": 1105, 
      "uid": "f702b401-a6a4-49b8-9349-ae7a1efcbc38"
    }
  ], 
  "end_x": 1504.7543169878431, 
  "num": 1370, 
  "zoom": 14, 
  "start_x": 1503.656757310974
}