{
  "shown": [], 
  "end_x": 15037.665132786606, 
  "num": 13700, 
  "zoom": 14, 
  "start_x": 15036.567573109736
}