{
  "shown": [
    {
      "max_elev": 307, 
      "uid": "a1240378-50d0-4c3e-ba38-ef9503f83ca2", 
      "area": 1.81, 
      "num_lifts": 1, 
      "source": "jsons/ski_area_elevations//north-america-latest.json", 
      "min_elev": 306, 
      "cumarea": 15038.212689777232
    }
  ], 
  "end_x": 15038.762692463475, 
  "num": 13701, 
  "zoom": 14, 
  "start_x": 15037.665132786606
}