{
  "shown": [], 
  "end_x": 15069.494363415819, 
  "num": 13729, 
  "zoom": 14, 
  "start_x": 15068.39680373895
}