{
  "shown": [], 
  "end_x": 15061.811445677733, 
  "num": 13722, 
  "zoom": 14, 
  "start_x": 15060.713886000864
}