{
  "shown": [], 
  "end_x": 15080.469960184513, 
  "num": 13739, 
  "zoom": 14, 
  "start_x": 15079.372400507644
}