{
  "shown": [
    {
      "max_elev": 303, 
      "uid": "2bd5ccf1-ce61-45dc-93e6-5cdacffffc4c", 
      "area": 1.86, 
      "num_lifts": 3, 
      "source": "jsons/ski_area_elevations//europe-latest.json", 
      "min_elev": 255, 
      "cumarea": 15075.81720544866
    }
  ], 
  "end_x": 15076.079721477035, 
  "num": 13735, 
  "zoom": 14, 
  "start_x": 15074.982161800166
}