{
  "shown": [], 
  "end_x": 15078.274840830774, 
  "num": 13737, 
  "zoom": 14, 
  "start_x": 15077.177281153905
}