{
  "shown": [
    {
      "max_elev": 303, 
      "uid": "6060358b-9cc9-4acc-b91b-856b071754c3", 
      "area": 1.83, 
      "num_lifts": 1, 
      "source": "jsons/ski_area_elevations//europe-latest.json", 
      "min_elev": 225, 
      "cumarea": 15078.421521415514
    }
  ], 
  "end_x": 15079.372400507644, 
  "num": 13738, 
  "zoom": 14, 
  "start_x": 15078.274840830774
}