{
  "shown": [], 
  "end_x": 15090.347997276334, 
  "num": 13748, 
  "zoom": 14, 
  "start_x": 15089.250437599465
}