{
  "shown": [], 
  "end_x": 15084.860198891989, 
  "num": 13743, 
  "zoom": 14, 
  "start_x": 15083.762639215121
}