{
  "shown": [], 
  "end_x": 15082.665079538252, 
  "num": 13741, 
  "zoom": 14, 
  "start_x": 15081.567519861383
}