{
  "shown": [], 
  "end_x": 15088.152877922596, 
  "num": 13746, 
  "zoom": 14, 
  "start_x": 15087.055318245726
}