{
  "shown": [], 
  "end_x": 15095.835795660681, 
  "num": 13753, 
  "zoom": 14, 
  "start_x": 15094.738235983812
}