{
  "shown": [], 
  "end_x": 15112.299190813723, 
  "num": 13768, 
  "zoom": 14, 
  "start_x": 15111.201631136853
}