{
  "shown": [], 
  "end_x": 15103.518713398767, 
  "num": 13760, 
  "zoom": 14, 
  "start_x": 15102.421153721898
}