{
  "shown": [
    {
      "max_elev": 298, 
      "uid": "7db406ce-1305-4da6-898b-d587e353e40e", 
      "area": 1.8900000000000001, 
      "num_lifts": 0, 
      "source": "jsons/ski_area_elevations//asia-latest.json", 
      "min_elev": 298, 
      "cumarea": 15128.690050205852
    }
  ], 
  "end_x": 15128.76258596676, 
  "num": 13783, 
  "zoom": 14, 
  "start_x": 15127.665026289891
}