{
  "shown": [], 
  "end_x": 15130.9577053205, 
  "num": 13785, 
  "zoom": 14, 
  "start_x": 15129.86014564363
}