{
  "shown": [], 
  "end_x": 15136.445503704846, 
  "num": 13790, 
  "zoom": 14, 
  "start_x": 15135.347944027977
}