{
  "shown": [], 
  "end_x": 15138.640623058585, 
  "num": 13792, 
  "zoom": 14, 
  "start_x": 15137.543063381716
}