{
  "shown": [
    {
      "max_elev": 293, 
      "uid": "ea32b12f-d99b-44df-8b15-b90499d38c0c", 
      "area": 1.84, 
      "num_lifts": 1, 
      "source": "jsons/ski_area_elevations//europe-latest.json", 
      "min_elev": 83, 
      "cumarea": 15147.00855628894
    }
  ], 
  "end_x": 15147.42110047354, 
  "num": 13800, 
  "zoom": 14, 
  "start_x": 15146.323540796671
}