{
  "shown": [], 
  "end_x": 15151.811339181018, 
  "num": 13804, 
  "zoom": 14, 
  "start_x": 15150.713779504149
}