{
  "shown": [], 
  "end_x": 15167.177174657187, 
  "num": 13818, 
  "zoom": 14, 
  "start_x": 15166.079614980317
}