{
  "shown": [], 
  "end_x": 15164.982055303448, 
  "num": 13816, 
  "zoom": 14, 
  "start_x": 15163.884495626578
}