{
  "shown": [], 
  "end_x": 15162.786935949709, 
  "num": 13814, 
  "zoom": 14, 
  "start_x": 15161.68937627284
}