{
  "shown": [], 
  "end_x": 15161.68937627284, 
  "num": 13813, 
  "zoom": 14, 
  "start_x": 15160.59181659597
}