{
  "shown": [], 
  "end_x": 1517.9250331102749, 
  "num": 1382, 
  "zoom": 14, 
  "start_x": 1516.8274734334057
}