{
  "shown": [], 
  "end_x": 15173.762532718403, 
  "num": 13824, 
  "zoom": 14, 
  "start_x": 15172.664973041534
}