{
  "shown": [], 
  "end_x": 15186.933248840836, 
  "num": 13836, 
  "zoom": 14, 
  "start_x": 15185.835689163967
}