{
  "shown": [], 
  "end_x": 15180.34789077962, 
  "num": 13830, 
  "zoom": 14, 
  "start_x": 15179.25033110275
}