{
  "shown": [], 
  "end_x": 15200.103964963266, 
  "num": 13848, 
  "zoom": 14, 
  "start_x": 15199.006405286396
}