{
  "shown": [], 
  "end_x": 1520.1201524640137, 
  "num": 1384, 
  "zoom": 14, 
  "start_x": 1519.0225927871443
}