{
  "shown": [], 
  "end_x": 15209.98200205509, 
  "num": 13857, 
  "zoom": 14, 
  "start_x": 15208.884442378221
}