{
  "shown": [
    {
      "max_elev": 286, 
      "uid": "7f1befd2-dc12-44f0-8ac5-d4ccce3492a4", 
      "area": 1.8, 
      "num_lifts": 1, 
      "source": "jsons/ski_area_elevations//europe-latest.json", 
      "min_elev": 273, 
      "cumarea": 15211.428032332828
    }
  ], 
  "end_x": 15212.17712140883, 
  "num": 13859, 
  "zoom": 14, 
  "start_x": 15211.07956173196
}