{
  "shown": [], 
  "end_x": 15218.762479470046, 
  "num": 13865, 
  "zoom": 14, 
  "start_x": 15217.664919793177
}