{
  "shown": [
    {
      "max_elev": 283, 
      "uid": "f5437d65-6c42-4969-87df-39d0d585bbb4", 
      "area": 1.82, 
      "num_lifts": 1, 
      "source": "jsons/ski_area_elevations//europe-latest.json", 
      "min_elev": 195, 
      "cumarea": 15232.907631410242
    }
  ], 
  "end_x": 15233.030755269345, 
  "num": 13878, 
  "zoom": 14, 
  "start_x": 15231.933195592475
}