{
  "shown": [], 
  "end_x": 1523.4128314946215, 
  "num": 1387, 
  "zoom": 14, 
  "start_x": 1522.315271817752
}