{
  "shown": [], 
  "end_x": 15227.542956884998, 
  "num": 13873, 
  "zoom": 14, 
  "start_x": 15226.445397208128
}