{
  "shown": [], 
  "end_x": 15237.420993976823, 
  "num": 13882, 
  "zoom": 14, 
  "start_x": 15236.323434299953
}