{
  "shown": [], 
  "end_x": 15250.591710099256, 
  "num": 13894, 
  "zoom": 14, 
  "start_x": 15249.494150422386
}