{
  "shown": [], 
  "end_x": 153.65835476170537, 
  "num": 139, 
  "zoom": 14, 
  "start_x": 152.56079508483606
}