{
  "shown": [], 
  "end_x": 1526.7055105252298, 
  "num": 1390, 
  "zoom": 14, 
  "start_x": 1525.6079508483604
}