{
  "shown": [], 
  "end_x": 15263.762426221685, 
  "num": 13906, 
  "zoom": 14, 
  "start_x": 15262.664866544816
}