{
  "shown": [], 
  "end_x": 15265.957545575424, 
  "num": 13908, 
  "zoom": 14, 
  "start_x": 15264.859985898554
}