{
  "shown": [], 
  "end_x": 15271.445343959771, 
  "num": 13913, 
  "zoom": 14, 
  "start_x": 15270.347784282902
}