{
  "shown": [
    {
      "max_elev": 278, 
      "uid": "3b044be7-1d59-4335-8f7d-2b9b96ef8c30", 
      "area": 1.82, 
      "num_lifts": 1, 
      "source": "jsons/ski_area_elevations//europe-latest.json", 
      "min_elev": 244, 
      "cumarea": 15275.282900047616
    }
  ], 
  "end_x": 15275.835582667249, 
  "num": 13917, 
  "zoom": 14, 
  "start_x": 15274.73802299038
}