{
  "shown": [], 
  "end_x": 15272.54290363664, 
  "num": 13914, 
  "zoom": 14, 
  "start_x": 15271.445343959771
}