{
  "shown": [], 
  "end_x": 15279.128261697857, 
  "num": 13920, 
  "zoom": 14, 
  "start_x": 15278.030702020988
}