{
  "shown": [], 
  "end_x": 15284.616060082204, 
  "num": 13925, 
  "zoom": 14, 
  "start_x": 15283.518500405335
}