{
  "shown": [], 
  "end_x": 15299.981895558376, 
  "num": 13939, 
  "zoom": 14, 
  "start_x": 15298.884335881507
}