{
  "shown": [], 
  "end_x": 15312.05505200394, 
  "num": 13950, 
  "zoom": 14, 
  "start_x": 15310.95749232707
}