{
  "shown": [], 
  "end_x": 15327.420887480108, 
  "num": 13964, 
  "zoom": 14, 
  "start_x": 15326.323327803238
}