{
  "shown": [], 
  "end_x": 1533.2908685864459, 
  "num": 1396, 
  "zoom": 14, 
  "start_x": 1532.1933089095764
}