{
  "shown": [], 
  "end_x": 15323.03064877263, 
  "num": 13960, 
  "zoom": 14, 
  "start_x": 15321.93308909576
}