{
  "shown": [], 
  "end_x": 15340.591603602541, 
  "num": 13976, 
  "zoom": 14, 
  "start_x": 15339.494043925672
}