{
  "shown": [], 
  "end_x": 15338.396484248802, 
  "num": 13974, 
  "zoom": 14, 
  "start_x": 15337.298924571933
}