{
  "shown": [], 
  "end_x": 1535.4859879401843, 
  "num": 1398, 
  "zoom": 14, 
  "start_x": 1534.388428263315
}