{
  "shown": [], 
  "end_x": 1536.5835476170537, 
  "num": 1399, 
  "zoom": 14, 
  "start_x": 1535.4859879401843
}