{
  "shown": [], 
  "end_x": 15355.957439078713, 
  "num": 13990, 
  "zoom": 14, 
  "start_x": 15354.859879401844
}