{
  "shown": [
    {
      "max_elev": 265, 
      "uid": "f883e045-c223-42bc-8cd7-bea3b96f5b4f", 
      "area": 2.0300000000000002, 
      "num_lifts": 0, 
      "source": "jsons/ski_area_elevations//europe-latest.json", 
      "min_elev": 265, 
      "cumarea": 15373.253375896753
    }
  ], 
  "end_x": 15373.51839390862, 
  "num": 14006, 
  "zoom": 14, 
  "start_x": 15372.42083423175
}