{
  "shown": [], 
  "end_x": 15377.908632616098, 
  "num": 14010, 
  "zoom": 14, 
  "start_x": 15376.811072939228
}