{
  "shown": [], 
  "end_x": 15389.981789061661, 
  "num": 14021, 
  "zoom": 14, 
  "start_x": 15388.884229384792
}