{
  "shown": [], 
  "end_x": 15408.640303568438, 
  "num": 14038, 
  "zoom": 14, 
  "start_x": 15407.542743891569
}