{
  "shown": [], 
  "end_x": 15402.054945507221, 
  "num": 14032, 
  "zoom": 14, 
  "start_x": 15400.957385830354
}