{
  "shown": [
    {
      "max_elev": 260, 
      "uid": "5636ea75-fa61-426a-b83b-f70802650bd1", 
      "area": 1.8, 
      "num_lifts": 1, 
      "source": "jsons/ski_area_elevations//europe-latest.json", 
      "min_elev": 258, 
      "cumarea": 15428.505813465958
    }
  ], 
  "end_x": 15429.493937428957, 
  "num": 14057, 
  "zoom": 14, 
  "start_x": 15428.396377752088
}