{
  "shown": [], 
  "end_x": 15436.079295490172, 
  "num": 14063, 
  "zoom": 14, 
  "start_x": 15434.981735813304
}