{
  "shown": [], 
  "end_x": 15462.420727735036, 
  "num": 14087, 
  "zoom": 14, 
  "start_x": 15461.323168058167
}