{
  "shown": [], 
  "end_x": 15459.128048704428, 
  "num": 14084, 
  "zoom": 14, 
  "start_x": 15458.030489027558
}