{
  "shown": [], 
  "end_x": 15479.981682564943, 
  "num": 14103, 
  "zoom": 14, 
  "start_x": 15478.884122888074
}