{
  "shown": [], 
  "end_x": 1549.7542637394854, 
  "num": 1411, 
  "zoom": 14, 
  "start_x": 1548.656704062616
}