{
  "shown": [], 
  "end_x": 15496.445077717985, 
  "num": 14118, 
  "zoom": 14, 
  "start_x": 15495.347518041115
}