{
  "shown": [], 
  "end_x": 15488.762159979899, 
  "num": 14111, 
  "zoom": 14, 
  "start_x": 15487.66460030303
}