{
  "shown": [], 
  "end_x": 15500.835316425462, 
  "num": 14122, 
  "zoom": 14, 
  "start_x": 15499.737756748593
}