{
  "shown": [
    {
      "max_elev": 2399, 
      "cumarea": 1549.9145441917522, 
      "area": 10.32, 
      "num_lifts": 59, 
      "name": "Kals-Matrei", 
      "source": "jsons/ski_area_elevations//europe-latest.json", 
      "min_elev": 930, 
      "uid": "523d09fe-14aa-4e50-b26f-147a67f799f9"
    }
  ], 
  "end_x": 1550.8518234163548, 
  "num": 1412, 
  "zoom": 14, 
  "start_x": 1549.7542637394854
}