{
  "shown": [], 
  "end_x": 15498.640197071723, 
  "num": 14120, 
  "zoom": 14, 
  "start_x": 15497.542637394854
}