{
  "shown": [], 
  "end_x": 15504.12799545607, 
  "num": 14125, 
  "zoom": 14, 
  "start_x": 15503.030435779201
}