{
  "shown": [], 
  "end_x": 15506.323114809808, 
  "num": 14127, 
  "zoom": 14, 
  "start_x": 15505.22555513294
}