{
  "shown": [], 
  "end_x": 15511.810913194153, 
  "num": 14132, 
  "zoom": 14, 
  "start_x": 15510.713353517283
}