{
  "shown": [], 
  "end_x": 15517.2987115785, 
  "num": 14137, 
  "zoom": 14, 
  "start_x": 15516.20115190163
}