{
  "shown": [], 
  "end_x": 15519.493830932239, 
  "num": 14139, 
  "zoom": 14, 
  "start_x": 15518.39627125537
}