{
  "shown": [], 
  "end_x": 1551.949383093224, 
  "num": 1413, 
  "zoom": 14, 
  "start_x": 1550.8518234163548
}