{
  "shown": [
    {
      "max_elev": 248, 
      "uid": "dc20218c-d131-4b68-9b6c-c9350a550f28", 
      "area": 1.84, 
      "num_lifts": 3, 
      "source": "jsons/ski_area_elevations//europe-latest.json", 
      "min_elev": 182, 
      "cumarea": 15527.952349532587
    }
  ], 
  "end_x": 15528.274308347194, 
  "num": 14147, 
  "zoom": 14, 
  "start_x": 15527.176748670325
}