{
  "shown": [
    {
      "max_elev": 250, 
      "uid": "cae5751e-a7ea-4fd5-9942-e73d087ce1e1", 
      "area": 1.83, 
      "num_lifts": 2, 
      "source": "jsons/ski_area_elevations//africa-latest.json", 
      "min_elev": 37, 
      "cumarea": 15522.7166455301
    }
  ], 
  "end_x": 15522.786509962847, 
  "num": 14142, 
  "zoom": 14, 
  "start_x": 15521.688950285978
}