{
  "shown": [], 
  "end_x": 15534.85966640841, 
  "num": 14153, 
  "zoom": 14, 
  "start_x": 15533.762106731541
}