{
  "shown": [], 
  "end_x": 15540.347464792758, 
  "num": 14158, 
  "zoom": 14, 
  "start_x": 15539.249905115888
}