{
  "shown": [
    {
      "max_elev": 246, 
      "uid": "065877a4-a389-4451-a23a-b4dc56ad7da4", 
      "area": 1.81, 
      "num_lifts": 1, 
      "source": "jsons/ski_area_elevations//north-america-latest.json", 
      "min_elev": 183, 
      "cumarea": 15538.347665346895
    }
  ], 
  "end_x": 15539.249905115888, 
  "num": 14157, 
  "zoom": 14, 
  "start_x": 15538.152345439019
}