{
  "shown": [], 
  "end_x": 15538.152345439019, 
  "num": 14156, 
  "zoom": 14, 
  "start_x": 15537.05478576215
}