{
  "shown": [], 
  "end_x": 1555.242062123832, 
  "num": 1416, 
  "zoom": 14, 
  "start_x": 1554.1445024469626
}