{
  "shown": [], 
  "end_x": 15550.225501884579, 
  "num": 14167, 
  "zoom": 14, 
  "start_x": 15549.12794220771
}