{
  "shown": [], 
  "end_x": 15543.640143823362, 
  "num": 14161, 
  "zoom": 14, 
  "start_x": 15542.542584146493
}