{
  "shown": [], 
  "end_x": 156.95103379231335, 
  "num": 142, 
  "zoom": 14, 
  "start_x": 155.85347411544402
}