{
  "shown": [], 
  "end_x": 15588.640090575009, 
  "num": 14202, 
  "zoom": 14, 
  "start_x": 15587.54253089814
}