{
  "shown": [], 
  "end_x": 15599.6156873437, 
  "num": 14212, 
  "zoom": 14, 
  "start_x": 15598.51812766683
}