{
  "shown": [], 
  "end_x": 15607.298605081785, 
  "num": 14219, 
  "zoom": 14, 
  "start_x": 15606.201045404916
}