{
  "shown": [], 
  "end_x": 15612.786403466132, 
  "num": 14224, 
  "zoom": 14, 
  "start_x": 15611.688843789263
}