{
  "shown": [], 
  "end_x": 15624.859559911696, 
  "num": 14235, 
  "zoom": 14, 
  "start_x": 15623.762000234827
}