{
  "shown": [], 
  "end_x": 15620.469321204218, 
  "num": 14231, 
  "zoom": 14, 
  "start_x": 15619.371761527349
}