{
  "shown": [
    {
      "max_elev": 235, 
      "uid": "892f30e9-5804-471c-97c0-07c4947aa328", 
      "area": 1.84, 
      "num_lifts": 2, 
      "source": "jsons/ski_area_elevations//europe-latest.json", 
      "min_elev": 217, 
      "cumarea": 15633.707358861719
    }
  ], 
  "end_x": 15634.737597003521, 
  "num": 14244, 
  "zoom": 14, 
  "start_x": 15633.640037326652
}