{
  "shown": [], 
  "end_x": 15630.347358296043, 
  "num": 14240, 
  "zoom": 14, 
  "start_x": 15629.249798619174
}