{
  "shown": [], 
  "end_x": 15640.225395387868, 
  "num": 14249, 
  "zoom": 14, 
  "start_x": 15639.127835710999
}