{
  "shown": [], 
  "end_x": 15646.810753449083, 
  "num": 14255, 
  "zoom": 14, 
  "start_x": 15645.713193772215
}