{
  "shown": [], 
  "end_x": 15656.688790540906, 
  "num": 14264, 
  "zoom": 14, 
  "start_x": 15655.591230864036
}