{
  "shown": [], 
  "end_x": 15666.56682763273, 
  "num": 14273, 
  "zoom": 14, 
  "start_x": 15665.469267955861
}