{
  "shown": [], 
  "end_x": 15673.152185693947, 
  "num": 14279, 
  "zoom": 14, 
  "start_x": 15672.054626017078
}