{
  "shown": [
    {
      "max_elev": 2390, 
      "cumarea": 1566.8323403064028, 
      "area": 7.13, 
      "num_lifts": 19, 
      "name": "Abri\u00e8s", 
      "source": "jsons/ski_area_elevations//europe-latest.json", 
      "min_elev": 1556, 
      "uid": "b3215cfe-2074-4d64-bfc2-621d54ba149e"
    }
  ], 
  "end_x": 1567.3152185693948, 
  "num": 1427, 
  "zoom": 14, 
  "start_x": 1566.2176588925254
}