{
  "shown": [
    {
      "max_elev": 230, 
      "uid": "2c441c60-d49e-48c6-9c33-56d9cf635595", 
      "area": 1.82, 
      "num_lifts": 1, 
      "source": "jsons/ski_area_elevations//south-america-latest.json", 
      "min_elev": 149, 
      "cumarea": 15683.775453840399
    }
  ], 
  "end_x": 15684.127782462638, 
  "num": 14289, 
  "zoom": 14, 
  "start_x": 15683.030222785768
}