{
  "shown": [], 
  "end_x": 1569.5103379231334, 
  "num": 1429, 
  "zoom": 14, 
  "start_x": 1568.4127782462642
}