{
  "shown": [], 
  "end_x": 15694.005819554463, 
  "num": 14298, 
  "zoom": 14, 
  "start_x": 15692.908259877593
}