{
  "shown": [], 
  "end_x": 15692.908259877593, 
  "num": 14297, 
  "zoom": 14, 
  "start_x": 15691.810700200724
}