{
  "shown": [
    {
      "max_elev": 3548, 
      "cumarea": 157.37872062361268, 
      "area": 2.55, 
      "num_lifts": 6, 
      "name": "La Grave", 
      "source": "jsons/ski_area_elevations//europe-latest.json", 
      "min_elev": 1444, 
      "uid": "887fbcd4-a31c-4cd5-8fa3-3f931da5265a"
    }
  ], 
  "end_x": 158.04859346918266, 
  "num": 143, 
  "zoom": 14, 
  "start_x": 156.95103379231335
}