{
  "shown": [
    {
      "max_elev": 2389, 
      "uid": "bf9fb30a-3e16-4d2a-b0ef-7ce6322bf7e3", 
      "area": 4.13, 
      "num_lifts": 14, 
      "source": "jsons/ski_area_elevations//europe-latest.json", 
      "min_elev": 950, 
      "cumarea": 1570.2506177133757
    }
  ], 
  "end_x": 1570.6078976000026, 
  "num": 1430, 
  "zoom": 14, 
  "start_x": 1569.5103379231334
}