{
  "shown": [], 
  "end_x": 15717.054572768719, 
  "num": 14319, 
  "zoom": 14, 
  "start_x": 15715.957013091851
}