{
  "shown": [], 
  "end_x": 15735.713087275497, 
  "num": 14336, 
  "zoom": 14, 
  "start_x": 15734.615527598628
}