{
  "shown": [], 
  "end_x": 15739.005766306105, 
  "num": 14339, 
  "zoom": 14, 
  "start_x": 15737.908206629236
}