{
  "shown": [], 
  "end_x": 15748.88380339793, 
  "num": 14348, 
  "zoom": 14, 
  "start_x": 15747.78624372106
}