{
  "shown": [], 
  "end_x": 15743.396005013583, 
  "num": 14343, 
  "zoom": 14, 
  "start_x": 15742.298445336713
}