{
  "shown": [], 
  "end_x": 15741.200885659844, 
  "num": 14341, 
  "zoom": 14, 
  "start_x": 15740.103325982975
}