{
  "shown": [], 
  "end_x": 1576.0956959843493, 
  "num": 1435, 
  "zoom": 14, 
  "start_x": 1574.9981363074799
}