{
  "shown": [], 
  "end_x": 15751.078922751669, 
  "num": 14350, 
  "zoom": 14, 
  "start_x": 15749.9813630748
}