{
  "shown": [], 
  "end_x": 15775.225235642793, 
  "num": 14372, 
  "zoom": 14, 
  "start_x": 15774.127675965923
}