{
  "shown": [], 
  "end_x": 15782.908153380879, 
  "num": 14379, 
  "zoom": 14, 
  "start_x": 15781.810593704009
}