{
  "shown": [], 
  "end_x": 15778.5179146734, 
  "num": 14375, 
  "zoom": 14, 
  "start_x": 15777.420354996531
}