{
  "shown": [], 
  "end_x": 15780.71303402714, 
  "num": 14377, 
  "zoom": 14, 
  "start_x": 15779.61547435027
}