{
  "shown": [], 
  "end_x": 15786.200832411487, 
  "num": 14382, 
  "zoom": 14, 
  "start_x": 15785.103272734617
}