{
  "shown": [], 
  "end_x": 15793.88375014957, 
  "num": 14389, 
  "zoom": 14, 
  "start_x": 15792.7861904727
}