{
  "shown": [], 
  "end_x": 15791.68863079583, 
  "num": 14387, 
  "zoom": 14, 
  "start_x": 15790.59107111896
}