{
  "shown": [], 
  "end_x": 15799.371548533916, 
  "num": 14394, 
  "zoom": 14, 
  "start_x": 15798.273988857047
}