{
  "shown": [], 
  "end_x": 15807.054466272002, 
  "num": 14401, 
  "zoom": 14, 
  "start_x": 15805.956906595133
}