{
  "shown": [], 
  "end_x": 15819.127622717566, 
  "num": 14412, 
  "zoom": 14, 
  "start_x": 15818.030063040696
}