{
  "shown": [
    {
      "max_elev": 213, 
      "uid": "27f6127b-8c51-4520-b299-bff2ffb880f4", 
      "area": 1.87, 
      "num_lifts": 1, 
      "source": "jsons/ski_area_elevations//asia-latest.json", 
      "min_elev": 171, 
      "cumarea": 15844.462293639685
    }
  ], 
  "end_x": 15845.469054962428, 
  "num": 14436, 
  "zoom": 14, 
  "start_x": 15844.371495285559
}