{
  "shown": [], 
  "end_x": 15858.639771084861, 
  "num": 14448, 
  "zoom": 14, 
  "start_x": 15857.542211407992
}