{
  "shown": [], 
  "end_x": 15856.444651731123, 
  "num": 14446, 
  "zoom": 14, 
  "start_x": 15855.347092054253
}