{
  "shown": [], 
  "end_x": 15854.249532377384, 
  "num": 14444, 
  "zoom": 14, 
  "start_x": 15853.151972700514
}