{
  "shown": [], 
  "end_x": 15864.127569469209, 
  "num": 14453, 
  "zoom": 14, 
  "start_x": 15863.03000979234
}