{
  "shown": [], 
  "end_x": 1588.1688524299116, 
  "num": 1446, 
  "zoom": 14, 
  "start_x": 1587.0712927530424
}