{
  "shown": [], 
  "end_x": 15871.810487207294, 
  "num": 14460, 
  "zoom": 14, 
  "start_x": 15870.712927530425
}