{
  "shown": [], 
  "end_x": 15891.56656139094, 
  "num": 14478, 
  "zoom": 14, 
  "start_x": 15890.469001714071
}