{
  "shown": [], 
  "end_x": 15899.249479129026, 
  "num": 14485, 
  "zoom": 14, 
  "start_x": 15898.151919452157
}