{
  "shown": [
    {
      "max_elev": 207, 
      "uid": "e751929f-74c9-4c3c-94ec-474600825f5e", 
      "area": 1.8800000000000001, 
      "num_lifts": 0, 
      "source": "jsons/ski_area_elevations//asia-latest.json", 
      "min_elev": 207, 
      "cumarea": 15902.75580580398
    }
  ], 
  "end_x": 15903.639717836504, 
  "num": 14489, 
  "zoom": 14, 
  "start_x": 15902.542158159635
}