{
  "shown": [], 
  "end_x": 15901.444598482765, 
  "num": 14487, 
  "zoom": 14, 
  "start_x": 15900.347038805896
}