{
  "shown": [], 
  "end_x": 15909.127516220851, 
  "num": 14494, 
  "zoom": 14, 
  "start_x": 15908.029956543982
}