{
  "shown": [], 
  "end_x": 15912.42019525146, 
  "num": 14497, 
  "zoom": 14, 
  "start_x": 15911.32263557459
}