{
  "shown": [], 
  "end_x": 15910.22507589772, 
  "num": 14495, 
  "zoom": 14, 
  "start_x": 15909.127516220851
}