{
  "shown": [], 
  "end_x": 1592.5590911373888, 
  "num": 1450, 
  "zoom": 14, 
  "start_x": 1591.4615314605196
}