{
  "shown": [], 
  "end_x": 1594.7542104911277, 
  "num": 1452, 
  "zoom": 14, 
  "start_x": 1593.6566508142582
}