{
  "shown": [], 
  "end_x": 15946.444545234408, 
  "num": 14528, 
  "zoom": 14, 
  "start_x": 15945.346985557539
}