{
  "shown": [
    {
      "max_elev": 202, 
      "uid": "f6d493bd-02cf-4d2a-811b-35605e80ae82", 
      "area": 2.16, 
      "num_lifts": 5, 
      "source": "jsons/ski_area_elevations//europe-latest.json", 
      "min_elev": 159, 
      "cumarea": 15942.52788413654
    }
  ], 
  "end_x": 15943.1518662038, 
  "num": 14525, 
  "zoom": 14, 
  "start_x": 15942.05430652693
}