{
  "shown": [], 
  "end_x": 15957.420142003102, 
  "num": 14538, 
  "zoom": 14, 
  "start_x": 15956.322582326233
}