{
  "shown": [], 
  "end_x": 15965.103059741185, 
  "num": 14545, 
  "zoom": 14, 
  "start_x": 15964.005500064315
}