{
  "shown": [], 
  "end_x": 1596.9493298448665, 
  "num": 1454, 
  "zoom": 14, 
  "start_x": 1595.851770167997
}