{
  "shown": [], 
  "end_x": 15970.590858125532, 
  "num": 14550, 
  "zoom": 14, 
  "start_x": 15969.493298448662
}