{
  "shown": [], 
  "end_x": 15980.468895217356, 
  "num": 14559, 
  "zoom": 14, 
  "start_x": 15979.371335540487
}