{
  "shown": [], 
  "end_x": 15989.249372632312, 
  "num": 14567, 
  "zoom": 14, 
  "start_x": 15988.151812955442
}