{
  "shown": [], 
  "end_x": 16004.61520810848, 
  "num": 14581, 
  "zoom": 14, 
  "start_x": 16003.51764843161
}