{
  "shown": [], 
  "end_x": 16023.27372261526, 
  "num": 14598, 
  "zoom": 14, 
  "start_x": 16022.176162938391
}