{
  "shown": [], 
  "end_x": 161.34127249979065, 
  "num": 146, 
  "zoom": 14, 
  "start_x": 160.2437128229213
}