{
  "shown": [], 
  "end_x": 16028.761520999607, 
  "num": 14603, 
  "zoom": 14, 
  "start_x": 16027.663961322738
}