{
  "shown": [], 
  "end_x": 16036.44443873769, 
  "num": 14610, 
  "zoom": 14, 
  "start_x": 16035.34687906082
}