{
  "shown": [], 
  "end_x": 16051.810274213862, 
  "num": 14624, 
  "zoom": 14, 
  "start_x": 16050.712714536992
}