{
  "shown": [
    {
      "max_elev": 192, 
      "uid": "31e86f94-b502-47e7-baf4-1ec9b89b8eb6", 
      "area": 2.58, 
      "num_lifts": 12, 
      "source": "jsons/ski_area_elevations//asia-latest.json", 
      "min_elev": 51, 
      "cumarea": 16071.962342869529
    }
  ], 
  "end_x": 16072.663908074377, 
  "num": 14643, 
  "zoom": 14, 
  "start_x": 16071.566348397508
}