{
  "shown": [], 
  "end_x": 1609.022486290429, 
  "num": 1465, 
  "zoom": 14, 
  "start_x": 1607.9249266135598
}