{
  "shown": [], 
  "end_x": 16083.639504843071, 
  "num": 14653, 
  "zoom": 14, 
  "start_x": 16082.541945166202
}