{
  "shown": [], 
  "end_x": 16100.102899996113, 
  "num": 14668, 
  "zoom": 14, 
  "start_x": 16099.005340319243
}