{
  "shown": [
    {
      "max_elev": 189, 
      "uid": "9d50a558-b975-41f0-bc16-5385f916dc50", 
      "area": 1.8, 
      "num_lifts": 1, 
      "source": "jsons/ski_area_elevations//europe-latest.json", 
      "min_elev": 187, 
      "cumarea": 16106.16884317513
    }
  ], 
  "end_x": 16106.688258057326, 
  "num": 14674, 
  "zoom": 14, 
  "start_x": 16105.590698380456
}