{
  "shown": [], 
  "end_x": 16108.883377411064, 
  "num": 14676, 
  "zoom": 14, 
  "start_x": 16107.785817734195
}