{
  "shown": [], 
  "end_x": 16105.590698380456, 
  "num": 14673, 
  "zoom": 14, 
  "start_x": 16104.493138703587
}