{
  "shown": [], 
  "end_x": 16102.298019349852, 
  "num": 14670, 
  "zoom": 14, 
  "start_x": 16101.200459672982
}