{
  "shown": [], 
  "end_x": 16111.078496764803, 
  "num": 14678, 
  "zoom": 14, 
  "start_x": 16109.980937087934
}