{
  "shown": [], 
  "end_x": 16107.785817734195, 
  "num": 14675, 
  "zoom": 14, 
  "start_x": 16106.688258057326
}