{
  "shown": [], 
  "end_x": 16103.39557902672, 
  "num": 14671, 
  "zoom": 14, 
  "start_x": 16102.298019349852
}