{
  "shown": [
    {
      "max_elev": 186, 
      "uid": "4df46f07-9dce-40b7-9a15-1f727f5aceef", 
      "area": 1.82, 
      "num_lifts": 1, 
      "source": "jsons/ski_area_elevations//europe-latest.json", 
      "min_elev": 134, 
      "cumarea": 16121.991784189784
    }
  ], 
  "end_x": 16122.054093533498, 
  "num": 14688, 
  "zoom": 14, 
  "start_x": 16120.956533856628
}