{
  "shown": [], 
  "end_x": 16118.76141450289, 
  "num": 14685, 
  "zoom": 14, 
  "start_x": 16117.66385482602
}