{
  "shown": [], 
  "end_x": 16115.468735472281, 
  "num": 14682, 
  "zoom": 14, 
  "start_x": 16114.371175795412
}