{
  "shown": [], 
  "end_x": 16128.639451594714, 
  "num": 14694, 
  "zoom": 14, 
  "start_x": 16127.541891917845
}