{
  "shown": [], 
  "end_x": 16131.932130625322, 
  "num": 14697, 
  "zoom": 14, 
  "start_x": 16130.834570948453
}