{
  "shown": [], 
  "end_x": 16126.444332240975, 
  "num": 14692, 
  "zoom": 14, 
  "start_x": 16125.346772564106
}