{
  "shown": [], 
  "end_x": 16140.712608040278, 
  "num": 14705, 
  "zoom": 14, 
  "start_x": 16139.615048363408
}