{
  "shown": [], 
  "end_x": 16139.615048363408, 
  "num": 14704, 
  "zoom": 14, 
  "start_x": 16138.517488686539
}