{
  "shown": [
    {
      "max_elev": 2374, 
      "uid": "4a58803d-376f-427a-b09f-d4ba0a4ad360", 
      "area": 1.97, 
      "num_lifts": 3, 
      "source": "jsons/ski_area_elevations//europe-latest.json", 
      "min_elev": 1892, 
      "cumarea": 1614.8093991049534
    }
  ], 
  "end_x": 1615.6078443516449, 
  "num": 1471, 
  "zoom": 14, 
  "start_x": 1614.5102846747754
}