{
  "shown": [], 
  "end_x": 16160.468682223924, 
  "num": 14723, 
  "zoom": 14, 
  "start_x": 16159.371122547054
}