{
  "shown": [], 
  "end_x": 16167.05404028514, 
  "num": 14729, 
  "zoom": 14, 
  "start_x": 16165.95648060827
}