{
  "shown": [], 
  "end_x": 16158.273562870185, 
  "num": 14721, 
  "zoom": 14, 
  "start_x": 16157.176003193315
}