{
  "shown": [], 
  "end_x": 16184.614995115051, 
  "num": 14745, 
  "zoom": 14, 
  "start_x": 16183.517435438182
}