{
  "shown": [], 
  "end_x": 16199.980830591223, 
  "num": 14759, 
  "zoom": 14, 
  "start_x": 16198.883270914353
}