{
  "shown": [], 
  "end_x": 16193.395472530006, 
  "num": 14753, 
  "zoom": 14, 
  "start_x": 16192.297912853137
}