{
  "shown": [], 
  "end_x": 16197.785711237484, 
  "num": 14757, 
  "zoom": 14, 
  "start_x": 16196.688151560615
}