{
  "shown": [], 
  "end_x": 16207.663748329309, 
  "num": 14766, 
  "zoom": 14, 
  "start_x": 16206.56618865244
}