{
  "shown": [], 
  "end_x": 16201.078390268092, 
  "num": 14760, 
  "zoom": 14, 
  "start_x": 16199.980830591223
}