{
  "shown": [], 
  "end_x": 16213.151546713652, 
  "num": 14771, 
  "zoom": 14, 
  "start_x": 16212.053987036783
}