{
  "shown": [
    {
      "max_elev": 175, 
      "uid": "c9358c68-fd96-4fcb-9c3c-69e050cb1fa4", 
      "area": 1.98, 
      "num_lifts": 4, 
      "source": "jsons/ski_area_elevations//europe-latest.json", 
      "min_elev": 92, 
      "cumarea": 16224.854056184913
    }
  ], 
  "end_x": 16225.224703159216, 
  "num": 14782, 
  "zoom": 14, 
  "start_x": 16224.127143482347
}