{
  "shown": [], 
  "end_x": 16229.614941866694, 
  "num": 14786, 
  "zoom": 14, 
  "start_x": 16228.517382189824
}