{
  "shown": [], 
  "end_x": 16224.127143482347, 
  "num": 14781, 
  "zoom": 14, 
  "start_x": 16223.029583805477
}