{
  "shown": [], 
  "end_x": 1624.3883217665993, 
  "num": 1479, 
  "zoom": 14, 
  "start_x": 1623.29076208973
}