{
  "shown": [], 
  "end_x": 16237.29785960478, 
  "num": 14793, 
  "zoom": 14, 
  "start_x": 16236.20029992791
}