{
  "shown": [], 
  "end_x": 16247.1758966966, 
  "num": 14802, 
  "zoom": 14, 
  "start_x": 16246.078337019731
}