{
  "shown": [], 
  "end_x": 16258.151493465295, 
  "num": 14812, 
  "zoom": 14, 
  "start_x": 16257.053933788426
}