{
  "shown": [], 
  "end_x": 16265.834411203381, 
  "num": 14819, 
  "zoom": 14, 
  "start_x": 16264.736851526512
}