{
  "shown": [
    {
      "max_elev": 170, 
      "uid": "363587d0-924f-4104-8876-37b0eaca8deb", 
      "area": 1.87, 
      "num_lifts": 6, 
      "source": "jsons/ski_area_elevations//europe-latest.json", 
      "min_elev": 27, 
      "cumarea": 16280.37337945015
    }
  ], 
  "end_x": 16281.20024667955, 
  "num": 14833, 
  "zoom": 14, 
  "start_x": 16280.10268700268
}