{
  "shown": [], 
  "end_x": 16286.688045063896, 
  "num": 14838, 
  "zoom": 14, 
  "start_x": 16285.590485387027
}