{
  "shown": [], 
  "end_x": 16300.956320863199, 
  "num": 14851, 
  "zoom": 14, 
  "start_x": 16299.85876118633
}