{
  "shown": [], 
  "end_x": 16308.639238601285, 
  "num": 14858, 
  "zoom": 14, 
  "start_x": 16307.541678924415
}