{
  "shown": [], 
  "end_x": 16306.444119247546, 
  "num": 14856, 
  "zoom": 14, 
  "start_x": 16305.346559570677
}