{
  "shown": [], 
  "end_x": 16305.346559570677, 
  "num": 14855, 
  "zoom": 14, 
  "start_x": 16304.248999893807
}