{
  "shown": [], 
  "end_x": 16319.614835369975, 
  "num": 14868, 
  "zoom": 14, 
  "start_x": 16318.517275693106
}