{
  "shown": [], 
  "end_x": 16318.517275693106, 
  "num": 14867, 
  "zoom": 14, 
  "start_x": 16317.419716016237
}