{
  "shown": [], 
  "end_x": 16313.029477308763, 
  "num": 14862, 
  "zoom": 14, 
  "start_x": 16311.931917631893
}