{
  "shown": [], 
  "end_x": 16324.005074077453, 
  "num": 14872, 
  "zoom": 14, 
  "start_x": 16322.907514400584
}