{
  "shown": [], 
  "end_x": 16327.297753108061, 
  "num": 14875, 
  "zoom": 14, 
  "start_x": 16326.200193431192
}