{
  "shown": [], 
  "end_x": 16329.4928724618, 
  "num": 14877, 
  "zoom": 14, 
  "start_x": 16328.39531278493
}