{
  "shown": [], 
  "end_x": 16337.175790199886, 
  "num": 14884, 
  "zoom": 14, 
  "start_x": 16336.078230523017
}