{
  "shown": [
    {
      "max_elev": 166, 
      "uid": "12941ef4-1bce-4391-86a1-43d7fbdcedd3", 
      "area": 1.9100000000000001, 
      "num_lifts": 1, 
      "source": "jsons/ski_area_elevations//asia-latest.json", 
      "min_elev": 111, 
      "cumarea": 16338.232440680138
    }
  ], 
  "end_x": 16338.273349876756, 
  "num": 14885, 
  "zoom": 14, 
  "start_x": 16337.175790199886
}