{
  "shown": [], 
  "end_x": 16350.34650632232, 
  "num": 14896, 
  "zoom": 14, 
  "start_x": 16349.24894664545
}