{
  "shown": [], 
  "end_x": 164.6339515303986, 
  "num": 149, 
  "zoom": 14, 
  "start_x": 163.53639185352927
}