{
  "shown": [], 
  "end_x": 16355.834304706666, 
  "num": 14901, 
  "zoom": 14, 
  "start_x": 16354.736745029797
}