{
  "shown": [], 
  "end_x": 16374.492819213443, 
  "num": 14918, 
  "zoom": 14, 
  "start_x": 16373.395259536574
}