{
  "shown": [], 
  "end_x": 16366.809901475359, 
  "num": 14911, 
  "zoom": 14, 
  "start_x": 16365.712341798491
}