{
  "shown": [], 
  "end_x": 16386.565975659007, 
  "num": 14929, 
  "zoom": 14, 
  "start_x": 16385.468415982137
}