{
  "shown": [], 
  "end_x": 16379.98061759779, 
  "num": 14923, 
  "zoom": 14, 
  "start_x": 16378.88305792092
}