{
  "shown": [], 
  "end_x": 16376.687938567182, 
  "num": 14920, 
  "zoom": 14, 
  "start_x": 16375.590378890312
}