{
  "shown": [], 
  "end_x": 16387.663535335876, 
  "num": 14930, 
  "zoom": 14, 
  "start_x": 16386.565975659007
}