{
  "shown": [], 
  "end_x": 16392.053774043354, 
  "num": 14934, 
  "zoom": 14, 
  "start_x": 16390.956214366484
}