{
  "shown": [], 
  "end_x": 16389.858654689615, 
  "num": 14932, 
  "zoom": 14, 
  "start_x": 16388.761095012745
}