{
  "shown": [], 
  "end_x": 16405.224490165783, 
  "num": 14946, 
  "zoom": 14, 
  "start_x": 16404.126930488914
}