{
  "shown": [], 
  "end_x": 16407.419609519522, 
  "num": 14948, 
  "zoom": 14, 
  "start_x": 16406.322049842653
}