{
  "shown": [], 
  "end_x": 1640.8517169196393, 
  "num": 1494, 
  "zoom": 14, 
  "start_x": 1639.7541572427701
}