{
  "shown": [], 
  "end_x": 16412.90740790387, 
  "num": 14953, 
  "zoom": 14, 
  "start_x": 16411.809848227
}