{
  "shown": [], 
  "end_x": 16426.078124026302, 
  "num": 14965, 
  "zoom": 14, 
  "start_x": 16424.980564349433
}