{
  "shown": [], 
  "end_x": 16433.76104176439, 
  "num": 14972, 
  "zoom": 14, 
  "start_x": 16432.66348208752
}