{
  "shown": [
    {
      "max_elev": 157, 
      "uid": "4f86013c-f1d6-4019-b07a-04ea4f89ff5c", 
      "area": 1.82, 
      "num_lifts": 2, 
      "source": "jsons/ski_area_elevations//europe-latest.json", 
      "min_elev": 156, 
      "cumarea": 16439.111870542245
    }
  ], 
  "end_x": 16439.248840148735, 
  "num": 14977, 
  "zoom": 14, 
  "start_x": 16438.151280471866
}