{
  "shown": [], 
  "end_x": 16438.151280471866, 
  "num": 14976, 
  "zoom": 14, 
  "start_x": 16437.053720794996
}