{
  "shown": [], 
  "end_x": 1645.2419556271166, 
  "num": 1498, 
  "zoom": 14, 
  "start_x": 1644.1443959502474
}