{
  "shown": [], 
  "end_x": 16459.004914332385, 
  "num": 14995, 
  "zoom": 14, 
  "start_x": 16457.907354655516
}