{
  "shown": [], 
  "end_x": 16454.614675624907, 
  "num": 14991, 
  "zoom": 14, 
  "start_x": 16453.517115948038
}