{
  "shown": [], 
  "end_x": 16469.98051110108, 
  "num": 15005, 
  "zoom": 14, 
  "start_x": 16468.88295142421
}