{
  "shown": [], 
  "end_x": 16475.46830948542, 
  "num": 15010, 
  "zoom": 14, 
  "start_x": 16474.37074980855
}