{
  "shown": [], 
  "end_x": 16479.858548192897, 
  "num": 15014, 
  "zoom": 14, 
  "start_x": 16478.760988516027
}