{
  "shown": [], 
  "end_x": 16487.541465930983, 
  "num": 15021, 
  "zoom": 14, 
  "start_x": 16486.443906254113
}