{
  "shown": [
    {
      "max_elev": 152, 
      "uid": "41f465a9-24ed-4f7c-b711-f6768ec503a5", 
      "area": 1.84, 
      "num_lifts": 2, 
      "source": "jsons/ski_area_elevations//europe-latest.json", 
      "min_elev": 115, 
      "cumarea": 16499.335633670406
    }
  ], 
  "end_x": 16499.614622376546, 
  "num": 15032, 
  "zoom": 14, 
  "start_x": 16498.517062699677
}