{
  "shown": [], 
  "end_x": 16506.199980437763, 
  "num": 15038, 
  "zoom": 14, 
  "start_x": 16505.102420760893
}