{
  "shown": [
    {
      "max_elev": 150, 
      "uid": "0fe70840-2de2-4de7-876c-e10ce2e3c839", 
      "area": 1.87, 
      "num_lifts": 4, 
      "source": "jsons/ski_area_elevations//north-america-latest.json", 
      "min_elev": 130, 
      "cumarea": 16525.551643442803
    }
  ], 
  "end_x": 16525.956054621412, 
  "num": 15056, 
  "zoom": 14, 
  "start_x": 16524.858494944543
}