{
  "shown": [], 
  "end_x": 16519.370696560196, 
  "num": 15050, 
  "zoom": 14, 
  "start_x": 16518.273136883327
}