{
  "shown": [], 
  "end_x": 16524.858494944543, 
  "num": 15055, 
  "zoom": 14, 
  "start_x": 16523.760935267674
}