{
  "shown": [], 
  "end_x": 16521.565815913935, 
  "num": 15052, 
  "zoom": 14, 
  "start_x": 16520.468256237065
}