{
  "shown": [], 
  "end_x": 16532.54141268263, 
  "num": 15062, 
  "zoom": 14, 
  "start_x": 16531.44385300576
}