{
  "shown": [], 
  "end_x": 16534.736532036368, 
  "num": 15064, 
  "zoom": 14, 
  "start_x": 16533.6389723595
}