{
  "shown": [
    {
      "max_elev": 2367, 
      "cumarea": 1653.1769581332032, 
      "area": 41.3, 
      "num_lifts": 214, 
      "name": "Meg\u00e9ve", 
      "source": "jsons/ski_area_elevations//europe-latest.json", 
      "min_elev": 827, 
      "uid": "f68e82a4-3081-4533-88fc-887a782f42c1"
    }
  ], 
  "end_x": 1654.022433042071, 
  "num": 1506, 
  "zoom": 14, 
  "start_x": 1652.9248733652018
}