{
  "shown": [], 
  "end_x": 16535.834091713237, 
  "num": 15065, 
  "zoom": 14, 
  "start_x": 16534.736532036368
}