{
  "shown": [], 
  "end_x": 16542.41944977445, 
  "num": 15071, 
  "zoom": 14, 
  "start_x": 16541.321890097584
}