{
  "shown": [], 
  "end_x": 16549.004807835663, 
  "num": 15077, 
  "zoom": 14, 
  "start_x": 16547.907248158794
}