{
  "shown": [], 
  "end_x": 16547.907248158794, 
  "num": 15076, 
  "zoom": 14, 
  "start_x": 16546.809688481924
}