{
  "shown": [], 
  "end_x": 16553.39504654314, 
  "num": 15081, 
  "zoom": 14, 
  "start_x": 16552.29748686627
}