{
  "shown": [
    {
      "max_elev": 3526, 
      "cumarea": 166.76019783457903, 
      "area": 7.58, 
      "num_lifts": 42, 
      "name": "Aspen", 
      "source": "jsons/ski_area_elevations//north-america-latest.json", 
      "min_elev": 2398, 
      "uid": "08ef8b09-75e1-4ccf-8a78-ca6f9f34c4ac"
    }
  ], 
  "end_x": 166.82907088413725, 
  "num": 151, 
  "zoom": 14, 
  "start_x": 165.73151120726794
}