{
  "shown": [], 
  "end_x": 16587.419396526093, 
  "num": 15112, 
  "zoom": 14, 
  "start_x": 16586.321836849223
}