{
  "shown": [], 
  "end_x": 16590.7120755567, 
  "num": 15115, 
  "zoom": 14, 
  "start_x": 16589.61451587983
}