{
  "shown": [], 
  "end_x": 16597.297433617918, 
  "num": 15121, 
  "zoom": 14, 
  "start_x": 16596.19987394105
}