{
  "shown": [], 
  "end_x": 16610.46814974035, 
  "num": 15133, 
  "zoom": 14, 
  "start_x": 16609.37059006348
}