{
  "shown": [], 
  "end_x": 16611.56570941722, 
  "num": 15134, 
  "zoom": 14, 
  "start_x": 16610.46814974035
}