{
  "shown": [], 
  "end_x": 16629.126664247124, 
  "num": 15150, 
  "zoom": 14, 
  "start_x": 16628.029104570254
}