{
  "shown": [], 
  "end_x": 16640.102261015818, 
  "num": 15160, 
  "zoom": 14, 
  "start_x": 16639.00470133895
}