{
  "shown": [], 
  "end_x": 16645.590059400165, 
  "num": 15165, 
  "zoom": 14, 
  "start_x": 16644.492499723296
}