{
  "shown": [
    {
      "max_elev": 138, 
      "uid": "d62ffc2a-3cba-4448-9156-a279f6f96644", 
      "area": 2.04, 
      "num_lifts": 6, 
      "source": "jsons/ski_area_elevations//europe-latest.json", 
      "min_elev": 103, 
      "cumarea": 16640.575784220477
    }
  ], 
  "end_x": 16641.199820692687, 
  "num": 15161, 
  "zoom": 14, 
  "start_x": 16640.102261015818
}