{
  "shown": [], 
  "end_x": 16655.46809649199, 
  "num": 15174, 
  "zoom": 14, 
  "start_x": 16654.37053681512
}