{
  "shown": [], 
  "end_x": 16670.83393196816, 
  "num": 15188, 
  "zoom": 14, 
  "start_x": 16669.736372291292
}