{
  "shown": [], 
  "end_x": 167.92663056100656, 
  "num": 152, 
  "zoom": 14, 
  "start_x": 166.82907088413725
}