{
  "shown": [], 
  "end_x": 16686.199767444326, 
  "num": 15202, 
  "zoom": 14, 
  "start_x": 16685.102207767457
}