{
  "shown": [
    {
      "max_elev": 135, 
      "uid": "ffa5b858-6a48-4e1f-8a27-32d4c7507f7f", 
      "area": 1.81, 
      "num_lifts": 1, 
      "source": "jsons/ski_area_elevations//europe-latest.json", 
      "min_elev": 90, 
      "cumarea": 16684.918034832896
    }
  ], 
  "end_x": 16685.102207767457, 
  "num": 15201, 
  "zoom": 14, 
  "start_x": 16684.004648090588
}