{
  "shown": [], 
  "end_x": 16687.297327121196, 
  "num": 15203, 
  "zoom": 14, 
  "start_x": 16686.199767444326
}