{
  "shown": [], 
  "end_x": 16697.17536421302, 
  "num": 15212, 
  "zoom": 14, 
  "start_x": 16696.07780453615
}