{
  "shown": [], 
  "end_x": 16700.46804324363, 
  "num": 15215, 
  "zoom": 14, 
  "start_x": 16699.37048356676
}