{
  "shown": [], 
  "end_x": 16712.541199689193, 
  "num": 15226, 
  "zoom": 14, 
  "start_x": 16711.443640012323
}