{
  "shown": [], 
  "end_x": 16715.8338787198, 
  "num": 15229, 
  "zoom": 14, 
  "start_x": 16714.73631904293
}