{
  "shown": [], 
  "end_x": 16723.516796457887, 
  "num": 15236, 
  "zoom": 14, 
  "start_x": 16722.419236781017
}