{
  "shown": [
    {
      "max_elev": 130, 
      "uid": "3d4f3f15-14b2-41fe-87ba-cb778dacc94e", 
      "area": 1.82, 
      "num_lifts": 1, 
      "source": "jsons/ski_area_elevations//asia-latest.json", 
      "min_elev": 26, 
      "cumarea": 16721.437879289617
    }
  ], 
  "end_x": 16722.419236781017, 
  "num": 15235, 
  "zoom": 14, 
  "start_x": 16721.321677104148
}