{
  "shown": [], 
  "end_x": 16718.02899807354, 
  "num": 15231, 
  "zoom": 14, 
  "start_x": 16716.93143839667
}