{
  "shown": [], 
  "end_x": 16720.22411742728, 
  "num": 15233, 
  "zoom": 14, 
  "start_x": 16719.12655775041
}