{
  "shown": [], 
  "end_x": 16721.321677104148, 
  "num": 15234, 
  "zoom": 14, 
  "start_x": 16720.22411742728
}