{
  "shown": [], 
  "end_x": 16729.004594842234, 
  "num": 15241, 
  "zoom": 14, 
  "start_x": 16727.907035165365
}