{
  "shown": [], 
  "end_x": 16738.88263193406, 
  "num": 15250, 
  "zoom": 14, 
  "start_x": 16737.78507225719
}