{
  "shown": [], 
  "end_x": 16746.565549672145, 
  "num": 15257, 
  "zoom": 14, 
  "start_x": 16745.467989995275
}