{
  "shown": [], 
  "end_x": 16747.663109349014, 
  "num": 15258, 
  "zoom": 14, 
  "start_x": 16746.565549672145
}