{
  "shown": [], 
  "end_x": 16741.077751287798, 
  "num": 15252, 
  "zoom": 14, 
  "start_x": 16739.980191610928
}