{
  "shown": [
    {
      "max_elev": 128, 
      "uid": "ee163414-d4be-4548-9ef5-5a1b8b234454", 
      "area": 1.82, 
      "num_lifts": 1, 
      "source": "jsons/ski_area_elevations//asia-latest.json", 
      "min_elev": 53, 
      "cumarea": 16747.764249560652
    }
  ], 
  "end_x": 16748.760669025884, 
  "num": 15259, 
  "zoom": 14, 
  "start_x": 16747.663109349014
}