{
  "shown": [], 
  "end_x": 16757.54114644083, 
  "num": 15267, 
  "zoom": 14, 
  "start_x": 16756.443586763962
}