{
  "shown": [], 
  "end_x": 16754.248467410223, 
  "num": 15264, 
  "zoom": 14, 
  "start_x": 16753.150907733358
}