{
  "shown": [], 
  "end_x": 16765.224064178918, 
  "num": 15274, 
  "zoom": 14, 
  "start_x": 16764.12650450205
}