{
  "shown": [], 
  "end_x": 16761.93138514831, 
  "num": 15271, 
  "zoom": 14, 
  "start_x": 16760.83382547144
}