{
  "shown": [], 
  "end_x": 1678.1687459331965, 
  "num": 1528, 
  "zoom": 14, 
  "start_x": 1677.071186256327
}