{
  "shown": [], 
  "end_x": 16772.906981917004, 
  "num": 15281, 
  "zoom": 14, 
  "start_x": 16771.809422240134
}