{
  "shown": [], 
  "end_x": 16780.58989965509, 
  "num": 15288, 
  "zoom": 14, 
  "start_x": 16779.49233997822
}