{
  "shown": [
    {
      "max_elev": 123, 
      "uid": "4e1613c6-d897-473f-ae57-423992db49a5", 
      "area": 1.83, 
      "num_lifts": 2, 
      "source": "jsons/ski_area_elevations//europe-latest.json", 
      "min_elev": 53, 
      "cumarea": 16784.36089609106
    }
  ], 
  "end_x": 16784.980138362567, 
  "num": 15292, 
  "zoom": 14, 
  "start_x": 16783.882578685698
}