{
  "shown": [], 
  "end_x": 169.0241902378759, 
  "num": 153, 
  "zoom": 14, 
  "start_x": 167.92663056100656
}