{
  "shown": [], 
  "end_x": 16797.05329480813, 
  "num": 15303, 
  "zoom": 14, 
  "start_x": 16795.95573513126
}