{
  "shown": [], 
  "end_x": 16801.44353351561, 
  "num": 15307, 
  "zoom": 14, 
  "start_x": 16800.34597383874
}