{
  "shown": [], 
  "end_x": 1680.363865286935, 
  "num": 1530, 
  "zoom": 14, 
  "start_x": 1679.2663056100657
}