{
  "shown": [], 
  "end_x": 16820.10204802239, 
  "num": 15324, 
  "zoom": 14, 
  "start_x": 16819.00448834552
}