{
  "shown": [], 
  "end_x": 16825.589846406736, 
  "num": 15329, 
  "zoom": 14, 
  "start_x": 16824.492286729866
}