{
  "shown": [], 
  "end_x": 16822.297167376128, 
  "num": 15326, 
  "zoom": 14, 
  "start_x": 16821.19960769926
}