{
  "shown": [], 
  "end_x": 16828.882525437344, 
  "num": 15332, 
  "zoom": 14, 
  "start_x": 16827.784965760475
}