{
  "shown": [], 
  "end_x": 16833.272764144822, 
  "num": 15336, 
  "zoom": 14, 
  "start_x": 16832.175204467952
}