{
  "shown": [], 
  "end_x": 16836.56544317543, 
  "num": 15339, 
  "zoom": 14, 
  "start_x": 16835.46788349856
}