{
  "shown": [], 
  "end_x": 16835.46788349856, 
  "num": 15338, 
  "zoom": 14, 
  "start_x": 16834.37032382169
}