{
  "shown": [
    {
      "max_elev": 120, 
      "uid": "95db71fa-5ea8-4ca7-a90f-6722bbb0dad3", 
      "area": 1.8800000000000001, 
      "num_lifts": 5, 
      "source": "jsons/ski_area_elevations//europe-latest.json", 
      "min_elev": 54, 
      "cumarea": 16844.713134768434
    }
  ], 
  "end_x": 16845.345920590386, 
  "num": 15347, 
  "zoom": 14, 
  "start_x": 16844.248360913516
}