{
  "shown": [], 
  "end_x": 16857.41907703595, 
  "num": 15358, 
  "zoom": 14, 
  "start_x": 16856.32151735908
}