{
  "shown": [], 
  "end_x": 16855.22395768221, 
  "num": 15356, 
  "zoom": 14, 
  "start_x": 16854.12639800534
}