{
  "shown": [], 
  "end_x": 16849.736159297863, 
  "num": 15351, 
  "zoom": 14, 
  "start_x": 16848.638599620994
}