{
  "shown": [], 
  "end_x": 16851.931278651602, 
  "num": 15353, 
  "zoom": 14, 
  "start_x": 16850.833718974733
}