{
  "shown": [], 
  "end_x": 16868.394673804636, 
  "num": 15368, 
  "zoom": 14, 
  "start_x": 16867.297114127767
}