{
  "shown": [], 
  "end_x": 1686.949223348151, 
  "num": 1536, 
  "zoom": 14, 
  "start_x": 1685.8516636712816
}