{
  "shown": [], 
  "end_x": 16860.71175606655, 
  "num": 15361, 
  "zoom": 14, 
  "start_x": 16859.61419638968
}