{
  "shown": [], 
  "end_x": 16876.077591542722, 
  "num": 15375, 
  "zoom": 14, 
  "start_x": 16874.980031865853
}