{
  "shown": [], 
  "end_x": 16902.41902378759, 
  "num": 15399, 
  "zoom": 14, 
  "start_x": 16901.32146411072
}