{
  "shown": [], 
  "end_x": 16907.906822171935, 
  "num": 15404, 
  "zoom": 14, 
  "start_x": 16906.809262495066
}