{
  "shown": [], 
  "end_x": 16919.9799786175, 
  "num": 15415, 
  "zoom": 14, 
  "start_x": 16918.88241894063
}