{
  "shown": [], 
  "end_x": 16917.78485926376, 
  "num": 15413, 
  "zoom": 14, 
  "start_x": 16916.68729958689
}