{
  "shown": [], 
  "end_x": 16938.63849312428, 
  "num": 15432, 
  "zoom": 14, 
  "start_x": 16937.54093344741
}