{
  "shown": [], 
  "end_x": 16946.321410862365, 
  "num": 15439, 
  "zoom": 14, 
  "start_x": 16945.223851185496
}