{
  "shown": [], 
  "end_x": 16940.833612478018, 
  "num": 15434, 
  "zoom": 14, 
  "start_x": 16939.73605280115
}