{
  "shown": [], 
  "end_x": 16955.10188827732, 
  "num": 15447, 
  "zoom": 14, 
  "start_x": 16954.00432860045
}