{
  "shown": [], 
  "end_x": 16949.614089892973, 
  "num": 15442, 
  "zoom": 14, 
  "start_x": 16948.516530216104
}