{
  "shown": [], 
  "end_x": 16959.4921269848, 
  "num": 15451, 
  "zoom": 14, 
  "start_x": 16958.39456730793
}