{
  "shown": [], 
  "end_x": 16974.857962460963, 
  "num": 15465, 
  "zoom": 14, 
  "start_x": 16973.760402784093
}