{
  "shown": [], 
  "end_x": 16970.467723753485, 
  "num": 15461, 
  "zoom": 14, 
  "start_x": 16969.370164076616
}