{
  "shown": [], 
  "end_x": 16978.15064149157, 
  "num": 15468, 
  "zoom": 14, 
  "start_x": 16977.0530818147
}