{
  "shown": [], 
  "end_x": 1699.0223797937133, 
  "num": 1547, 
  "zoom": 14, 
  "start_x": 1697.9248201168439
}