{
  "shown": [], 
  "end_x": 16989.126238260265, 
  "num": 15478, 
  "zoom": 14, 
  "start_x": 16988.028678583396
}