{
  "shown": [], 
  "end_x": 16985.833559229657, 
  "num": 15475, 
  "zoom": 14, 
  "start_x": 16984.735999552788
}