{
  "shown": [], 
  "end_x": 16995.711596321482, 
  "num": 15484, 
  "zoom": 14, 
  "start_x": 16994.614036644612
}