{
  "shown": [], 
  "end_x": 17006.687193090176, 
  "num": 15494, 
  "zoom": 14, 
  "start_x": 17005.589633413307
}