{
  "shown": [], 
  "end_x": 171.21930959161455, 
  "num": 155, 
  "zoom": 14, 
  "start_x": 170.12174991474524
}