{
  "shown": [], 
  "end_x": 17019.85790921261, 
  "num": 15506, 
  "zoom": 14, 
  "start_x": 17018.76034953574
}