{
  "shown": [], 
  "end_x": 17028.638386627565, 
  "num": 15514, 
  "zoom": 14, 
  "start_x": 17027.540826950695
}