{
  "shown": [], 
  "end_x": 1703.4126185011908, 
  "num": 1551, 
  "zoom": 14, 
  "start_x": 1702.3150588243216
}