{
  "shown": [], 
  "end_x": 17030.833505981303, 
  "num": 15516, 
  "zoom": 14, 
  "start_x": 17029.735946304434
}