{
  "shown": [], 
  "end_x": 17035.223744688774, 
  "num": 15520, 
  "zoom": 14, 
  "start_x": 17034.126185011908
}