{
  "shown": [], 
  "end_x": 17054.979818872423, 
  "num": 15538, 
  "zoom": 14, 
  "start_x": 17053.882259195554
}