{
  "shown": [], 
  "end_x": 17049.492020488076, 
  "num": 15533, 
  "zoom": 14, 
  "start_x": 17048.394460811207
}