{
  "shown": [], 
  "end_x": 17057.174938226162, 
  "num": 15540, 
  "zoom": 14, 
  "start_x": 17056.077378549293
}