{
  "shown": [], 
  "end_x": 17080.22369144042, 
  "num": 15561, 
  "zoom": 14, 
  "start_x": 17079.12613176355
}