{
  "shown": [], 
  "end_x": 1709.9979765624068, 
  "num": 1557, 
  "zoom": 14, 
  "start_x": 1708.9004168855377
}