{
  "shown": [], 
  "end_x": 17091.199288209114, 
  "num": 15571, 
  "zoom": 14, 
  "start_x": 17090.101728532245
}