{
  "shown": [], 
  "end_x": 17093.394407562853, 
  "num": 15573, 
  "zoom": 14, 
  "start_x": 17092.296847885984
}