{
  "shown": [], 
  "end_x": 17102.17488497781, 
  "num": 15581, 
  "zoom": 14, 
  "start_x": 17101.07732530094
}