{
  "shown": [], 
  "end_x": 17115.345601100234, 
  "num": 15593, 
  "zoom": 14, 
  "start_x": 17114.248041423365
}