{
  "shown": [], 
  "end_x": 17119.735839807712, 
  "num": 15597, 
  "zoom": 14, 
  "start_x": 17118.638280130843
}