{
  "shown": [], 
  "end_x": 17114.248041423365, 
  "num": 15592, 
  "zoom": 14, 
  "start_x": 17113.150481746496
}