{
  "shown": [], 
  "end_x": 17121.93095916145, 
  "num": 15599, 
  "zoom": 14, 
  "start_x": 17120.83339948458
}