{
  "shown": [], 
  "end_x": 17123.02851883832, 
  "num": 15600, 
  "zoom": 14, 
  "start_x": 17121.93095916145
}