{
  "shown": [], 
  "end_x": 17135.101675283884, 
  "num": 15611, 
  "zoom": 14, 
  "start_x": 17134.004115607015
}