{
  "shown": [
    {
      "max_elev": 88, 
      "uid": "1197a877-4915-49e2-bf73-8c4f80e98c25", 
      "area": 1.94, 
      "num_lifts": 1, 
      "source": "jsons/ski_area_elevations//europe-latest.json", 
      "min_elev": 54, 
      "cumarea": 17133.694180610335
    }
  ], 
  "end_x": 17134.004115607015, 
  "num": 15610, 
  "zoom": 14, 
  "start_x": 17132.906555930145
}