{
  "shown": [], 
  "end_x": 17138.394354314492, 
  "num": 15614, 
  "zoom": 14, 
  "start_x": 17137.296794637623
}