{
  "shown": [], 
  "end_x": 17143.88215269884, 
  "num": 15619, 
  "zoom": 14, 
  "start_x": 17142.78459302197
}