{
  "shown": [], 
  "end_x": 17136.199234960754, 
  "num": 15612, 
  "zoom": 14, 
  "start_x": 17135.101675283884
}