{
  "shown": [], 
  "end_x": 17161.44310752875, 
  "num": 15635, 
  "zoom": 14, 
  "start_x": 17160.34554785188
}