{
  "shown": [
    {
      "max_elev": 2337, 
      "cumarea": 1717.3250537209253, 
      "area": 5.7700000000000005, 
      "num_lifts": 23, 
      "name": "Moena - Alpe Lusia - Bellamonte / Trevalli", 
      "source": "jsons/ski_area_elevations//europe-latest.json", 
      "min_elev": 1367, 
      "uid": "b1d9d274-3410-484b-8c72-4ddc71bee13f"
    }
  ], 
  "end_x": 1717.6808943004921, 
  "num": 1564, 
  "zoom": 14, 
  "start_x": 1716.5833346236227
}