{
  "shown": [], 
  "end_x": 17185.58942041987, 
  "num": 15657, 
  "zoom": 14, 
  "start_x": 17184.491860743
}