{
  "shown": [], 
  "end_x": 1718.7784539773613, 
  "num": 1565, 
  "zoom": 14, 
  "start_x": 1717.6808943004921
}