{
  "shown": [], 
  "end_x": 17208.638173634128, 
  "num": 15678, 
  "zoom": 14, 
  "start_x": 17207.54061395726
}