{
  "shown": [
    {
      "max_elev": 80, 
      "uid": "0c544d41-d74e-4890-acd3-28e7ffddbc66", 
      "area": 1.8800000000000001, 
      "num_lifts": 2, 
      "source": "jsons/ski_area_elevations//europe-latest.json", 
      "min_elev": 53, 
      "cumarea": 17204.22453688356
    }
  ], 
  "end_x": 17204.24793492665, 
  "num": 15674, 
  "zoom": 14, 
  "start_x": 17203.15037524978
}