{
  "shown": [], 
  "end_x": 17210.833292987867, 
  "num": 15680, 
  "zoom": 14, 
  "start_x": 17209.735733310998
}