{
  "shown": [], 
  "end_x": 17214.125972018475, 
  "num": 15683, 
  "zoom": 14, 
  "start_x": 17213.028412341606
}