{
  "shown": [], 
  "end_x": 1723.1686926848386, 
  "num": 1569, 
  "zoom": 14, 
  "start_x": 1722.0711330079694
}