{
  "shown": [], 
  "end_x": 17240.46740426334, 
  "num": 15707, 
  "zoom": 14, 
  "start_x": 17239.369844586472
}