{
  "shown": [
    {
      "max_elev": 2336, 
      "uid": "c4e24d84-2fef-475e-a0be-4be99a2278f6", 
      "area": 4.66, 
      "num_lifts": 18, 
      "source": "jsons/ski_area_elevations//europe-latest.json", 
      "min_elev": 985, 
      "cumarea": 1723.5006459981346
    }
  ], 
  "end_x": 1724.2662523617078, 
  "num": 1570, 
  "zoom": 14, 
  "start_x": 1723.1686926848386
}