{
  "shown": [], 
  "end_x": 17252.540560708898, 
  "num": 15718, 
  "zoom": 14, 
  "start_x": 17251.44300103203
}