{
  "shown": [], 
  "end_x": 17253.638120385767, 
  "num": 15719, 
  "zoom": 14, 
  "start_x": 17252.540560708898
}