{
  "shown": [], 
  "end_x": 1725.3638120385772, 
  "num": 1571, 
  "zoom": 14, 
  "start_x": 1724.2662523617078
}