{
  "shown": [
    {
      "max_elev": 78, 
      "uid": "65b0dee9-ef24-4cb6-8081-5fc8a93b6729", 
      "area": 1.81, 
      "num_lifts": 2, 
      "source": "jsons/ski_area_elevations//europe-latest.json", 
      "min_elev": 60, 
      "cumarea": 17243.44902995511
    }
  ], 
  "end_x": 17243.76008329395, 
  "num": 15710, 
  "zoom": 14, 
  "start_x": 17242.66252361708
}