{
  "shown": [], 
  "end_x": 17245.95520264768, 
  "num": 15712, 
  "zoom": 14, 
  "start_x": 17244.857642970816
}