{
  "shown": [], 
  "end_x": 17269.00395586194, 
  "num": 15733, 
  "zoom": 14, 
  "start_x": 17267.90639618507
}