{
  "shown": [], 
  "end_x": 17271.199075215678, 
  "num": 15735, 
  "zoom": 14, 
  "start_x": 17270.10151553881
}