{
  "shown": [], 
  "end_x": 17272.296634892547, 
  "num": 15736, 
  "zoom": 14, 
  "start_x": 17271.199075215678
}