{
  "shown": [], 
  "end_x": 17276.686873600025, 
  "num": 15740, 
  "zoom": 14, 
  "start_x": 17275.589313923156
}