{
  "shown": [], 
  "end_x": 1728.656491069185, 
  "num": 1574, 
  "zoom": 14, 
  "start_x": 1727.5589313923158
}