{
  "shown": [], 
  "end_x": 17295.345388106805, 
  "num": 15757, 
  "zoom": 14, 
  "start_x": 17294.247828429936
}