{
  "shown": [], 
  "end_x": 17303.02830584489, 
  "num": 15764, 
  "zoom": 14, 
  "start_x": 17301.930746168022
}