{
  "shown": [], 
  "end_x": 17305.22342519863, 
  "num": 15766, 
  "zoom": 14, 
  "start_x": 17304.12586552176
}