{
  "shown": [], 
  "end_x": 17310.711223582977, 
  "num": 15771, 
  "zoom": 14, 
  "start_x": 17309.613663906108
}