{
  "shown": [], 
  "end_x": 17319.491700997925, 
  "num": 15779, 
  "zoom": 14, 
  "start_x": 17318.394141321056
}