{
  "shown": [
    {
      "max_elev": 69, 
      "uid": "513447cd-6e9e-4eb3-879e-f8e5e52eb874", 
      "area": 1.81, 
      "num_lifts": 1, 
      "source": "jsons/ski_area_elevations//europe-latest.json", 
      "min_elev": 45, 
      "cumarea": 17324.721793628414
    }
  ], 
  "end_x": 17324.979499382272, 
  "num": 15784, 
  "zoom": 14, 
  "start_x": 17323.881939705403
}