{
  "shown": [
    {
      "max_elev": 69, 
      "uid": "aa456818-9c22-4ec1-bfa0-74ad46061653", 
      "area": 1.8, 
      "num_lifts": 1, 
      "source": "jsons/ski_area_elevations//europe-latest.json", 
      "min_elev": 69, 
      "cumarea": 17327.309580293317
    }
  ], 
  "end_x": 17328.27217841288, 
  "num": 15787, 
  "zoom": 14, 
  "start_x": 17327.17461873601
}