{
  "shown": [], 
  "end_x": 17337.052655827836, 
  "num": 15795, 
  "zoom": 14, 
  "start_x": 17335.955096150967
}