{
  "shown": [], 
  "end_x": 17350.22337195027, 
  "num": 15807, 
  "zoom": 14, 
  "start_x": 17349.1258122734
}