{
  "shown": [], 
  "end_x": 17360.101409042094, 
  "num": 15816, 
  "zoom": 14, 
  "start_x": 17359.003849365225
}