{
  "shown": [], 
  "end_x": 1738.5345281610091, 
  "num": 1583, 
  "zoom": 14, 
  "start_x": 1737.43696848414
}