{
  "shown": [], 
  "end_x": 17401.808676763132, 
  "num": 15854, 
  "zoom": 14, 
  "start_x": 17400.711117086263
}