{
  "shown": [], 
  "end_x": 17402.90623644, 
  "num": 15855, 
  "zoom": 14, 
  "start_x": 17401.808676763132
}