{
  "shown": [], 
  "end_x": 17410.589154178087, 
  "num": 15862, 
  "zoom": 14, 
  "start_x": 17409.491594501218
}