{
  "shown": [
    {
      "max_elev": 2330, 
      "cumarea": 1743.481934453488, 
      "area": 6.95, 
      "num_lifts": 37, 
      "name": "Krasnaya Polyana", 
      "source": "jsons/ski_area_elevations//asia-latest.json", 
      "min_elev": 520, 
      "uid": "c326f600-075e-439d-944d-d71a188c0367"
    }
  ], 
  "end_x": 1744.022326545356, 
  "num": 1588, 
  "zoom": 14, 
  "start_x": 1742.9247668684866
}