{
  "shown": [], 
  "end_x": 17441.320825130424, 
  "num": 15890, 
  "zoom": 14, 
  "start_x": 17440.223265453555
}