{
  "shown": [
    {
      "max_elev": 56, 
      "uid": "169711b0-e64c-4c95-a6fc-cd3011f2e01b", 
      "area": 1.81, 
      "num_lifts": 1, 
      "source": "jsons/ski_area_elevations//asia-latest.json", 
      "min_elev": 27, 
      "cumarea": 17444.658504201532
    }
  ], 
  "end_x": 17445.7110638379, 
  "num": 15894, 
  "zoom": 14, 
  "start_x": 17444.613504161032
}