{
  "shown": [], 
  "end_x": 17444.613504161032, 
  "num": 15893, 
  "zoom": 14, 
  "start_x": 17443.515944484163
}