{
  "shown": [], 
  "end_x": 17452.29642189912, 
  "num": 15900, 
  "zoom": 14, 
  "start_x": 17451.19886222225
}