{
  "shown": [], 
  "end_x": 1746.2174458990944, 
  "num": 1590, 
  "zoom": 14, 
  "start_x": 1745.1198862222252
}