{
  "shown": [], 
  "end_x": 17459.979339637204, 
  "num": 15907, 
  "zoom": 14, 
  "start_x": 17458.881779960335
}