{
  "shown": [], 
  "end_x": 17466.56469769842, 
  "num": 15913, 
  "zoom": 14, 
  "start_x": 17465.46713802155
}