{
  "shown": [], 
  "end_x": 17467.66225737529, 
  "num": 15914, 
  "zoom": 14, 
  "start_x": 17466.56469769842
}