{
  "shown": [], 
  "end_x": 17475.345175113376, 
  "num": 15921, 
  "zoom": 14, 
  "start_x": 17474.247615436507
}