{
  "shown": [], 
  "end_x": 17480.832973497723, 
  "num": 15926, 
  "zoom": 14, 
  "start_x": 17479.735413820854
}