{
  "shown": [], 
  "end_x": 17485.2232122052, 
  "num": 15930, 
  "zoom": 14, 
  "start_x": 17484.12565252833
}