{
  "shown": [
    {
      "max_elev": 47, 
      "uid": "c0bfa0dd-eed9-4ea1-b400-dddc2a6ad9c6", 
      "area": 1.81, 
      "num_lifts": 1, 
      "source": "jsons/ski_area_elevations//europe-latest.json", 
      "min_elev": 33, 
      "cumarea": 17514.7653158378
    }
  ], 
  "end_x": 17514.857323480675, 
  "num": 15957, 
  "zoom": 14, 
  "start_x": 17513.759763803806
}