{
  "shown": [], 
  "end_x": 17515.954883157545, 
  "num": 15958, 
  "zoom": 14, 
  "start_x": 17514.857323480675
}