{
  "shown": [], 
  "end_x": 17524.7353605725, 
  "num": 15966, 
  "zoom": 14, 
  "start_x": 17523.63780089563
}