{
  "shown": [], 
  "end_x": 17532.41827831058, 
  "num": 15973, 
  "zoom": 14, 
  "start_x": 17531.32071863371
}