{
  "shown": [], 
  "end_x": 17549.97923314049, 
  "num": 15989, 
  "zoom": 14, 
  "start_x": 17548.88167346362
}