{
  "shown": [], 
  "end_x": 17553.271912171098, 
  "num": 15992, 
  "zoom": 14, 
  "start_x": 17552.17435249423
}