{
  "shown": [], 
  "end_x": 176.70710797596115, 
  "num": 160, 
  "zoom": 14, 
  "start_x": 175.60954829909184
}