{
  "shown": [], 
  "end_x": 17563.149949262923, 
  "num": 16001, 
  "zoom": 14, 
  "start_x": 17562.052389586053
}