{
  "shown": [], 
  "end_x": 17571.930426677878, 
  "num": 16009, 
  "zoom": 14, 
  "start_x": 17570.83286700101
}