{
  "shown": [], 
  "end_x": 17581.808463769703, 
  "num": 16018, 
  "zoom": 14, 
  "start_x": 17580.710904092834
}