{
  "shown": [], 
  "end_x": 1758.290602344657, 
  "num": 1601, 
  "zoom": 14, 
  "start_x": 1757.1930426677877
}