{
  "shown": [], 
  "end_x": 17600.466978276476, 
  "num": 16035, 
  "zoom": 14, 
  "start_x": 17599.369418599606
}