{
  "shown": [], 
  "end_x": 17608.14989601456, 
  "num": 16042, 
  "zoom": 14, 
  "start_x": 17607.052336337692
}