{
  "shown": [], 
  "end_x": 17615.832813752648, 
  "num": 16049, 
  "zoom": 14, 
  "start_x": 17614.73525407578
}