{
  "shown": [], 
  "end_x": 17639.979126643775, 
  "num": 16071, 
  "zoom": 14, 
  "start_x": 17638.881566966906
}