{
  "shown": [], 
  "end_x": 17638.881566966906, 
  "num": 16070, 
  "zoom": 14, 
  "start_x": 17637.784007290036
}