{
  "shown": [], 
  "end_x": 17647.66204438186, 
  "num": 16078, 
  "zoom": 14, 
  "start_x": 17646.56448470499
}