{
  "shown": [], 
  "end_x": 17657.540081473686, 
  "num": 16087, 
  "zoom": 14, 
  "start_x": 17656.442521796816
}