{
  "shown": [], 
  "end_x": 17667.418118565503, 
  "num": 16096, 
  "zoom": 14, 
  "start_x": 17666.320558888638
}