{
  "shown": [], 
  "end_x": 17678.393715334198, 
  "num": 16106, 
  "zoom": 14, 
  "start_x": 17677.29615565733
}