{
  "shown": [
    {
      "max_elev": 34, 
      "uid": "9636c251-e5f7-4a26-86d6-5b8e5b42c3cc", 
      "area": 1.81, 
      "num_lifts": 1, 
      "source": "jsons/ski_area_elevations//europe-latest.json", 
      "min_elev": 31, 
      "cumarea": 17674.115262127783
    }
  ], 
  "end_x": 17675.10103630359, 
  "num": 16103, 
  "zoom": 14, 
  "start_x": 17674.00347662672
}