{
  "shown": [], 
  "end_x": 17684.979073395414, 
  "num": 16112, 
  "zoom": 14, 
  "start_x": 17683.881513718545
}