{
  "shown": [], 
  "end_x": 17699.247349194717, 
  "num": 16125, 
  "zoom": 14, 
  "start_x": 17698.149789517847
}