{
  "shown": [], 
  "end_x": 17702.540028225325, 
  "num": 16128, 
  "zoom": 14, 
  "start_x": 17701.442468548456
}