{
  "shown": [], 
  "end_x": 17712.41806531715, 
  "num": 16137, 
  "zoom": 14, 
  "start_x": 17711.32050564028
}