{
  "shown": [
    {
      "max_elev": 30, 
      "uid": "a64181ef-f1c3-4915-87d8-695e63666778", 
      "area": 1.81, 
      "num_lifts": 2, 
      "source": "jsons/ski_area_elevations//europe-latest.json", 
      "min_elev": 14, 
      "cumarea": 17721.505976464392
    }
  ], 
  "end_x": 17722.296102408975, 
  "num": 16146, 
  "zoom": 14, 
  "start_x": 17721.198542732105
}