{
  "shown": [], 
  "end_x": 17717.905863701497, 
  "num": 16142, 
  "zoom": 14, 
  "start_x": 17716.808304024627
}