{
  "shown": [], 
  "end_x": 17715.710744347758, 
  "num": 16140, 
  "zoom": 14, 
  "start_x": 17714.61318467089
}