{
  "shown": [
    {
      "max_elev": 28, 
      "cumarea": 17726.767132682246, 
      "area": 1.95, 
      "num_lifts": 6, 
      "name": "(urban, Rio de Janeiro)", 
      "source": "jsons/ski_area_elevations//south-america-latest.json", 
      "min_elev": 0, 
      "uid": "a21157b3-005a-4fdb-b5a7-5bf8d341eb9f"
    }
  ], 
  "end_x": 17727.78390079332, 
  "num": 16151, 
  "zoom": 14, 
  "start_x": 17726.686341116452
}