{
  "shown": [], 
  "end_x": 17739.857057238878, 
  "num": 16162, 
  "zoom": 14, 
  "start_x": 17738.75949756201
}