{
  "shown": [], 
  "end_x": 17751.93021368444, 
  "num": 16173, 
  "zoom": 14, 
  "start_x": 17750.832654007572
}