{
  "shown": [], 
  "end_x": 17749.735094330703, 
  "num": 16171, 
  "zoom": 14, 
  "start_x": 17748.637534653833
}