{
  "shown": [], 
  "end_x": 17757.41801206879, 
  "num": 16178, 
  "zoom": 14, 
  "start_x": 17756.32045239192
}