{
  "shown": [], 
  "end_x": 17768.393608837483, 
  "num": 16188, 
  "zoom": 14, 
  "start_x": 17767.296049160614
}