{
  "shown": [
    {
      "max_elev": 21, 
      "uid": "fb7efa20-84fa-40df-8294-8555bae9adc6", 
      "area": 1.81, 
      "num_lifts": 1, 
      "source": "jsons/ski_area_elevations//south-america-latest.json", 
      "min_elev": 19, 
      "cumarea": 17773.85537681054
    }
  ], 
  "end_x": 17773.88140722183, 
  "num": 16193, 
  "zoom": 14, 
  "start_x": 17772.78384754496
}