{
  "shown": [], 
  "end_x": 17780.466765283047, 
  "num": 16199, 
  "zoom": 14, 
  "start_x": 17779.369205606177
}