{
  "shown": [
    {
      "max_elev": 2316, 
      "cumarea": 1779.5722013603556, 
      "area": 5.44, 
      "num_lifts": 31, 
      "name": "Brundage Mountain", 
      "source": "jsons/ski_area_elevations//north-america-latest.json", 
      "min_elev": 1783, 
      "uid": "3c25a0ce-913a-47bc-b969-ee5bd80a3233"
    }
  ], 
  "end_x": 1780.2417958820436, 
  "num": 1621, 
  "zoom": 14, 
  "start_x": 1779.1442362051744
}