{
  "shown": [
    {
      "max_elev": 19, 
      "uid": "9797c41f-6e09-4232-a7ef-b0222113a9ff", 
      "area": 1.9100000000000001, 
      "num_lifts": 2, 
      "source": "jsons/ski_area_elevations//north-america-latest.json", 
      "min_elev": 14, 
      "cumarea": 17792.073430245848
    }
  ], 
  "end_x": 17792.53992172861, 
  "num": 16210, 
  "zoom": 14, 
  "start_x": 17791.44236205174
}