{
  "shown": [], 
  "end_x": 17795.83260075922, 
  "num": 16213, 
  "zoom": 14, 
  "start_x": 17794.73504108235
}