{
  "shown": [], 
  "end_x": 17804.613078174174, 
  "num": 16221, 
  "zoom": 14, 
  "start_x": 17803.515518497305
}