{
  "shown": [], 
  "end_x": 17810.100876558514, 
  "num": 16226, 
  "zoom": 14, 
  "start_x": 17809.003316881644
}