{
  "shown": [
    {
      "max_elev": 16, 
      "uid": "a27dd709-83ab-4eb3-ade5-b3c418302a0d", 
      "area": 1.82, 
      "num_lifts": 2, 
      "source": "jsons/ski_area_elevations//europe-latest.json", 
      "min_elev": 9, 
      "cumarea": 17805.08348853505
    }
  ], 
  "end_x": 17805.710637851043, 
  "num": 16222, 
  "zoom": 14, 
  "start_x": 17804.613078174174
}