{
  "shown": [], 
  "end_x": 17814.49111526599, 
  "num": 16230, 
  "zoom": 14, 
  "start_x": 17813.393555589122
}