{
  "shown": [], 
  "end_x": 17823.271592680947, 
  "num": 16238, 
  "zoom": 14, 
  "start_x": 17822.174033004078
}