{
  "shown": [], 
  "end_x": 17843.027666864597, 
  "num": 16256, 
  "zoom": 14, 
  "start_x": 17841.930107187727
}