{
  "shown": [], 
  "end_x": 1784.6320345895208, 
  "num": 1625, 
  "zoom": 14, 
  "start_x": 1783.5344749126516
}