{
  "shown": [], 
  "end_x": 17838.63742815712, 
  "num": 16252, 
  "zoom": 14, 
  "start_x": 17837.53986848025
}