{
  "shown": [], 
  "end_x": 17854.00326363329, 
  "num": 16266, 
  "zoom": 14, 
  "start_x": 17852.90570395642
}