{
  "shown": [], 
  "end_x": 1785.72959426639, 
  "num": 1626, 
  "zoom": 14, 
  "start_x": 1784.6320345895208
}