{
  "shown": [], 
  "end_x": 1787.9247136201288, 
  "num": 1628, 
  "zoom": 14, 
  "start_x": 1786.8271539432594
}