{
  "shown": [], 
  "end_x": 17884.734934585627, 
  "num": 16294, 
  "zoom": 14, 
  "start_x": 17883.637374908758
}