{
  "shown": [], 
  "end_x": 17885.832494262497, 
  "num": 16295, 
  "zoom": 14, 
  "start_x": 17884.734934585627
}