{
  "shown": [], 
  "end_x": 17895.71053135432, 
  "num": 16304, 
  "zoom": 14, 
  "start_x": 17894.612971677452
}