{
  "shown": [], 
  "end_x": 17911.076366830493, 
  "num": 16318, 
  "zoom": 14, 
  "start_x": 17909.978807153624
}