{
  "shown": [
    {
      "max_elev": 2, 
      "uid": "c3344778-0020-4bb5-86ea-bf2a0ee086cd", 
      "area": 1.8, 
      "num_lifts": 1, 
      "source": "jsons/ski_area_elevations//europe-latest.json", 
      "min_elev": 1, 
      "cumarea": 17927.594926308368
    }
  ], 
  "end_x": 17928.637321660404, 
  "num": 16334, 
  "zoom": 14, 
  "start_x": 17927.539761983535
}