{
  "shown": [], 
  "end_x": 17927.539761983535, 
  "num": 16333, 
  "zoom": 14, 
  "start_x": 17926.442202306665
}