{
  "shown": [
    {
      "max_elev": 1, 
      "uid": "016d4cab-5321-45ab-9ce2-513107659362", 
      "area": 1.8, 
      "num_lifts": 0, 
      "source": "jsons/ski_area_elevations//europe-latest.json", 
      "min_elev": 1, 
      "cumarea": 17932.79789861236
    }
  ], 
  "end_x": 17933.027560367882, 
  "num": 16338, 
  "zoom": 14, 
  "start_x": 17931.930000691013
}