{
  "shown": [], 
  "end_x": 17960.466552289618, 
  "num": 16363, 
  "zoom": 14, 
  "start_x": 17959.368992612748
}