{
  "shown": [], 
  "end_x": 17961.564111966487, 
  "num": 16364, 
  "zoom": 14, 
  "start_x": 17960.466552289618
}