{
  "shown": [], 
  "end_x": 17963.759231320226, 
  "num": 16366, 
  "zoom": 14, 
  "start_x": 17962.661671643356
}