{
  "shown": [
    {
      "max_elev": 0, 
      "uid": "ce9382b8-b9cb-4296-9e2b-dcb139be68b4", 
      "area": 1.83, 
      "num_lifts": 1, 
      "source": "jsons/ski_area_elevations//europe-latest.json", 
      "min_elev": 0, 
      "cumarea": 17961.606238418455
    }
  ], 
  "end_x": 17962.661671643356, 
  "num": 16365, 
  "zoom": 14, 
  "start_x": 17961.564111966487
}