{
  "shown": [], 
  "end_x": 17979.125066796398, 
  "num": 16380, 
  "zoom": 14, 
  "start_x": 17978.02750711953
}