{
  "shown": [
    {
      "max_elev": 3510, 
      "cumarea": 180.4616200378252, 
      "area": 21.86, 
      "num_lifts": 171, 
      "name": "Les Deux Alpes", 
      "source": "jsons/ski_area_elevations//europe-latest.json", 
      "min_elev": 955, 
      "uid": "66d77664-4f12-451c-86a9-fc3d9bbfd396"
    }
  ], 
  "end_x": 181.09734668343845, 
  "num": 164, 
  "zoom": 14, 
  "start_x": 179.99978700656914
}