{
  "shown": [], 
  "end_x": 1805.4856684500378, 
  "num": 1644, 
  "zoom": 14, 
  "start_x": 1804.3881087731684
}