{
  "shown": [
    {
      "max_elev": 2306, 
      "uid": "76acb2ef-f7be-4758-950b-6b269ba49138", 
      "area": 2.4, 
      "num_lifts": 5, 
      "source": "jsons/ski_area_elevations//europe-latest.json", 
      "min_elev": 1785, 
      "cumarea": 1806.14965157848
    }
  ], 
  "end_x": 1806.5832281269072, 
  "num": 1645, 
  "zoom": 14, 
  "start_x": 1805.4856684500378
}