{
  "shown": [], 
  "end_x": 1810.9734668343845, 
  "num": 1649, 
  "zoom": 14, 
  "start_x": 1809.875907157515
}