{
  "shown": [], 
  "end_x": 1826.339302310555, 
  "num": 1663, 
  "zoom": 14, 
  "start_x": 1825.2417426336856
}