{
  "shown": [], 
  "end_x": 1827.4368619874244, 
  "num": 1664, 
  "zoom": 14, 
  "start_x": 1826.339302310555
}