{
  "shown": [
    {
      "max_elev": 2297, 
      "uid": "ecdcb1e8-61c5-402c-944e-f2060dbb9404", 
      "area": 3.26, 
      "num_lifts": 11, 
      "source": "jsons/ski_area_elevations//asia-latest.json", 
      "min_elev": 1685, 
      "cumarea": 1836.4254084632435
    }
  ], 
  "end_x": 1837.314899079248, 
  "num": 1673, 
  "zoom": 14, 
  "start_x": 1836.217339402379
}