{
  "shown": [], 
  "end_x": 1838.4124587561173, 
  "num": 1674, 
  "zoom": 14, 
  "start_x": 1837.314899079248
}