{
  "shown": [], 
  "end_x": 1840.6075781098561, 
  "num": 1676, 
  "zoom": 14, 
  "start_x": 1839.5100184329867
}