{
  "shown": [], 
  "end_x": 1842.802697463595, 
  "num": 1678, 
  "zoom": 14, 
  "start_x": 1841.7051377867256
}