{
  "shown": [], 
  "end_x": 1843.9002571404642, 
  "num": 1679, 
  "zoom": 14, 
  "start_x": 1842.802697463595
}