{
  "shown": [], 
  "end_x": 1850.4856152016803, 
  "num": 1685, 
  "zoom": 14, 
  "start_x": 1849.388055524811
}