{
  "shown": [], 
  "end_x": 1862.5587716472428, 
  "num": 1696, 
  "zoom": 14, 
  "start_x": 1861.4612119703734
}