{
  "shown": [
    {
      "max_elev": 2290, 
      "uid": "5c0a335f-cf41-4438-adfc-ae1ab1b9250e", 
      "area": 3.66, 
      "num_lifts": 20, 
      "source": "jsons/ski_area_elevations//europe-latest.json", 
      "min_elev": 1509, 
      "cumarea": 1863.9485028498602
    }
  ], 
  "end_x": 1864.7538910009812, 
  "num": 1698, 
  "zoom": 14, 
  "start_x": 1863.656331324112
}