{
  "shown": [], 
  "end_x": 187.68270474465442, 
  "num": 170, 
  "zoom": 14, 
  "start_x": 186.58514506778508
}