{
  "shown": [], 
  "end_x": 1868.0465700315892, 
  "num": 1701, 
  "zoom": 14, 
  "start_x": 1866.94901035472
}