{
  "shown": [], 
  "end_x": 188.78026442152373, 
  "num": 171, 
  "zoom": 14, 
  "start_x": 187.68270474465442
}