{
  "shown": [], 
  "end_x": 1884.5099651846294, 
  "num": 1716, 
  "zoom": 14, 
  "start_x": 1883.41240550776
}