{
  "shown": [], 
  "end_x": 1891.095323245845, 
  "num": 1722, 
  "zoom": 14, 
  "start_x": 1889.9977635689759
}