{
  "shown": [], 
  "end_x": 1894.388002276453, 
  "num": 1725, 
  "zoom": 14, 
  "start_x": 1893.290442599584
}