{
  "shown": [], 
  "end_x": 1898.7782409839303, 
  "num": 1729, 
  "zoom": 14, 
  "start_x": 1897.6806813070611
}