{
  "shown": [], 
  "end_x": 1903.1684796914076, 
  "num": 1733, 
  "zoom": 14, 
  "start_x": 1902.0709200145384
}