{
  "shown": [], 
  "end_x": 1906.4611587220156, 
  "num": 1736, 
  "zoom": 14, 
  "start_x": 1905.3635990451462
}