{
  "shown": [], 
  "end_x": 1907.5587183988848, 
  "num": 1737, 
  "zoom": 14, 
  "start_x": 1906.4611587220156
}