{
  "shown": [], 
  "end_x": 1909.7538377526234, 
  "num": 1739, 
  "zoom": 14, 
  "start_x": 1908.656278075754
}