{
  "shown": [
    {
      "max_elev": 2273, 
      "uid": "47b431a5-1ae4-45af-ab31-12e6a873c7c0", 
      "area": 4.1, 
      "num_lifts": 21, 
      "source": "jsons/ski_area_elevations//europe-latest.json", 
      "min_elev": 906, 
      "cumarea": 1911.5223164532017
    }
  ], 
  "end_x": 1911.9489571063623, 
  "num": 1741, 
  "zoom": 14, 
  "start_x": 1910.8513974294929
}