{
  "shown": [], 
  "end_x": 1913.0465167832317, 
  "num": 1742, 
  "zoom": 14, 
  "start_x": 1911.9489571063623
}