{
  "shown": [], 
  "end_x": 1928.4123522594023, 
  "num": 1756, 
  "zoom": 14, 
  "start_x": 1927.3147925825328
}