{
  "shown": [], 
  "end_x": 1933.9001506437487, 
  "num": 1761, 
  "zoom": 14, 
  "start_x": 1932.8025909668795
}