{
  "shown": [], 
  "end_x": 1940.4855087049646, 
  "num": 1767, 
  "zoom": 14, 
  "start_x": 1939.3879490280951
}