{
  "shown": [], 
  "end_x": 1945.9733070893112, 
  "num": 1772, 
  "zoom": 14, 
  "start_x": 1944.8757474124418
}