{
  "shown": [
    {
      "max_elev": 2269, 
      "cumarea": 1947.725508742673, 
      "area": 6.4399999999999995, 
      "num_lifts": 27, 
      "name": "Gargellen", 
      "source": "jsons/ski_area_elevations//europe-latest.json", 
      "min_elev": 1426, 
      "uid": "74c4ea56-45e4-4f70-bd93-a91741a4c729"
    }
  ], 
  "end_x": 1948.16842644305, 
  "num": 1774, 
  "zoom": 14, 
  "start_x": 1947.0708667661806
}