{
  "shown": [], 
  "end_x": 1955.8513441811353, 
  "num": 1781, 
  "zoom": 14, 
  "start_x": 1954.7537845042662
}