{
  "shown": [], 
  "end_x": 1956.9489038580045, 
  "num": 1782, 
  "zoom": 14, 
  "start_x": 1955.8513441811353
}