{
  "shown": [], 
  "end_x": 1959.1440232117434, 
  "num": 1784, 
  "zoom": 14, 
  "start_x": 1958.046463534874
}