{
  "shown": [], 
  "end_x": 1961.3391425654818, 
  "num": 1786, 
  "zoom": 14, 
  "start_x": 1960.2415828886126
}