{
  "shown": [
    {
      "max_elev": 2267, 
      "uid": "d8dc7c59-5634-4074-9127-de4894c356cf", 
      "area": 1.94, 
      "num_lifts": 1, 
      "source": "jsons/ski_area_elevations//europe-latest.json", 
      "min_elev": 1576, 
      "cumarea": 1961.8325856250376
    }
  ], 
  "end_x": 1962.4367022423512, 
  "num": 1787, 
  "zoom": 14, 
  "start_x": 1961.3391425654818
}