{
  "shown": [], 
  "end_x": 1963.5342619192206, 
  "num": 1788, 
  "zoom": 14, 
  "start_x": 1962.4367022423512
}