{
  "shown": [], 
  "end_x": 197.56074183647831, 
  "num": 179, 
  "zoom": 14, 
  "start_x": 196.463182159609
}