{
  "shown": [], 
  "end_x": 1967.9245006266979, 
  "num": 1792, 
  "zoom": 14, 
  "start_x": 1966.8269409498284
}