{
  "shown": [], 
  "end_x": 1975.607418364783, 
  "num": 1799, 
  "zoom": 14, 
  "start_x": 1974.5098586879135
}