{
  "shown": [], 
  "end_x": 198.65830151334762, 
  "num": 180, 
  "zoom": 14, 
  "start_x": 197.56074183647831
}