{
  "shown": [], 
  "end_x": 1979.9976570722602, 
  "num": 1803, 
  "zoom": 14, 
  "start_x": 1978.9000973953907
}