{
  "shown": [], 
  "end_x": 1984.3878957797376, 
  "num": 1807, 
  "zoom": 14, 
  "start_x": 1983.2903361028684
}