{
  "shown": [
    {
      "max_elev": 2262, 
      "uid": "1154a6f5-0364-448d-8e21-e1614e8e854d", 
      "area": 2.06, 
      "num_lifts": 3, 
      "source": "jsons/ski_area_elevations//north-america-latest.json", 
      "min_elev": 2022, 
      "cumarea": 1987.1724354277176
    }
  ], 
  "end_x": 1987.6805748103457, 
  "num": 1810, 
  "zoom": 14, 
  "start_x": 1986.5830151334762
}