{
  "shown": [], 
  "end_x": 1993.1683731946923, 
  "num": 1815, 
  "zoom": 14, 
  "start_x": 1992.070813517823
}