{
  "shown": [], 
  "end_x": 2003.0464102865162, 
  "num": 1824, 
  "zoom": 14, 
  "start_x": 2001.9488506096468
}