{
  "shown": [], 
  "end_x": 2006.339089317124, 
  "num": 1827, 
  "zoom": 14, 
  "start_x": 2005.2415296402546
}