{
  "shown": [], 
  "end_x": 2009.6317683477318, 
  "num": 1830, 
  "zoom": 14, 
  "start_x": 2008.5342086708627
}