{
  "shown": [], 
  "end_x": 2011.8268877014707, 
  "num": 1832, 
  "zoom": 14, 
  "start_x": 2010.7293280246013
}