{
  "shown": [], 
  "end_x": 2020.6073651164252, 
  "num": 1840, 
  "zoom": 14, 
  "start_x": 2019.509805439556
}