{
  "shown": [], 
  "end_x": 2028.2902828545107, 
  "num": 1847, 
  "zoom": 14, 
  "start_x": 2027.1927231776413
}