{
  "shown": [], 
  "end_x": 2032.680521561988, 
  "num": 1851, 
  "zoom": 14, 
  "start_x": 2031.5829618851185
}