{
  "shown": [], 
  "end_x": 2039.2658796232038, 
  "num": 1857, 
  "zoom": 14, 
  "start_x": 2038.1683199463346
}