{
  "shown": [], 
  "end_x": 2044.7536780075507, 
  "num": 1862, 
  "zoom": 14, 
  "start_x": 2043.6561183306812
}