{
  "shown": [], 
  "end_x": 2052.4365957456357, 
  "num": 1869, 
  "zoom": 14, 
  "start_x": 2051.3390360687663
}