{
  "shown": [], 
  "end_x": 2053.534155422505, 
  "num": 1870, 
  "zoom": 14, 
  "start_x": 2052.4365957456357
}