{
  "shown": [], 
  "end_x": 2055.729274776244, 
  "num": 1872, 
  "zoom": 14, 
  "start_x": 2054.6317150993746
}