{
  "shown": [], 
  "end_x": 2056.8268344531134, 
  "num": 1873, 
  "zoom": 14, 
  "start_x": 2055.729274776244
}