{
  "shown": [], 
  "end_x": 2059.021953806852, 
  "num": 1875, 
  "zoom": 14, 
  "start_x": 2057.924394129983
}