{
  "shown": [], 
  "end_x": 2077.6804683136297, 
  "num": 1892, 
  "zoom": 14, 
  "start_x": 2076.5829086367607
}