{
  "shown": [
    {
      "max_elev": 4073, 
      "cumarea": 21.492597337836628, 
      "area": 2.33, 
      "num_lifts": 3, 
      "name": "(city)", 
      "source": "jsons/ski_area_elevations//south-america-latest.json", 
      "min_elev": 3281, 
      "uid": "8223a087-b34c-48ad-be92-e0fe3db45eef"
    }
  ], 
  "end_x": 21.95119353738648, 
  "num": 19, 
  "zoom": 14, 
  "start_x": 20.853633860517157
}