{
  "shown": [], 
  "end_x": 2088.656065082323, 
  "num": 1902, 
  "zoom": 14, 
  "start_x": 2087.5585054054536
}