{
  "shown": [], 
  "end_x": 2098.534102174147, 
  "num": 1911, 
  "zoom": 14, 
  "start_x": 2097.4365424972775
}