{
  "shown": [
    {
      "max_elev": 2229, 
      "cumarea": 2099.507589596066, 
      "area": 8.88, 
      "num_lifts": 64, 
      "name": "Peyragudes", 
      "source": "jsons/ski_area_elevations//europe-latest.json", 
      "min_elev": 1384, 
      "uid": "ef5ec115-a6e0-4811-80f5-d983dfd9e7b3"
    }
  ], 
  "end_x": 2099.6316618510164, 
  "num": 1912, 
  "zoom": 14, 
  "start_x": 2098.534102174147
}