{
  "shown": [], 
  "end_x": 2104.021900558494, 
  "num": 1916, 
  "zoom": 14, 
  "start_x": 2102.9243408816246
}