{
  "shown": [], 
  "end_x": 2105.1194602353635, 
  "num": 1917, 
  "zoom": 14, 
  "start_x": 2104.021900558494
}