{
  "shown": [], 
  "end_x": 211.8290176357795, 
  "num": 192, 
  "zoom": 14, 
  "start_x": 210.7314579589102
}