{
  "shown": [], 
  "end_x": 2114.9974973271874, 
  "num": 1926, 
  "zoom": 14, 
  "start_x": 2113.899937650318
}