{
  "shown": [], 
  "end_x": 2142.43648924892, 
  "num": 1951, 
  "zoom": 14, 
  "start_x": 2141.338929572051
}