{
  "shown": [
    {
      "max_elev": 2222, 
      "uid": "724ba3c3-3e87-46e2-a76e-e4e9855edbce", 
      "area": 1.96, 
      "num_lifts": 2, 
      "source": "jsons/ski_area_elevations//asia-latest.json", 
      "min_elev": 1754, 
      "cumarea": 2146.7751489944653
    }
  ], 
  "end_x": 2146.8267279563975, 
  "num": 1955, 
  "zoom": 14, 
  "start_x": 2145.7291682795285
}