{
  "shown": [], 
  "end_x": 2155.607205371352, 
  "num": 1963, 
  "zoom": 14, 
  "start_x": 2154.509645694483
}