{
  "shown": [], 
  "end_x": 2176.4608392318696, 
  "num": 1982, 
  "zoom": 14, 
  "start_x": 2175.363279555
}