{
  "shown": [], 
  "end_x": 2188.5339956774324, 
  "num": 1993, 
  "zoom": 14, 
  "start_x": 2187.436436000563
}