{
  "shown": [], 
  "end_x": 2191.8266747080397, 
  "num": 1996, 
  "zoom": 14, 
  "start_x": 2190.7291150311707
}