{
  "shown": [], 
  "end_x": 23.048753214255804, 
  "num": 20, 
  "zoom": 14, 
  "start_x": 21.95119353738648
}