{
  "shown": [], 
  "end_x": 2198.4120327692563, 
  "num": 2002, 
  "zoom": 14, 
  "start_x": 2197.314473092387
}