{
  "shown": [], 
  "end_x": 2201.7047117998636, 
  "num": 2005, 
  "zoom": 14, 
  "start_x": 2200.607152122994
}