{
  "shown": [], 
  "end_x": 2228.046144044727, 
  "num": 2029, 
  "zoom": 14, 
  "start_x": 2226.9485843678576
}