{
  "shown": [], 
  "end_x": 2229.1437037215965, 
  "num": 2030, 
  "zoom": 14, 
  "start_x": 2228.046144044727
}