{
  "shown": [], 
  "end_x": 2236.8266214596815, 
  "num": 2037, 
  "zoom": 14, 
  "start_x": 2235.729061782812
}