{
  "shown": [], 
  "end_x": 2243.411979520898, 
  "num": 2043, 
  "zoom": 14, 
  "start_x": 2242.3144198440286
}