{
  "shown": [], 
  "end_x": 2248.8997779052443, 
  "num": 2048, 
  "zoom": 14, 
  "start_x": 2247.8022182283753
}