{
  "shown": [], 
  "end_x": 2259.8753746739385, 
  "num": 2058, 
  "zoom": 14, 
  "start_x": 2258.777814997069
}