{
  "shown": [], 
  "end_x": 2270.850971442631, 
  "num": 2068, 
  "zoom": 14, 
  "start_x": 2269.753411765762
}