{
  "shown": [
    {
      "max_elev": 2181, 
      "uid": "2eaa861e-b038-4773-9d93-72a5fa4f62b2", 
      "area": 1.92, 
      "num_lifts": 2, 
      "source": "jsons/ski_area_elevations//asia-latest.json", 
      "min_elev": 1412, 
      "cumarea": 2277.545714648185
    }
  ], 
  "end_x": 2278.5338891807164, 
  "num": 2075, 
  "zoom": 14, 
  "start_x": 2277.4363295038474
}