{
  "shown": [], 
  "end_x": 2291.704605303148, 
  "num": 2087, 
  "zoom": 14, 
  "start_x": 2290.6070456262787
}