{
  "shown": [], 
  "end_x": 2300.485082718103, 
  "num": 2095, 
  "zoom": 14, 
  "start_x": 2299.387523041234
}