{
  "shown": [], 
  "end_x": 2303.777761748711, 
  "num": 2098, 
  "zoom": 14, 
  "start_x": 2302.6802020718414
}