{
  "shown": [], 
  "end_x": 231.58509181942736, 
  "num": 210, 
  "zoom": 14, 
  "start_x": 230.48753214255802
}