{
  "shown": [], 
  "end_x": 2307.070440779319, 
  "num": 2101, 
  "zoom": 14, 
  "start_x": 2305.9728811024497
}