{
  "shown": [], 
  "end_x": 232.68265149629667, 
  "num": 211, 
  "zoom": 14, 
  "start_x": 231.58509181942736
}