{
  "shown": [
    {
      "max_elev": 2162, 
      "uid": "1b7c8a82-5b27-4e41-ad18-170e1753d685", 
      "area": 2.21, 
      "num_lifts": 3, 
      "source": "jsons/ski_area_elevations//north-america-latest.json", 
      "min_elev": 1884, 
      "cumarea": 2319.3412042999094
    }
  ], 
  "end_x": 2320.2411569017513, 
  "num": 2113, 
  "zoom": 14, 
  "start_x": 2319.143597224882
}