{
  "shown": [
    {
      "max_elev": 2161, 
      "uid": "35d30c0f-43c6-45ab-a376-62ad51b4af00", 
      "area": 1.84, 
      "num_lifts": 1, 
      "source": "jsons/ski_area_elevations//south-america-latest.json", 
      "min_elev": 2135, 
      "cumarea": 2321.95096987153
    }
  ], 
  "end_x": 2322.4362762554897, 
  "num": 2115, 
  "zoom": 14, 
  "start_x": 2321.3387165786207
}