{
  "shown": [], 
  "end_x": 2324.631395609228, 
  "num": 2117, 
  "zoom": 14, 
  "start_x": 2323.5338359323587
}