{
  "shown": [], 
  "end_x": 2331.216753670444, 
  "num": 2123, 
  "zoom": 14, 
  "start_x": 2330.119193993575
}