{
  "shown": [], 
  "end_x": 2336.704552054791, 
  "num": 2128, 
  "zoom": 14, 
  "start_x": 2335.6069923779214
}