{
  "shown": [], 
  "end_x": 2341.0947907622676, 
  "num": 2132, 
  "zoom": 14, 
  "start_x": 2339.9972310853987
}