{
  "shown": [], 
  "end_x": 2343.2899101160065, 
  "num": 2134, 
  "zoom": 14, 
  "start_x": 2342.192350439137
}