{
  "shown": [], 
  "end_x": 2350.9728278540924, 
  "num": 2141, 
  "zoom": 14, 
  "start_x": 2349.875268177223
}