{
  "shown": [], 
  "end_x": 2358.6557455921775, 
  "num": 2148, 
  "zoom": 14, 
  "start_x": 2357.558185915308
}