{
  "shown": [], 
  "end_x": 2365.241103653394, 
  "num": 2154, 
  "zoom": 14, 
  "start_x": 2364.1435439765246
}