{
  "shown": [], 
  "end_x": 2366.338663330263, 
  "num": 2155, 
  "zoom": 14, 
  "start_x": 2365.241103653394
}