{
  "shown": [], 
  "end_x": 2368.5337826840014, 
  "num": 2157, 
  "zoom": 14, 
  "start_x": 2367.436223007132
}