{
  "shown": [], 
  "end_x": 2375.1191407452175, 
  "num": 2163, 
  "zoom": 14, 
  "start_x": 2374.0215810683485
}