{
  "shown": [], 
  "end_x": 2383.899618160172, 
  "num": 2171, 
  "zoom": 14, 
  "start_x": 2382.802058483303
}