{
  "shown": [], 
  "end_x": 2393.7776552519954, 
  "num": 2180, 
  "zoom": 14, 
  "start_x": 2392.6800955751264
}