{
  "shown": [], 
  "end_x": 2400.363013313212, 
  "num": 2186, 
  "zoom": 14, 
  "start_x": 2399.2654536363425
}