{
  "shown": [], 
  "end_x": 2402.55813266695, 
  "num": 2188, 
  "zoom": 14, 
  "start_x": 2401.460572990081
}