{
  "shown": [
    {
      "max_elev": 2130, 
      "cumarea": 2404.8272453562818, 
      "area": 5.93, 
      "num_lifts": 27, 
      "name": "Ratschings-Jaufen/Kalcheralm", 
      "source": "jsons/ski_area_elevations//europe-latest.json", 
      "min_elev": 1289, 
      "uid": "30fa64ac-8ce5-461d-9b2d-750a5618600a"
    }
  ], 
  "end_x": 2405.850811697558, 
  "num": 2191, 
  "zoom": 14, 
  "start_x": 2404.7532520206887
}