{
  "shown": [], 
  "end_x": 2412.4361697587738, 
  "num": 2197, 
  "zoom": 14, 
  "start_x": 2411.3386100819043
}