{
  "shown": [], 
  "end_x": 25.24387256799445, 
  "num": 22, 
  "zoom": 14, 
  "start_x": 24.146312891125127
}