{
  "shown": [
    {
      "max_elev": 2128, 
      "cumarea": 2422.4925589598042, 
      "area": 13.57, 
      "num_lifts": 68, 
      "name": "Alto Sangro", 
      "source": "jsons/ski_area_elevations//europe-latest.json", 
      "min_elev": 1313, 
      "uid": "8f8f27f6-a254-4521-8441-c29ef021a6f3"
    }
  ], 
  "end_x": 2423.4117665274675, 
  "num": 2207, 
  "zoom": 14, 
  "start_x": 2422.3142068505986
}