{
  "shown": [], 
  "end_x": 2427.8020052349448, 
  "num": 2211, 
  "zoom": 14, 
  "start_x": 2426.7044455580753
}