{
  "shown": [], 
  "end_x": 2440.972721357377, 
  "num": 2223, 
  "zoom": 14, 
  "start_x": 2439.8751616805075
}