{
  "shown": [
    {
      "max_elev": 2112, 
      "cumarea": 2449.1653707749524, 
      "area": 13.4, 
      "num_lifts": 59, 
      "name": "Wildkogel Arena", 
      "source": "jsons/ski_area_elevations//europe-latest.json", 
      "min_elev": 822, 
      "uid": "c24088fd-ef15-45b6-90e8-62f4592b7e7d"
    }
  ], 
  "end_x": 2449.7531987723314, 
  "num": 2231, 
  "zoom": 14, 
  "start_x": 2448.655639095462
}