{
  "shown": [], 
  "end_x": 2450.850758449201, 
  "num": 2232, 
  "zoom": 14, 
  "start_x": 2449.7531987723314
}