{
  "shown": [], 
  "end_x": 2453.0458778029397, 
  "num": 2234, 
  "zoom": 14, 
  "start_x": 2451.9483181260703
}