{
  "shown": [], 
  "end_x": 2456.338556833547, 
  "num": 2237, 
  "zoom": 14, 
  "start_x": 2455.2409971566776
}