{
  "shown": [], 
  "end_x": 2457.4361165104165, 
  "num": 2238, 
  "zoom": 14, 
  "start_x": 2456.338556833547
}