{
  "shown": [], 
  "end_x": 2459.6312358641553, 
  "num": 2240, 
  "zoom": 14, 
  "start_x": 2458.533676187286
}