{
  "shown": [], 
  "end_x": 2461.826355217894, 
  "num": 2242, 
  "zoom": 14, 
  "start_x": 2460.7287955410247
}