{
  "shown": [], 
  "end_x": 2465.1190342485015, 
  "num": 2245, 
  "zoom": 14, 
  "start_x": 2464.021474571632
}