{
  "shown": [], 
  "end_x": 2474.9970713403254, 
  "num": 2254, 
  "zoom": 14, 
  "start_x": 2473.899511663456
}