{
  "shown": [], 
  "end_x": 2488.1677874627576, 
  "num": 2266, 
  "zoom": 14, 
  "start_x": 2487.070227785888
}