{
  "shown": [
    {
      "max_elev": 3341, 
      "cumarea": 249.79046691316222, 
      "area": 14.030000000000001, 
      "num_lifts": 63, 
      "name": "Snowbird", 
      "source": "jsons/ski_area_elevations//north-america-latest.json", 
      "min_elev": 2363, 
      "uid": "527c4124-83ad-4d4e-9139-2b8e5b127c43"
    }
  ], 
  "end_x": 250.24360632620585, 
  "num": 227, 
  "zoom": 14, 
  "start_x": 249.14604664933654
}