{
  "shown": [], 
  "end_x": 2492.5580261702353, 
  "num": 2270, 
  "zoom": 14, 
  "start_x": 2491.460466493366
}