{
  "shown": [], 
  "end_x": 2503.5336229389286, 
  "num": 2280, 
  "zoom": 14, 
  "start_x": 2502.436063262059
}