{
  "shown": [], 
  "end_x": 2512.314100353883, 
  "num": 2288, 
  "zoom": 14, 
  "start_x": 2511.2165406770137
}