{
  "shown": [], 
  "end_x": 2515.606779384491, 
  "num": 2291, 
  "zoom": 14, 
  "start_x": 2514.509219707622
}