{
  "shown": [], 
  "end_x": 2525.4848164763143, 
  "num": 2300, 
  "zoom": 14, 
  "start_x": 2524.3872567994454
}