{
  "shown": [
    {
      "max_elev": 2098, 
      "uid": "863a3028-aecc-4123-a8b4-5e64907c66da", 
      "area": 4.01, 
      "num_lifts": 24, 
      "source": "jsons/ski_area_elevations//europe-latest.json", 
      "min_elev": 1643, 
      "cumarea": 2527.0613031829903
    }
  ], 
  "end_x": 2527.679935830053, 
  "num": 2302, 
  "zoom": 14, 
  "start_x": 2526.5823761531838
}