{
  "shown": [], 
  "end_x": 2528.7774955069226, 
  "num": 2303, 
  "zoom": 14, 
  "start_x": 2527.679935830053
}