{
  "shown": [], 
  "end_x": 2539.753092275616, 
  "num": 2313, 
  "zoom": 14, 
  "start_x": 2538.6555325987465
}