{
  "shown": [], 
  "end_x": 255.73140471055248, 
  "num": 232, 
  "zoom": 14, 
  "start_x": 254.63384503368314
}