{
  "shown": [], 
  "end_x": 2552.923808398047, 
  "num": 2325, 
  "zoom": 14, 
  "start_x": 2551.8262487211778
}