{
  "shown": [
    {
      "max_elev": 2092, 
      "uid": "9e955fe4-efed-440d-9251-47865b8285ee", 
      "area": 2.81, 
      "num_lifts": 4, 
      "source": "jsons/ski_area_elevations//asia-latest.json", 
      "min_elev": 1557, 
      "cumarea": 2554.430319391313
    }
  ], 
  "end_x": 2555.118927751786, 
  "num": 2327, 
  "zoom": 14, 
  "start_x": 2554.0213680749166
}