{
  "shown": [
    {
      "max_elev": 3326, 
      "uid": "fec49b3f-eece-4d06-8db4-9ec26af50cab", 
      "area": 2.09, 
      "num_lifts": 1, 
      "source": "jsons/ski_area_elevations//north-america-latest.json", 
      "min_elev": 2417, 
      "cumarea": 256.2680971539794
    }
  ], 
  "end_x": 256.8289643874218, 
  "num": 233, 
  "zoom": 14, 
  "start_x": 255.73140471055248
}