{
  "shown": [], 
  "end_x": 2559.5091664592637, 
  "num": 2331, 
  "zoom": 14, 
  "start_x": 2558.4116067823943
}