{
  "shown": [
    {
      "max_elev": 2088, 
      "uid": "110946b7-6325-4e71-96b2-6df28c0f11ca", 
      "area": 1.84, 
      "num_lifts": 1, 
      "source": "jsons/ski_area_elevations//europe-latest.json", 
      "min_elev": 1607, 
      "cumarea": 2559.6498505345544
    }
  ], 
  "end_x": 2560.606726136133, 
  "num": 2332, 
  "zoom": 14, 
  "start_x": 2559.5091664592637
}