{
  "shown": [], 
  "end_x": 2568.289643874218, 
  "num": 2339, 
  "zoom": 14, 
  "start_x": 2567.192084197349
}