{
  "shown": [], 
  "end_x": 2570.484763227957, 
  "num": 2341, 
  "zoom": 14, 
  "start_x": 2569.3872035510876
}