{
  "shown": [], 
  "end_x": 2573.7774422585653, 
  "num": 2344, 
  "zoom": 14, 
  "start_x": 2572.679882581696
}