{
  "shown": [], 
  "end_x": 2579.2652406429115, 
  "num": 2349, 
  "zoom": 14, 
  "start_x": 2578.167680966042
}