{
  "shown": [], 
  "end_x": 2591.3383970884743, 
  "num": 2360, 
  "zoom": 14, 
  "start_x": 2590.240837411605
}