{
  "shown": [], 
  "end_x": 2599.0213148265593, 
  "num": 2367, 
  "zoom": 14, 
  "start_x": 2597.92375514969
}