{
  "shown": [
    {
      "max_elev": 2077, 
      "cumarea": 2603.876541444135, 
      "area": 14.17, 
      "num_lifts": 82, 
      "name": "Prato Nevoso", 
      "source": "jsons/ski_area_elevations//europe-latest.json", 
      "min_elev": 822, 
      "uid": "55e07576-229e-42f9-a0a1-cdce847f8f5b"
    }
  ], 
  "end_x": 2604.5091132109055, 
  "num": 2372, 
  "zoom": 14, 
  "start_x": 2603.4115535340366
}