{
  "shown": [], 
  "end_x": 2606.7042325646444, 
  "num": 2374, 
  "zoom": 14, 
  "start_x": 2605.606672887775
}