{
  "shown": [], 
  "end_x": 2615.484709979599, 
  "num": 2382, 
  "zoom": 14, 
  "start_x": 2614.3871503027294
}