{
  "shown": [
    {
      "max_elev": 2071, 
      "uid": "e667f5bc-ba31-4793-9daa-ce9a49c476fd", 
      "area": 1.9100000000000001, 
      "num_lifts": 1, 
      "source": "jsons/ski_area_elevations//asia-latest.json", 
      "min_elev": 1796, 
      "cumarea": 2621.2175097028626
    }
  ], 
  "end_x": 2622.0700680408145, 
  "num": 2388, 
  "zoom": 14, 
  "start_x": 2620.9725083639455
}