{
  "shown": [], 
  "end_x": 2629.7529857789004, 
  "num": 2395, 
  "zoom": 14, 
  "start_x": 2628.655426102031
}