{
  "shown": [], 
  "end_x": 2634.1432244863777, 
  "num": 2399, 
  "zoom": 14, 
  "start_x": 2633.0456648095087
}