{
  "shown": [], 
  "end_x": 2641.826142224463, 
  "num": 2406, 
  "zoom": 14, 
  "start_x": 2640.7285825475938
}