{
  "shown": [
    {
      "max_elev": 2061, 
      "cumarea": 2658.8780571367292, 
      "area": 3.87, 
      "num_lifts": 16, 
      "name": "Monte Bondone", 
      "source": "jsons/ski_area_elevations//europe-latest.json", 
      "min_elev": 1196, 
      "uid": "2a581adb-8de6-41e9-86fc-74ccbce76205"
    }
  ], 
  "end_x": 2659.387097054372, 
  "num": 2422, 
  "zoom": 14, 
  "start_x": 2658.2895373775027
}