{
  "shown": [], 
  "end_x": 2668.1675744693266, 
  "num": 2430, 
  "zoom": 14, 
  "start_x": 2667.070014792457
}