{
  "shown": [], 
  "end_x": 2669.265134146196, 
  "num": 2431, 
  "zoom": 14, 
  "start_x": 2668.1675744693266
}