{
  "shown": [], 
  "end_x": 2673.6553728536733, 
  "num": 2435, 
  "zoom": 14, 
  "start_x": 2672.5578131768043
}