{
  "shown": [], 
  "end_x": 2678.0456115611505, 
  "num": 2439, 
  "zoom": 14, 
  "start_x": 2676.948051884281
}