{
  "shown": [], 
  "end_x": 2684.630969622366, 
  "num": 2445, 
  "zoom": 14, 
  "start_x": 2683.5334099454967
}