{
  "shown": [], 
  "end_x": 2685.7285292992356, 
  "num": 2446, 
  "zoom": 14, 
  "start_x": 2684.630969622366
}