{
  "shown": [], 
  "end_x": 2692.313887360451, 
  "num": 2452, 
  "zoom": 14, 
  "start_x": 2691.216327683582
}