{
  "shown": [], 
  "end_x": 2693.4114470373206, 
  "num": 2453, 
  "zoom": 14, 
  "start_x": 2692.313887360451
}