{
  "shown": [], 
  "end_x": 2695.6065663910595, 
  "num": 2455, 
  "zoom": 14, 
  "start_x": 2694.50900671419
}