{
  "shown": [], 
  "end_x": 2702.191924452276, 
  "num": 2461, 
  "zoom": 14, 
  "start_x": 2701.0943647754066
}