{
  "shown": [], 
  "end_x": 2713.1675212209693, 
  "num": 2471, 
  "zoom": 14, 
  "start_x": 2712.0699615441
}