{
  "shown": [], 
  "end_x": 2714.2650808978387, 
  "num": 2472, 
  "zoom": 14, 
  "start_x": 2713.1675212209693
}