{
  "shown": [], 
  "end_x": 2717.5577599284466, 
  "num": 2475, 
  "zoom": 14, 
  "start_x": 2716.4602002515776
}