{
  "shown": [], 
  "end_x": 274.389919217331, 
  "num": 249, 
  "zoom": 14, 
  "start_x": 273.2923595404617
}