{
  "shown": [], 
  "end_x": 2735.1187147583555, 
  "num": 2491, 
  "zoom": 14, 
  "start_x": 2734.0211550814865
}