{
  "shown": [], 
  "end_x": 28.536551598602422, 
  "num": 25, 
  "zoom": 14, 
  "start_x": 27.4389919217331
}