{
  "shown": [], 
  "end_x": 2750.484550234526, 
  "num": 2505, 
  "zoom": 14, 
  "start_x": 2749.3869905576566
}