{
  "shown": [], 
  "end_x": 2758.167467972611, 
  "num": 2512, 
  "zoom": 14, 
  "start_x": 2757.0699082957417
}