{
  "shown": [], 
  "end_x": 2764.7528260338268, 
  "num": 2518, 
  "zoom": 14, 
  "start_x": 2763.6552663569573
}