{
  "shown": [
    {
      "max_elev": 3293, 
      "cumarea": 277.54123406265455, 
      "area": 23.48, 
      "num_lifts": 114, 
      "name": "Celerina", 
      "source": "jsons/ski_area_elevations//europe-latest.json", 
      "min_elev": 1737, 
      "uid": "d4441179-775a-4dbd-93a5-fe4872639c55"
    }
  ], 
  "end_x": 277.6825982479389, 
  "num": 252, 
  "zoom": 14, 
  "start_x": 276.5850385710696
}