{
  "shown": [], 
  "end_x": 2771.3381840950433, 
  "num": 2524, 
  "zoom": 14, 
  "start_x": 2770.240624418174
}