{
  "shown": [], 
  "end_x": 2774.630863125651, 
  "num": 2527, 
  "zoom": 14, 
  "start_x": 2773.533303448782
}