{
  "shown": [], 
  "end_x": 2776.8259824793895, 
  "num": 2529, 
  "zoom": 14, 
  "start_x": 2775.72842280252
}