{
  "shown": [], 
  "end_x": 278.78015792480824, 
  "num": 253, 
  "zoom": 14, 
  "start_x": 277.6825982479389
}