{
  "shown": [
    {
      "max_elev": 2036, 
      "cumarea": 2779.3330999195573, 
      "area": 10.59, 
      "num_lifts": 47, 
      "name": "Garmisch-Classic", 
      "source": "jsons/ski_area_elevations//europe-latest.json", 
      "min_elev": 728, 
      "uid": "9bb2e8c8-5bb7-456a-9f67-7df22ff5fdd9"
    }
  ], 
  "end_x": 2780.1186615099978, 
  "num": 2532, 
  "zoom": 14, 
  "start_x": 2779.0211018331283
}