{
  "shown": [], 
  "end_x": 2788.8991389249522, 
  "num": 2540, 
  "zoom": 14, 
  "start_x": 2787.8015792480833
}