{
  "shown": [], 
  "end_x": 2795.484496986169, 
  "num": 2546, 
  "zoom": 14, 
  "start_x": 2794.3869373092994
}