{
  "shown": [], 
  "end_x": 2798.777176016776, 
  "num": 2549, 
  "zoom": 14, 
  "start_x": 2797.6796163399067
}