{
  "shown": [], 
  "end_x": 2806.460093754861, 
  "num": 2556, 
  "zoom": 14, 
  "start_x": 2805.362534077992
}