{
  "shown": [], 
  "end_x": 2827.3137276153784, 
  "num": 2575, 
  "zoom": 14, 
  "start_x": 2826.216167938509
}