{
  "shown": [], 
  "end_x": 2830.6064066459867, 
  "num": 2578, 
  "zoom": 14, 
  "start_x": 2829.5088469691173
}