{
  "shown": [], 
  "end_x": 2832.8015259997246, 
  "num": 2580, 
  "zoom": 14, 
  "start_x": 2831.7039663228556
}