{
  "shown": [
    {
      "max_elev": 2029, 
      "uid": "7a02210f-a5dd-41c7-bae9-30532f8bbfe0", 
      "area": 4.24, 
      "num_lifts": 19, 
      "source": "jsons/ski_area_elevations//north-america-latest.json", 
      "min_elev": 1597, 
      "cumarea": 2832.921711556937
    }
  ], 
  "end_x": 2833.899085676594, 
  "num": 2581, 
  "zoom": 14, 
  "start_x": 2832.8015259997246
}