{
  "shown": [], 
  "end_x": 2834.9966453534635, 
  "num": 2582, 
  "zoom": 14, 
  "start_x": 2833.899085676594
}