{
  "shown": [
    {
      "max_elev": 2029, 
      "uid": "45567fd9-5238-4ffa-aa6e-7178a91dacef", 
      "area": 1.8, 
      "num_lifts": 1, 
      "source": "jsons/ski_area_elevations//asia-latest.json", 
      "min_elev": 2027, 
      "cumarea": 2835.5094982218393
    }
  ], 
  "end_x": 2836.094205030333, 
  "num": 2583, 
  "zoom": 14, 
  "start_x": 2834.9966453534635
}