{
  "shown": [], 
  "end_x": 2837.1917647072023, 
  "num": 2584, 
  "zoom": 14, 
  "start_x": 2836.094205030333
}