{
  "shown": [], 
  "end_x": 2839.386884060941, 
  "num": 2586, 
  "zoom": 14, 
  "start_x": 2838.2893243840717
}