{
  "shown": [], 
  "end_x": 2842.6795630915494, 
  "num": 2589, 
  "zoom": 14, 
  "start_x": 2841.58200341468
}