{
  "shown": [], 
  "end_x": 285.3655159860242, 
  "num": 259, 
  "zoom": 14, 
  "start_x": 284.2679563091549
}