{
  "shown": [], 
  "end_x": 2843.777122768419, 
  "num": 2590, 
  "zoom": 14, 
  "start_x": 2842.6795630915494
}