{
  "shown": [], 
  "end_x": 2845.972242122157, 
  "num": 2592, 
  "zoom": 14, 
  "start_x": 2844.874682445288
}