{
  "shown": [], 
  "end_x": 2851.460040506504, 
  "num": 2597, 
  "zoom": 14, 
  "start_x": 2850.3624808296345
}