{
  "shown": [], 
  "end_x": 286.4630756628935, 
  "num": 260, 
  "zoom": 14, 
  "start_x": 285.3655159860242
}