{
  "shown": [], 
  "end_x": 2864.630756628936, 
  "num": 2609, 
  "zoom": 14, 
  "start_x": 2863.5331969520666
}