{
  "shown": [], 
  "end_x": 287.5606353397629, 
  "num": 261, 
  "zoom": 14, 
  "start_x": 286.4630756628935
}