{
  "shown": [], 
  "end_x": 2865.7283163058055, 
  "num": 2610, 
  "zoom": 14, 
  "start_x": 2864.630756628936
}