{
  "shown": [], 
  "end_x": 2871.2161146901517, 
  "num": 2615, 
  "zoom": 14, 
  "start_x": 2870.1185550132823
}