{
  "shown": [], 
  "end_x": 2878.8990324282368, 
  "num": 2622, 
  "zoom": 14, 
  "start_x": 2877.8014727513673
}