{
  "shown": [], 
  "end_x": 2895.3624275812763, 
  "num": 2637, 
  "zoom": 14, 
  "start_x": 2894.264867904407
}