{
  "shown": [], 
  "end_x": 2903.0453453193613, 
  "num": 2644, 
  "zoom": 14, 
  "start_x": 2901.9477856424924
}