{
  "shown": [], 
  "end_x": 291.9508740472402, 
  "num": 265, 
  "zoom": 14, 
  "start_x": 290.85331437037087
}