{
  "shown": [], 
  "end_x": 2910.7282630574473, 
  "num": 2651, 
  "zoom": 14, 
  "start_x": 2909.630703380578
}