{
  "shown": [
    {
      "max_elev": 3266, 
      "uid": "a7d0c98e-4d2d-450b-801b-ed9c58a74988", 
      "area": 2.24, 
      "num_lifts": 2, 
      "source": "jsons/ski_area_elevations//asia-latest.json", 
      "min_elev": 2270, 
      "cumarea": 292.2184067088415
    }
  ], 
  "end_x": 293.0484337241095, 
  "num": 266, 
  "zoom": 14, 
  "start_x": 291.9508740472402
}