{
  "shown": [
    {
      "max_elev": 2006, 
      "cumarea": 2921.0557789011227, 
      "area": 3.1500000000000004, 
      "num_lifts": 17, 
      "name": "Sappada", 
      "source": "jsons/ski_area_elevations//europe-latest.json", 
      "min_elev": 1227, 
      "uid": "b34d2d17-016b-4b36-9934-a3feec0c1259"
    }
  ], 
  "end_x": 2921.7038598261406, 
  "num": 2661, 
  "zoom": 14, 
  "start_x": 2920.606300149271
}