{
  "shown": [], 
  "end_x": 2930.484337241095, 
  "num": 2669, 
  "zoom": 14, 
  "start_x": 2929.3867775642257
}