{
  "shown": [], 
  "end_x": 2934.874575948573, 
  "num": 2673, 
  "zoom": 14, 
  "start_x": 2933.7770162717034
}