{
  "shown": [
    {
      "max_elev": 2005, 
      "cumarea": 2935.413291718125, 
      "area": 5.64, 
      "num_lifts": 39, 
      "name": "Whitewater", 
      "source": "jsons/ski_area_elevations//north-america-latest.json", 
      "min_elev": 1388, 
      "uid": "18e028a7-db5b-43c0-b958-fad845907b9e"
    }
  ], 
  "end_x": 2935.972135625442, 
  "num": 2674, 
  "zoom": 14, 
  "start_x": 2934.874575948573
}