{
  "shown": [], 
  "end_x": 2944.7526130403967, 
  "num": 2682, 
  "zoom": 14, 
  "start_x": 2943.6550533635273
}