{
  "shown": [], 
  "end_x": 2948.045292071004, 
  "num": 2685, 
  "zoom": 14, 
  "start_x": 2946.9477323941346
}