{
  "shown": [
    {
      "max_elev": 2001, 
      "uid": "b26e5a77-01c7-4290-b31b-01485858f93b", 
      "area": 1.9100000000000001, 
      "num_lifts": 1, 
      "source": "jsons/ski_area_elevations//north-america-latest.json", 
      "min_elev": 1607, 
      "cumarea": 2956.8668000290445
    }
  ], 
  "end_x": 2957.923329162828, 
  "num": 2694, 
  "zoom": 14, 
  "start_x": 2956.8257694859585
}