{
  "shown": [], 
  "end_x": 2977.6794033464757, 
  "num": 2712, 
  "zoom": 14, 
  "start_x": 2976.5818436696063
}