{
  "shown": [], 
  "end_x": 2984.2647614076923, 
  "num": 2718, 
  "zoom": 14, 
  "start_x": 2983.167201730823
}