{
  "shown": [], 
  "end_x": 2989.7525597920385, 
  "num": 2723, 
  "zoom": 14, 
  "start_x": 2988.655000115169
}