{
  "shown": [
    {
      "max_elev": 3251, 
      "cumarea": 300.34811841490085, 
      "area": 2.59, 
      "num_lifts": 6, 
      "name": "Oukaimeden", 
      "source": "jsons/ski_area_elevations//africa-latest.json", 
      "min_elev": 2619, 
      "uid": "9e9c99aa-de73-451d-af98-f4f84a94e303"
    }
  ], 
  "end_x": 300.73135146219477, 
  "num": 273, 
  "zoom": 14, 
  "start_x": 299.63379178532546
}