{
  "shown": [], 
  "end_x": 2997.4354775301244, 
  "num": 2730, 
  "zoom": 14, 
  "start_x": 2996.337917853255
}