{
  "shown": [], 
  "end_x": 3002.9232759144707, 
  "num": 2735, 
  "zoom": 14, 
  "start_x": 3001.8257162376012
}