{
  "shown": [], 
  "end_x": 3006.215954945079, 
  "num": 2738, 
  "zoom": 14, 
  "start_x": 3005.1183952682095
}