{
  "shown": [
    {
      "max_elev": 1988, 
      "cumarea": 3008.492804427668, 
      "area": 5.8999999999999995, 
      "num_lifts": 17, 
      "name": "Lenk", 
      "source": "jsons/ski_area_elevations//europe-latest.json", 
      "min_elev": 1086, 
      "uid": "cd2a0e24-2970-4a5b-8b69-e2118aefcc3b"
    }
  ], 
  "end_x": 3009.5086339756863, 
  "num": 2741, 
  "zoom": 14, 
  "start_x": 3008.411074298817
}