{
  "shown": [], 
  "end_x": 302.92647081593344, 
  "num": 275, 
  "zoom": 14, 
  "start_x": 301.8289111390641
}