{
  "shown": [], 
  "end_x": 3023.776909774988, 
  "num": 2754, 
  "zoom": 14, 
  "start_x": 3022.6793500981184
}