{
  "shown": [], 
  "end_x": 3028.1671484824647, 
  "num": 2758, 
  "zoom": 14, 
  "start_x": 3027.0695888055952
}