{
  "shown": [], 
  "end_x": 3029.264708159334, 
  "num": 2759, 
  "zoom": 14, 
  "start_x": 3028.1671484824647
}