{
  "shown": [], 
  "end_x": 3038.0451855742886, 
  "num": 2767, 
  "zoom": 14, 
  "start_x": 3036.947625897419
}