{
  "shown": [
    {
      "max_elev": 1983, 
      "uid": "def43828-3c4f-4645-994b-f883d473797d", 
      "area": 1.86, 
      "num_lifts": 1, 
      "source": "jsons/ski_area_elevations//europe-latest.json", 
      "min_elev": 1364, 
      "cumarea": 3038.428194570722
    }
  ], 
  "end_x": 3039.142745251158, 
  "num": 2768, 
  "zoom": 14, 
  "start_x": 3038.0451855742886
}