{
  "shown": [
    {
      "max_elev": 1980, 
      "uid": "da4f994d-6eea-4ff2-977d-ea7d6b858d20", 
      "area": 2.33, 
      "num_lifts": 20, 
      "source": "jsons/ski_area_elevations//europe-latest.json", 
      "min_elev": 1753, 
      "cumarea": 3044.1242137676695
    }
  ], 
  "end_x": 3044.630543635504, 
  "num": 2773, 
  "zoom": 14, 
  "start_x": 3043.5329839586348
}