{
  "shown": [], 
  "end_x": 3050.1183420198513, 
  "num": 2778, 
  "zoom": 14, 
  "start_x": 3049.020782342982
}