{
  "shown": [
    {
      "max_elev": 1974, 
      "uid": "f007e71e-a9ee-4b8b-bdcc-86eeb73668da", 
      "area": 4.04, 
      "num_lifts": 8, 
      "source": "jsons/ski_area_elevations//europe-latest.json", 
      "min_elev": 1110, 
      "cumarea": 3072.730018517482
    }
  ], 
  "end_x": 3073.1670952341074, 
  "num": 2799, 
  "zoom": 14, 
  "start_x": 3072.069535557238
}