{
  "shown": [
    {
      "max_elev": 3969, 
      "cumarea": 30.948936163585074, 
      "area": 8.38, 
      "num_lifts": 23, 
      "name": "Polyana Azau", 
      "source": "jsons/ski_area_elevations//europe-latest.json", 
      "min_elev": 2317, 
      "uid": "c79cd976-4c6f-40ac-b03a-29f40976a653"
    }
  ], 
  "end_x": 31.829230629210393, 
  "num": 28, 
  "zoom": 14, 
  "start_x": 30.73167095234107
}