{
  "shown": [], 
  "end_x": 3074.264654910977, 
  "num": 2800, 
  "zoom": 14, 
  "start_x": 3073.1670952341074
}