{
  "shown": [], 
  "end_x": 3076.4597742647156, 
  "num": 2802, 
  "zoom": 14, 
  "start_x": 3075.362214587846
}