{
  "shown": [
    {
      "max_elev": 1972, 
      "uid": "adbd8d00-9597-4c6a-9693-b50916574d78", 
      "area": 1.85, 
      "num_lifts": 2, 
      "source": "jsons/ski_area_elevations//europe-latest.json", 
      "min_elev": 1585, 
      "cumarea": 3077.954969728193
    }
  ], 
  "end_x": 3078.6548936184536, 
  "num": 2804, 
  "zoom": 14, 
  "start_x": 3077.5573339415846
}