{
  "shown": [], 
  "end_x": 3079.752453295323, 
  "num": 2805, 
  "zoom": 14, 
  "start_x": 3078.6548936184536
}