{
  "shown": [], 
  "end_x": 3080.8500129721924, 
  "num": 2806, 
  "zoom": 14, 
  "start_x": 3079.752453295323
}