{
  "shown": [], 
  "end_x": 3083.0451323259313, 
  "num": 2808, 
  "zoom": 14, 
  "start_x": 3081.947572649062
}