{
  "shown": [], 
  "end_x": 3096.2158484483625, 
  "num": 2820, 
  "zoom": 14, 
  "start_x": 3095.1182887714936
}