{
  "shown": [], 
  "end_x": 3102.801206509579, 
  "num": 2826, 
  "zoom": 14, 
  "start_x": 3101.7036468327096
}