{
  "shown": [], 
  "end_x": 311.70694823088803, 
  "num": 283, 
  "zoom": 14, 
  "start_x": 310.60938855401866
}