{
  "shown": [], 
  "end_x": 3109.3865645707947, 
  "num": 2832, 
  "zoom": 14, 
  "start_x": 3108.2890048939253
}