{
  "shown": [], 
  "end_x": 3114.874362955141, 
  "num": 2837, 
  "zoom": 14, 
  "start_x": 3113.7768032782715
}