{
  "shown": [], 
  "end_x": 3119.2646016626186, 
  "num": 2841, 
  "zoom": 14, 
  "start_x": 3118.167041985749
}