{
  "shown": [], 
  "end_x": 3120.362161339488, 
  "num": 2842, 
  "zoom": 14, 
  "start_x": 3119.2646016626186
}