{
  "shown": [], 
  "end_x": 3124.7524000469657, 
  "num": 2846, 
  "zoom": 14, 
  "start_x": 3123.6548403700963
}