{
  "shown": [
    {
      "max_elev": 1958, 
      "uid": "b044dbf9-09a1-4c56-957c-efaab3061a0a", 
      "area": 1.82, 
      "num_lifts": 1, 
      "source": "jsons/ski_area_elevations//asia-latest.json", 
      "min_elev": 1939, 
      "cumarea": 3134.2854507997167
    }
  ], 
  "end_x": 3134.6304371387896, 
  "num": 2855, 
  "zoom": 14, 
  "start_x": 3133.53287746192
}