{
  "shown": [], 
  "end_x": 3144.5084742306135, 
  "num": 2864, 
  "zoom": 14, 
  "start_x": 3143.410914553744
}