{
  "shown": [], 
  "end_x": 3146.7035935843523, 
  "num": 2866, 
  "zoom": 14, 
  "start_x": 3145.606033907483
}