{
  "shown": [], 
  "end_x": 3153.288951645568, 
  "num": 2872, 
  "zoom": 14, 
  "start_x": 3152.1913919686986
}