{
  "shown": [
    {
      "max_elev": 1954, 
      "cumarea": 3157.640792491069, 
      "area": 9.370000000000001, 
      "num_lifts": 70, 
      "name": "Tauplitz", 
      "source": "jsons/ski_area_elevations//europe-latest.json", 
      "min_elev": 843, 
      "uid": "4d281d7b-35d9-4ce7-9db5-fa0e87b7fe50"
    }
  ], 
  "end_x": 3157.6791903530448, 
  "num": 2876, 
  "zoom": 14, 
  "start_x": 3156.581630676176
}