{
  "shown": [], 
  "end_x": 3158.776750029914, 
  "num": 2877, 
  "zoom": 14, 
  "start_x": 3157.6791903530448
}