{
  "shown": [], 
  "end_x": 3163.166988737392, 
  "num": 2881, 
  "zoom": 14, 
  "start_x": 3162.0694290605225
}