{
  "shown": [], 
  "end_x": 3168.654787121738, 
  "num": 2886, 
  "zoom": 14, 
  "start_x": 3167.5572274448687
}