{
  "shown": [], 
  "end_x": 318.29230629210394, 
  "num": 289, 
  "zoom": 14, 
  "start_x": 317.19474661523464
}