{
  "shown": [], 
  "end_x": 3175.2401451829537, 
  "num": 2892, 
  "zoom": 14, 
  "start_x": 3174.1425855060847
}