{
  "shown": [], 
  "end_x": 32.92679030607972, 
  "num": 29, 
  "zoom": 14, 
  "start_x": 31.829230629210393
}