{
  "shown": [
    {
      "max_elev": 3233, 
      "uid": "74d4beff-4c9d-4ea6-ab29-8c6a0c9a78fd", 
      "area": 4.83, 
      "num_lifts": 53, 
      "source": "jsons/ski_area_elevations//north-america-latest.json", 
      "min_elev": 2823, 
      "cumarea": 318.4958181714437
    }
  ], 
  "end_x": 319.38986596897325, 
  "num": 290, 
  "zoom": 14, 
  "start_x": 318.29230629210394
}