{
  "shown": [], 
  "end_x": 3187.3133016285165, 
  "num": 2903, 
  "zoom": 14, 
  "start_x": 3186.215741951647
}