{
  "shown": [], 
  "end_x": 320.4874256458426, 
  "num": 291, 
  "zoom": 14, 
  "start_x": 319.38986596897325
}