{
  "shown": [], 
  "end_x": 3196.0937790434714, 
  "num": 2911, 
  "zoom": 14, 
  "start_x": 3194.9962193666024
}