{
  "shown": [], 
  "end_x": 3197.1913387203404, 
  "num": 2912, 
  "zoom": 14, 
  "start_x": 3196.0937790434714
}