{
  "shown": [
    {
      "max_elev": 1947, 
      "cumarea": 3198.0996110540514, 
      "area": 3.8099999999999996, 
      "num_lifts": 37, 
      "name": "Krvavec", 
      "source": "jsons/ski_area_elevations//europe-latest.json", 
      "min_elev": 617, 
      "uid": "378e0108-4b5e-408f-93d4-0e9676346dad"
    }
  ], 
  "end_x": 3198.28889839721, 
  "num": 2913, 
  "zoom": 14, 
  "start_x": 3197.1913387203404
}