{
  "shown": [], 
  "end_x": 3202.6791371046875, 
  "num": 2917, 
  "zoom": 14, 
  "start_x": 3201.581577427818
}