{
  "shown": [], 
  "end_x": 3204.8742564584263, 
  "num": 2919, 
  "zoom": 14, 
  "start_x": 3203.776696781557
}