{
  "shown": [], 
  "end_x": 3211.459614519642, 
  "num": 2925, 
  "zoom": 14, 
  "start_x": 3210.3620548427725
}