{
  "shown": [], 
  "end_x": 3213.654733873381, 
  "num": 2927, 
  "zoom": 14, 
  "start_x": 3212.5571741965114
}