{
  "shown": [], 
  "end_x": 3221.337651611466, 
  "num": 2934, 
  "zoom": 14, 
  "start_x": 3220.2400919345964
}