{
  "shown": [], 
  "end_x": 3229.020569349551, 
  "num": 2941, 
  "zoom": 14, 
  "start_x": 3227.9230096726815
}