{
  "shown": [], 
  "end_x": 3233.4108080570286, 
  "num": 2945, 
  "zoom": 14, 
  "start_x": 3232.313248380159
}