{
  "shown": [], 
  "end_x": 3235.605927410767, 
  "num": 2947, 
  "zoom": 14, 
  "start_x": 3234.508367733898
}