{
  "shown": [], 
  "end_x": 3237.8010467645054, 
  "num": 2949, 
  "zoom": 14, 
  "start_x": 3236.703487087636
}