{
  "shown": [], 
  "end_x": 3243.2888451488525, 
  "num": 2954, 
  "zoom": 14, 
  "start_x": 3242.191285471983
}