{
  "shown": [], 
  "end_x": 325.9752240301892, 
  "num": 296, 
  "zoom": 14, 
  "start_x": 324.8776643533199
}