{
  "shown": [
    {
      "max_elev": 3229, 
      "cumarea": 326.1508098668903, 
      "area": 3.38, 
      "num_lifts": 19, 
      "name": "Penitentes", 
      "source": "jsons/ski_area_elevations//south-america-latest.json", 
      "min_elev": 2591, 
      "uid": "293fa51b-9198-4339-b53e-2838417dc7bc"
    }
  ], 
  "end_x": 327.07278370705853, 
  "num": 297, 
  "zoom": 14, 
  "start_x": 325.9752240301892
}