{
  "shown": [], 
  "end_x": 3265.240038686239, 
  "num": 2974, 
  "zoom": 14, 
  "start_x": 3264.1424790093697
}