{
  "shown": [], 
  "end_x": 328.17034338392784, 
  "num": 298, 
  "zoom": 14, 
  "start_x": 327.07278370705853
}