{
  "shown": [], 
  "end_x": 3271.8253967474548, 
  "num": 2980, 
  "zoom": 14, 
  "start_x": 3270.7278370705853
}