{
  "shown": [], 
  "end_x": 3274.0205161011936, 
  "num": 2982, 
  "zoom": 14, 
  "start_x": 3272.922956424324
}