{
  "shown": [], 
  "end_x": 3277.313195131802, 
  "num": 2985, 
  "zoom": 14, 
  "start_x": 3276.2156354549325
}