{
  "shown": [
    {
      "max_elev": 1928, 
      "uid": "a554698c-7a6f-46fe-a18d-d3441f04172d", 
      "area": 1.85, 
      "num_lifts": 1, 
      "source": "jsons/ski_area_elevations//europe-latest.json", 
      "min_elev": 1570, 
      "cumarea": 3277.495386838068
    }
  ], 
  "end_x": 3278.4107548086713, 
  "num": 2986, 
  "zoom": 14, 
  "start_x": 3277.313195131802
}