{
  "shown": [], 
  "end_x": 329.2679030607972, 
  "num": 299, 
  "zoom": 14, 
  "start_x": 328.17034338392784
}