{
  "shown": [], 
  "end_x": 3282.800993516148, 
  "num": 2990, 
  "zoom": 14, 
  "start_x": 3281.7034338392787
}