{
  "shown": [
    {
      "max_elev": 4734, 
      "cumarea": 4.144761007800478, 
      "area": 3.05, 
      "num_lifts": 6, 
      "name": "M\u00e9rida cable car", 
      "source": "jsons/ski_area_elevations//south-america-latest.json", 
      "min_elev": 1412, 
      "uid": "7962369f-522d-40a7-9338-d4e5b2bad3c8"
    }
  ], 
  "end_x": 4.3902387074772955, 
  "num": 3, 
  "zoom": 14, 
  "start_x": 3.292679030607972
}