{
  "shown": [], 
  "end_x": 3295.9717096385803, 
  "num": 3002, 
  "zoom": 14, 
  "start_x": 3294.874149961711
}