{
  "shown": [], 
  "end_x": 3299.2643886691876, 
  "num": 3005, 
  "zoom": 14, 
  "start_x": 3298.166828992318
}