{
  "shown": [], 
  "end_x": 331.4630224145359, 
  "num": 301, 
  "zoom": 14, 
  "start_x": 330.3654627376666
}