{
  "shown": [
    {
      "max_elev": 1915, 
      "uid": "ef9e3496-fa06-4684-a430-08bd0f84eb3d", 
      "area": 1.8900000000000001, 
      "num_lifts": 2, 
      "source": "jsons/ski_area_elevations//europe-latest.json", 
      "min_elev": 1675, 
      "cumarea": 3314.5226536450764
    }
  ], 
  "end_x": 3314.630224145358, 
  "num": 3019, 
  "zoom": 14, 
  "start_x": 3313.532664468489
}