{
  "shown": [], 
  "end_x": 3344.2643354208303, 
  "num": 3046, 
  "zoom": 14, 
  "start_x": 3343.166775743961
}