{
  "shown": [], 
  "end_x": 3349.752133805177, 
  "num": 3051, 
  "zoom": 14, 
  "start_x": 3348.654574128308
}