{
  "shown": [], 
  "end_x": 3355.2399321895236, 
  "num": 3056, 
  "zoom": 14, 
  "start_x": 3354.142372512654
}