{
  "shown": [
    {
      "max_elev": 1900, 
      "cumarea": 3359.5004128727396, 
      "area": 5.9399999999999995, 
      "num_lifts": 37, 
      "name": "Gerlitzen", 
      "source": "jsons/ski_area_elevations//europe-latest.json", 
      "min_elev": 524, 
      "uid": "e963f70e-f21e-4f8a-a1f6-01ad2130ceb7"
    }
  ], 
  "end_x": 3359.6301708970004, 
  "num": 3060, 
  "zoom": 14, 
  "start_x": 3358.5326112201315
}