{
  "shown": [
    {
      "max_elev": 1898, 
      "cumarea": 3362.592336173257, 
      "area": 2.98, 
      "num_lifts": 13, 
      "name": "Roubion les Buisses", 
      "source": "jsons/ski_area_elevations//europe-latest.json", 
      "min_elev": 1430, 
      "uid": "4ed22287-7551-4b01-a674-44d1d4297547"
    }
  ], 
  "end_x": 3362.9228499276087, 
  "num": 3063, 
  "zoom": 14, 
  "start_x": 3361.8252902507393
}