{
  "shown": [], 
  "end_x": 3373.898446696302, 
  "num": 3073, 
  "zoom": 14, 
  "start_x": 3372.8008870194326
}