{
  "shown": [], 
  "end_x": 3379.386245080648, 
  "num": 3078, 
  "zoom": 14, 
  "start_x": 3378.288685403779
}