{
  "shown": [], 
  "end_x": 3383.776483788126, 
  "num": 3082, 
  "zoom": 14, 
  "start_x": 3382.6789241112565
}