{
  "shown": [], 
  "end_x": 340.2434998294905, 
  "num": 309, 
  "zoom": 14, 
  "start_x": 339.14594015262116
}