{
  "shown": [], 
  "end_x": 3393.6545208799494, 
  "num": 3091, 
  "zoom": 14, 
  "start_x": 3392.5569612030804
}