{
  "shown": [
    {
      "max_elev": 1883, 
      "uid": "6fff795d-7eb9-4bf8-a236-a7fd8e5f8e1a", 
      "area": 1.82, 
      "num_lifts": 1, 
      "source": "jsons/ski_area_elevations//asia-latest.json", 
      "min_elev": 1866, 
      "cumarea": 3397.4503586879578
    }
  ], 
  "end_x": 3398.0447595874266, 
  "num": 3095, 
  "zoom": 14, 
  "start_x": 3396.947199910557
}