{
  "shown": [], 
  "end_x": 341.3410595063598, 
  "num": 310, 
  "zoom": 14, 
  "start_x": 340.2434998294905
}