{
  "shown": [], 
  "end_x": 3405.7276773255126, 
  "num": 3102, 
  "zoom": 14, 
  "start_x": 3404.630117648643
}