{
  "shown": [], 
  "end_x": 3413.4105950635976, 
  "num": 3109, 
  "zoom": 14, 
  "start_x": 3412.313035386728
}