{
  "shown": [], 
  "end_x": 3416.703274094206, 
  "num": 3112, 
  "zoom": 14, 
  "start_x": 3415.6057144173365
}