{
  "shown": [], 
  "end_x": 3419.9959531248137, 
  "num": 3115, 
  "zoom": 14, 
  "start_x": 3418.8983934479447
}