{
  "shown": [], 
  "end_x": 3425.4837515091604, 
  "num": 3120, 
  "zoom": 14, 
  "start_x": 3424.386191832291
}