{
  "shown": [
    {
      "max_elev": 1877, 
      "cumarea": 3426.451054923315, 
      "area": 8.280000000000001, 
      "num_lifts": 52, 
      "name": "Les Houches", 
      "source": "jsons/ski_area_elevations//europe-latest.json", 
      "min_elev": 979, 
      "uid": "89e6441f-f54a-4409-95db-0e7bfc044f3e"
    }
  ], 
  "end_x": 3426.58131118603, 
  "num": 3121, 
  "zoom": 14, 
  "start_x": 3425.4837515091604
}