{
  "shown": [], 
  "end_x": 3428.776430539768, 
  "num": 3123, 
  "zoom": 14, 
  "start_x": 3427.678870862899
}