{
  "shown": [], 
  "end_x": 3433.1666692472454, 
  "num": 3127, 
  "zoom": 14, 
  "start_x": 3432.069109570376
}