{
  "shown": [], 
  "end_x": 344.6337385369677, 
  "num": 313, 
  "zoom": 14, 
  "start_x": 343.5361788600984
}