{
  "shown": [], 
  "end_x": 3436.4593482778537, 
  "num": 3130, 
  "zoom": 14, 
  "start_x": 3435.3617886009843
}