{
  "shown": [], 
  "end_x": 3437.5569079547226, 
  "num": 3131, 
  "zoom": 14, 
  "start_x": 3436.4593482778537
}