{
  "shown": [
    {
      "max_elev": 1875, 
      "uid": "51c8daf5-1c6b-41c7-93a6-b0dd23261eb4", 
      "area": 4.09, 
      "num_lifts": 8, 
      "source": "jsons/ski_area_elevations//europe-latest.json", 
      "min_elev": 877, 
      "cumarea": 3437.87500039015
    }
  ], 
  "end_x": 3438.6544676315916, 
  "num": 3132, 
  "zoom": 14, 
  "start_x": 3437.5569079547226
}