{
  "shown": [
    {
      "max_elev": 1875, 
      "uid": "071763ad-24fe-4c7d-982c-bead6180f8f7", 
      "area": 2.43, 
      "num_lifts": 5, 
      "source": "jsons/ski_area_elevations//europe-latest.json", 
      "min_elev": 551, 
      "cumarea": 3440.7628916475023
    }
  ], 
  "end_x": 3440.8495869853305, 
  "num": 3134, 
  "zoom": 14, 
  "start_x": 3439.752027308461
}