{
  "shown": [], 
  "end_x": 345.731298213837, 
  "num": 314, 
  "zoom": 14, 
  "start_x": 344.6337385369677
}