{
  "shown": [
    {
      "max_elev": 1872, 
      "uid": "79c7c587-be66-472b-ad11-d964c1333d3f", 
      "area": 4.84, 
      "num_lifts": 15, 
      "source": "jsons/ski_area_elevations//europe-latest.json", 
      "min_elev": 1384, 
      "cumarea": 3463.9812350188236
    }
  ], 
  "end_x": 3464.995899876455, 
  "num": 3156, 
  "zoom": 14, 
  "start_x": 3463.898340199586
}