{
  "shown": [
    {
      "max_elev": 3210, 
      "cumarea": 347.18294586085227, 
      "area": 8.64, 
      "num_lifts": 46, 
      "name": "Steamboat Springs", 
      "source": "jsons/ski_area_elevations//north-america-latest.json", 
      "min_elev": 2075, 
      "uid": "cf26651d-c07f-4259-a6e7-4ca203676b13"
    }
  ], 
  "end_x": 347.92641756757575, 
  "num": 316, 
  "zoom": 14, 
  "start_x": 346.8288578907064
}