{
  "shown": [], 
  "end_x": 3469.3861385839327, 
  "num": 3160, 
  "zoom": 14, 
  "start_x": 3468.2885789070633
}