{
  "shown": [], 
  "end_x": 3474.87393696828, 
  "num": 3165, 
  "zoom": 14, 
  "start_x": 3473.7763772914104
}