{
  "shown": [], 
  "end_x": 3485.849533736973, 
  "num": 3175, 
  "zoom": 14, 
  "start_x": 3484.7519740601037
}