{
  "shown": [], 
  "end_x": 3490.2397724444504, 
  "num": 3179, 
  "zoom": 14, 
  "start_x": 3489.1422127675814
}