{
  "shown": [], 
  "end_x": 3491.3373321213194, 
  "num": 3180, 
  "zoom": 14, 
  "start_x": 3490.2397724444504
}