{
  "shown": [], 
  "end_x": 3497.922690182536, 
  "num": 3186, 
  "zoom": 14, 
  "start_x": 3496.8251305056665
}