{
  "shown": [], 
  "end_x": 3499.020249859405, 
  "num": 3187, 
  "zoom": 14, 
  "start_x": 3497.922690182536
}