{
  "shown": [], 
  "end_x": 3502.3129288900127, 
  "num": 3190, 
  "zoom": 14, 
  "start_x": 3501.2153692131433
}