{
  "shown": [
    {
      "max_elev": 1866, 
      "uid": "dc4f49ef-395c-4126-bf2c-3ad8cd4894d5", 
      "area": 1.83, 
      "num_lifts": 1, 
      "source": "jsons/ski_area_elevations//europe-latest.json", 
      "min_elev": 1675, 
      "cumarea": 3505.352406202929
    }
  ], 
  "end_x": 3505.605607920621, 
  "num": 3193, 
  "zoom": 14, 
  "start_x": 3504.5080482437515
}