{
  "shown": [], 
  "end_x": 3506.7031675974904, 
  "num": 3194, 
  "zoom": 14, 
  "start_x": 3505.605607920621
}