{
  "shown": [], 
  "end_x": 36.219469336687695, 
  "num": 32, 
  "zoom": 14, 
  "start_x": 35.121909659818364
}