{
  "shown": [], 
  "end_x": 3518.776324043052, 
  "num": 3205, 
  "zoom": 14, 
  "start_x": 3517.678764366183
}