{
  "shown": [], 
  "end_x": 3524.2641224273993, 
  "num": 3210, 
  "zoom": 14, 
  "start_x": 3523.16656275053
}