{
  "shown": [], 
  "end_x": 3528.654361134876, 
  "num": 3214, 
  "zoom": 14, 
  "start_x": 3527.5568014580067
}