{
  "shown": [], 
  "end_x": 3537.4348385498306, 
  "num": 3222, 
  "zoom": 14, 
  "start_x": 3536.337278872961
}