{
  "shown": [], 
  "end_x": 355.609335305661, 
  "num": 323, 
  "zoom": 14, 
  "start_x": 354.5117756287916
}