{
  "shown": [], 
  "end_x": 3563.776270794695, 
  "num": 3246, 
  "zoom": 14, 
  "start_x": 3562.6787111178255
}