{
  "shown": [], 
  "end_x": 3571.45918853278, 
  "num": 3253, 
  "zoom": 14, 
  "start_x": 3570.3616288559106
}