{
  "shown": [], 
  "end_x": 3574.7518675633883, 
  "num": 3256, 
  "zoom": 14, 
  "start_x": 3573.654307886519
}