{
  "shown": [], 
  "end_x": 3578.044546593996, 
  "num": 3259, 
  "zoom": 14, 
  "start_x": 3576.946986917127
}