{
  "shown": [
    {
      "max_elev": 1845, 
      "cumarea": 3601.4996186073668, 
      "area": 48.269999999999996, 
      "num_lifts": 327, 
      "name": "SkiWelt Wilder Kaiser", 
      "source": "jsons/ski_area_elevations//europe-latest.json", 
      "min_elev": 649, 
      "uid": "65646b20-4208-40eb-859e-aa8f946acce9"
    }
  ], 
  "end_x": 3602.190859485121, 
  "num": 3281, 
  "zoom": 14, 
  "start_x": 3601.0932998082517
}