{
  "shown": [], 
  "end_x": 3609.873777223206, 
  "num": 3288, 
  "zoom": 14, 
  "start_x": 3608.7762175463367
}