{
  "shown": [], 
  "end_x": 3614.264015930684, 
  "num": 3292, 
  "zoom": 14, 
  "start_x": 3613.1664562538144
}