{
  "shown": [], 
  "end_x": 37.31702901355702, 
  "num": 33, 
  "zoom": 14, 
  "start_x": 36.219469336687695
}