{
  "shown": [], 
  "end_x": 363.2922530437462, 
  "num": 330, 
  "zoom": 14, 
  "start_x": 362.1946933668769
}