{
  "shown": [], 
  "end_x": 3630.727411083724, 
  "num": 3307, 
  "zoom": 14, 
  "start_x": 3629.629851406855
}