{
  "shown": [], 
  "end_x": 3631.824970760593, 
  "num": 3308, 
  "zoom": 14, 
  "start_x": 3630.727411083724
}