{
  "shown": [], 
  "end_x": 364.38981272061557, 
  "num": 331, 
  "zoom": 14, 
  "start_x": 363.2922530437462
}