{
  "shown": [], 
  "end_x": 3637.31276914494, 
  "num": 3313, 
  "zoom": 14, 
  "start_x": 3636.2152094680705
}