{
  "shown": [], 
  "end_x": 3639.5078884986783, 
  "num": 3315, 
  "zoom": 14, 
  "start_x": 3638.4103288218093
}