{
  "shown": [], 
  "end_x": 3644.995686883025, 
  "num": 3320, 
  "zoom": 14, 
  "start_x": 3643.8981272061556
}