{
  "shown": [], 
  "end_x": 3655.9712836517183, 
  "num": 3330, 
  "zoom": 14, 
  "start_x": 3654.873723974849
}