{
  "shown": [
    {
      "max_elev": 1833, 
      "uid": "df53dca4-631b-470b-9653-529922081927", 
      "area": 2.2, 
      "num_lifts": 9, 
      "source": "jsons/ski_area_elevations//europe-latest.json", 
      "min_elev": 1578, 
      "cumarea": 3656.1162387185154
    }
  ], 
  "end_x": 3657.0688433285873, 
  "num": 3331, 
  "zoom": 14, 
  "start_x": 3655.9712836517183
}