{
  "shown": [], 
  "end_x": 3660.361522359195, 
  "num": 3334, 
  "zoom": 14, 
  "start_x": 3659.2639626823257
}