{
  "shown": [], 
  "end_x": 3661.4590820360645, 
  "num": 3335, 
  "zoom": 14, 
  "start_x": 3660.361522359195
}