{
  "shown": [
    {
      "max_elev": 1831, 
      "cumarea": 3662.0683297266455, 
      "area": 3.87, 
      "num_lifts": 29, 
      "name": "Fageralm / Forstau", 
      "source": "jsons/ski_area_elevations//europe-latest.json", 
      "min_elev": 939, 
      "uid": "004d72fa-3b9c-4bfd-a085-2a241e97ba24"
    }
  ], 
  "end_x": 3662.556641712934, 
  "num": 3336, 
  "zoom": 14, 
  "start_x": 3661.4590820360645
}