{
  "shown": [], 
  "end_x": 3663.6542013898033, 
  "num": 3337, 
  "zoom": 14, 
  "start_x": 3662.556641712934
}