{
  "shown": [], 
  "end_x": 3670.239559451019, 
  "num": 3343, 
  "zoom": 14, 
  "start_x": 3669.1419997741496
}