{
  "shown": [], 
  "end_x": 3677.922477189104, 
  "num": 3350, 
  "zoom": 14, 
  "start_x": 3676.8249175122346
}