{
  "shown": [], 
  "end_x": 3685.60539492719, 
  "num": 3357, 
  "zoom": 14, 
  "start_x": 3684.5078352503206
}