{
  "shown": [], 
  "end_x": 3694.3858723421445, 
  "num": 3365, 
  "zoom": 14, 
  "start_x": 3693.288312665275
}