{
  "shown": [], 
  "end_x": 3699.8736707264916, 
  "num": 3370, 
  "zoom": 14, 
  "start_x": 3698.776111049622
}