{
  "shown": [
    {
      "max_elev": 1829, 
      "uid": "663301e3-d0ec-4aa1-9e75-2111006dd256", 
      "area": 1.85, 
      "num_lifts": 2, 
      "source": "jsons/ski_area_elevations//europe-latest.json", 
      "min_elev": 1680, 
      "cumarea": 3700.3856250111767
    }
  ], 
  "end_x": 3700.9712304033606, 
  "num": 3371, 
  "zoom": 14, 
  "start_x": 3699.8736707264916
}