{
  "shown": [], 
  "end_x": 372.0727304587008, 
  "num": 338, 
  "zoom": 14, 
  "start_x": 370.9751707818315
}