{
  "shown": [
    {
      "max_elev": 1827, 
      "uid": "67552fc5-22f9-4413-84dc-b734d6438a3f", 
      "area": 2.23, 
      "num_lifts": 5, 
      "source": "jsons/ski_area_elevations//europe-latest.json", 
      "min_elev": 1232, 
      "cumarea": 3713.961020091184
    }
  ], 
  "end_x": 3714.1419465257923, 
  "num": 3383, 
  "zoom": 14, 
  "start_x": 3713.044386848923
}