{
  "shown": [
    {
      "max_elev": 1826, 
      "cumarea": 3720.426574012456, 
      "area": 5.5, 
      "num_lifts": 20, 
      "name": "Tsugaike kogen Ski Area", 
      "source": "jsons/ski_area_elevations//asia-latest.json", 
      "min_elev": 778, 
      "uid": "02b3ba73-d846-4e2d-b9cb-e11a23eae323"
    }
  ], 
  "end_x": 3720.727304587008, 
  "num": 3389, 
  "zoom": 14, 
  "start_x": 3719.6297449101385
}