{
  "shown": [], 
  "end_x": 3721.8248642638773, 
  "num": 3390, 
  "zoom": 14, 
  "start_x": 3720.727304587008
}