{
  "shown": [
    {
      "max_elev": 1823, 
      "uid": "ba5e15a4-57d0-459c-ad90-06376ffcb36d", 
      "area": 1.86, 
      "num_lifts": 1, 
      "source": "jsons/ski_area_elevations//asia-latest.json", 
      "min_elev": 1561, 
      "cumarea": 3731.857601320767
    }
  ], 
  "end_x": 3732.8004610325706, 
  "num": 3400, 
  "zoom": 14, 
  "start_x": 3731.702901355701
}