{
  "shown": [], 
  "end_x": 3739.3858190937863, 
  "num": 3406, 
  "zoom": 14, 
  "start_x": 3738.288259416917
}