{
  "shown": [], 
  "end_x": 375.36540948930883, 
  "num": 341, 
  "zoom": 14, 
  "start_x": 374.2678498124395
}