{
  "shown": [], 
  "end_x": 3748.1662965087407, 
  "num": 3414, 
  "zoom": 14, 
  "start_x": 3747.0687368318713
}