{
  "shown": [], 
  "end_x": 3750.3614158624796, 
  "num": 3416, 
  "zoom": 14, 
  "start_x": 3749.26385618561
}