{
  "shown": [], 
  "end_x": 3753.654094893088, 
  "num": 3419, 
  "zoom": 14, 
  "start_x": 3752.5565352162184
}