{
  "shown": [
    {
      "max_elev": 1819, 
      "uid": "0345d06d-f2ed-4ace-be8b-c43efee23f3e", 
      "area": 1.81, 
      "num_lifts": 1, 
      "source": "jsons/ski_area_elevations//europe-latest.json", 
      "min_elev": 1753, 
      "cumarea": 3753.7951633116113
    }
  ], 
  "end_x": 3754.7516545699573, 
  "num": 3420, 
  "zoom": 14, 
  "start_x": 3753.654094893088
}