{
  "shown": [
    {
      "max_elev": 1817, 
      "uid": "4225fd3d-6eff-4729-af89-4d822593f2a6", 
      "area": 1.86, 
      "num_lifts": 1, 
      "source": "jsons/ski_area_elevations//south-america-latest.json", 
      "min_elev": 1553, 
      "cumarea": 3763.639650925769
    }
  ], 
  "end_x": 3764.629691661781, 
  "num": 3429, 
  "zoom": 14, 
  "start_x": 3763.5321319849118
}