{
  "shown": [], 
  "end_x": 377.56052884304745, 
  "num": 343, 
  "zoom": 14, 
  "start_x": 376.46296916617814
}