{
  "shown": [], 
  "end_x": 3769.019930369259, 
  "num": 3433, 
  "zoom": 14, 
  "start_x": 3767.9223706923894
}