{
  "shown": [], 
  "end_x": 3770.1174900461283, 
  "num": 3434, 
  "zoom": 14, 
  "start_x": 3769.019930369259
}