{
  "shown": [], 
  "end_x": 378.65808851991676, 
  "num": 344, 
  "zoom": 14, 
  "start_x": 377.56052884304745
}