{
  "shown": [], 
  "end_x": 3790.9711239066446, 
  "num": 3453, 
  "zoom": 14, 
  "start_x": 3789.873564229775
}