{
  "shown": [], 
  "end_x": 3794.263802937253, 
  "num": 3456, 
  "zoom": 14, 
  "start_x": 3793.1662432603835
}