{
  "shown": [], 
  "end_x": 3800.8491609984685, 
  "num": 3462, 
  "zoom": 14, 
  "start_x": 3799.751601321599
}