{
  "shown": [
    {
      "max_elev": 1810, 
      "uid": "33d59980-dad2-4af9-974b-c03fbb310afd", 
      "area": 2.13, 
      "num_lifts": 6, 
      "source": "jsons/ski_area_elevations//europe-latest.json", 
      "min_elev": 1364, 
      "cumarea": 3801.9407586652683
    }
  ], 
  "end_x": 3801.946720675338, 
  "num": 3463, 
  "zoom": 14, 
  "start_x": 3800.8491609984685
}