{
  "shown": [], 
  "end_x": 3804.141840029077, 
  "num": 3465, 
  "zoom": 14, 
  "start_x": 3803.0442803522074
}