{
  "shown": [], 
  "end_x": 3805.239399705946, 
  "num": 3466, 
  "zoom": 14, 
  "start_x": 3804.141840029077
}