{
  "shown": [
    {
      "max_elev": 1808, 
      "uid": "1bb08487-8201-448f-9f79-271633808228", 
      "area": 2.62, 
      "num_lifts": 12, 
      "source": "jsons/ski_area_elevations//europe-latest.json", 
      "min_elev": 1614, 
      "cumarea": 3808.4808477037695
    }
  ], 
  "end_x": 3808.5320787365536, 
  "num": 3469, 
  "zoom": 14, 
  "start_x": 3807.434519059684
}