{
  "shown": [], 
  "end_x": 381.95076755052474, 
  "num": 347, 
  "zoom": 14, 
  "start_x": 380.8532078736554
}