{
  "shown": [], 
  "end_x": 3809.629638413423, 
  "num": 3470, 
  "zoom": 14, 
  "start_x": 3808.5320787365536
}