{
  "shown": [], 
  "end_x": 3819.507675505247, 
  "num": 3479, 
  "zoom": 14, 
  "start_x": 3818.4101158283775
}