{
  "shown": [
    {
      "max_elev": 1806, 
      "uid": "6daf1c54-a56d-403f-a72a-6cee8b9f4665", 
      "area": 1.84, 
      "num_lifts": 1, 
      "source": "jsons/ski_area_elevations//europe-latest.json", 
      "min_elev": 1304, 
      "cumarea": 3822.4161537098557
    }
  ], 
  "end_x": 3822.800354535855, 
  "num": 3482, 
  "zoom": 14, 
  "start_x": 3821.7027948589857
}