{
  "shown": [
    {
      "max_elev": 1804, 
      "uid": "061a0517-71e7-4ee4-8984-e5d94c6e3f7a", 
      "area": 1.92, 
      "num_lifts": 1, 
      "source": "jsons/ski_area_elevations//europe-latest.json", 
      "min_elev": 936, 
      "cumarea": 3827.672794862749
    }
  ], 
  "end_x": 3828.288152920202, 
  "num": 3487, 
  "zoom": 14, 
  "start_x": 3827.190593243333
}