{
  "shown": [], 
  "end_x": 3829.385712597071, 
  "num": 3488, 
  "zoom": 14, 
  "start_x": 3828.288152920202
}