{
  "shown": [], 
  "end_x": 3837.0686303351567, 
  "num": 3495, 
  "zoom": 14, 
  "start_x": 3835.9710706582873
}