{
  "shown": [], 
  "end_x": 39.512148367295666, 
  "num": 35, 
  "zoom": 14, 
  "start_x": 38.41458869042634
}