{
  "shown": [], 
  "end_x": 3867.8003012874974, 
  "num": 3523, 
  "zoom": 14, 
  "start_x": 3866.7027416106284
}