{
  "shown": [], 
  "end_x": 388.53612561174066, 
  "num": 353, 
  "zoom": 14, 
  "start_x": 387.43856593487135
}