{
  "shown": [], 
  "end_x": 3876.580778702452, 
  "num": 3531, 
  "zoom": 14, 
  "start_x": 3875.483219025583
}