{
  "shown": [], 
  "end_x": 3879.8734577330597, 
  "num": 3534, 
  "zoom": 14, 
  "start_x": 3878.7758980561903
}