{
  "shown": [], 
  "end_x": 3883.166136763668, 
  "num": 3537, 
  "zoom": 14, 
  "start_x": 3882.0685770867985
}