{
  "shown": [], 
  "end_x": 3885.3612561174064, 
  "num": 3539, 
  "zoom": 14, 
  "start_x": 3884.2636964405374
}