{
  "shown": [], 
  "end_x": 3888.653935148014, 
  "num": 3542, 
  "zoom": 14, 
  "start_x": 3887.5563754711447
}