{
  "shown": [], 
  "end_x": 3905.1173303010546, 
  "num": 3557, 
  "zoom": 14, 
  "start_x": 3904.019770624185
}