{
  "shown": [], 
  "end_x": 391.8288046423487, 
  "num": 356, 
  "zoom": 14, 
  "start_x": 390.73124496547933
}