{
  "shown": [], 
  "end_x": 3910.6051286854017, 
  "num": 3562, 
  "zoom": 14, 
  "start_x": 3909.5075690085323
}