{
  "shown": [], 
  "end_x": 392.926364319218, 
  "num": 357, 
  "zoom": 14, 
  "start_x": 391.8288046423487
}