{
  "shown": [], 
  "end_x": 3919.385606100356, 
  "num": 3570, 
  "zoom": 14, 
  "start_x": 3918.288046423487
}