{
  "shown": [], 
  "end_x": 3922.6782851309636, 
  "num": 3573, 
  "zoom": 14, 
  "start_x": 3921.580725454094
}