{
  "shown": [], 
  "end_x": 3935.8490012533957, 
  "num": 3585, 
  "zoom": 14, 
  "start_x": 3934.7514415765263
}