{
  "shown": [], 
  "end_x": 3945.7270383452196, 
  "num": 3594, 
  "zoom": 14, 
  "start_x": 3944.62947866835
}