{
  "shown": [], 
  "end_x": 3946.8245980220886, 
  "num": 3595, 
  "zoom": 14, 
  "start_x": 3945.7270383452196
}