{
  "shown": [], 
  "end_x": 3951.214836729566, 
  "num": 3599, 
  "zoom": 14, 
  "start_x": 3950.1172770526964
}