{
  "shown": [], 
  "end_x": 397.31660302669525, 
  "num": 361, 
  "zoom": 14, 
  "start_x": 396.21904334982594
}