{
  "shown": [], 
  "end_x": 3963.2879931751286, 
  "num": 3610, 
  "zoom": 14, 
  "start_x": 3962.190433498259
}