{
  "shown": [], 
  "end_x": 3977.55626897443, 
  "num": 3623, 
  "zoom": 14, 
  "start_x": 3976.4587092975607
}