{
  "shown": [], 
  "end_x": 399.5117223804339, 
  "num": 363, 
  "zoom": 14, 
  "start_x": 398.41416270356456
}