{
  "shown": [], 
  "end_x": 3985.239186712515, 
  "num": 3630, 
  "zoom": 14, 
  "start_x": 3984.141627035646
}