{
  "shown": [
    {
      "max_elev": 1778, 
      "cumarea": 3987.2860687819057, 
      "area": 4.23, 
      "num_lifts": 18, 
      "name": "Loser", 
      "source": "jsons/ski_area_elevations//europe-latest.json", 
      "min_elev": 860, 
      "uid": "4cd81792-9cc2-47d2-a580-27b011b4a0f7"
    }
  ], 
  "end_x": 3987.434306066254, 
  "num": 3632, 
  "zoom": 14, 
  "start_x": 3986.3367463893846
}