{
  "shown": [
    {
      "max_elev": 1771, 
      "uid": "ad79d021-7f86-4295-a774-3e2b786a9e80", 
      "area": 1.9100000000000001, 
      "num_lifts": 2, 
      "source": "jsons/ski_area_elevations//europe-latest.json", 
      "min_elev": 1270, 
      "cumarea": 4015.747191045054
    }
  ], 
  "end_x": 4015.9708576648563, 
  "num": 3658, 
  "zoom": 14, 
  "start_x": 4014.873297987987
}