{
  "shown": [], 
  "end_x": 4017.0684173417253, 
  "num": 3659, 
  "zoom": 14, 
  "start_x": 4015.9708576648563
}