{
  "shown": [], 
  "end_x": 4022.556215726072, 
  "num": 3664, 
  "zoom": 14, 
  "start_x": 4021.4586560492025
}