{
  "shown": [], 
  "end_x": 4023.6537754029414, 
  "num": 3665, 
  "zoom": 14, 
  "start_x": 4022.556215726072
}