{
  "shown": [], 
  "end_x": 4028.044014110418, 
  "num": 3669, 
  "zoom": 14, 
  "start_x": 4026.9464544335488
}