{
  "shown": [], 
  "end_x": 4029.1415737872876, 
  "num": 3670, 
  "zoom": 14, 
  "start_x": 4028.044014110418
}