{
  "shown": [], 
  "end_x": 4043.409849586589, 
  "num": 3683, 
  "zoom": 14, 
  "start_x": 4042.3122899097198
}