{
  "shown": [], 
  "end_x": 4051.092767324675, 
  "num": 3690, 
  "zoom": 14, 
  "start_x": 4049.9952076478057
}