{
  "shown": [], 
  "end_x": 4054.3854463552825, 
  "num": 3693, 
  "zoom": 14, 
  "start_x": 4053.287886678413
}