{
  "shown": [], 
  "end_x": 4073.043960862061, 
  "num": 3710, 
  "zoom": 14, 
  "start_x": 4071.9464011851915
}