{
  "shown": [], 
  "end_x": 4099.385393106925, 
  "num": 3734, 
  "zoom": 14, 
  "start_x": 4098.287833430056
}