{
  "shown": [], 
  "end_x": 4122.43414632118, 
  "num": 3755, 
  "zoom": 14, 
  "start_x": 4121.336586644311
}