{
  "shown": [], 
  "end_x": 4134.507302766744, 
  "num": 3766, 
  "zoom": 14, 
  "start_x": 4133.409743089875
}