{
  "shown": [], 
  "end_x": 4137.7999817973505, 
  "num": 3769, 
  "zoom": 14, 
  "start_x": 4136.702422120481
}