{
  "shown": [], 
  "end_x": 4141.092660827959, 
  "num": 3772, 
  "zoom": 14, 
  "start_x": 4139.995101151089
}