{
  "shown": [], 
  "end_x": 4144.385339858567, 
  "num": 3775, 
  "zoom": 14, 
  "start_x": 4143.287780181698
}