{
  "shown": [], 
  "end_x": 4149.873138242914, 
  "num": 3780, 
  "zoom": 14, 
  "start_x": 4148.775578566045
}