{
  "shown": [
    {
      "max_elev": 1747, 
      "uid": "860cbf4d-e419-473d-b99e-3e0d465d4bdc", 
      "area": 1.84, 
      "num_lifts": 1, 
      "source": "jsons/ski_area_elevations//europe-latest.json", 
      "min_elev": 1365, 
      "cumarea": 4151.135069108047
    }
  ], 
  "end_x": 4152.068257596653, 
  "num": 3782, 
  "zoom": 14, 
  "start_x": 4150.970697919784
}