{
  "shown": [], 
  "end_x": 4156.458496304129, 
  "num": 3786, 
  "zoom": 14, 
  "start_x": 4155.360936627259
}