{
  "shown": [
    {
      "max_elev": 1742, 
      "uid": "53a3a958-06d1-4b68-ba3c-0177eeb9d5d5", 
      "area": 3.46, 
      "num_lifts": 12, 
      "source": "jsons/ski_area_elevations//europe-latest.json", 
      "min_elev": 1334, 
      "cumarea": 4168.634282476129
    }
  ], 
  "end_x": 4169.629212426562, 
  "num": 3798, 
  "zoom": 14, 
  "start_x": 4168.5316527496925
}