{
  "shown": [], 
  "end_x": 4170.72677210343, 
  "num": 3799, 
  "zoom": 14, 
  "start_x": 4169.629212426562
}