{
  "shown": [], 
  "end_x": 418.17023688721247, 
  "num": 380, 
  "zoom": 14, 
  "start_x": 417.0726772103431
}