{
  "shown": [
    {
      "max_elev": 1740, 
      "uid": "af9180b1-55e6-4f76-b77f-181fa5e895df", 
      "area": 2.27, 
      "num_lifts": 5, 
      "source": "jsons/ski_area_elevations//europe-latest.json", 
      "min_elev": 1459, 
      "cumarea": 4174.10116554968
    }
  ], 
  "end_x": 4175.117010810907, 
  "num": 3803, 
  "zoom": 14, 
  "start_x": 4174.019451134038
}