{
  "shown": [], 
  "end_x": 4184.995047902732, 
  "num": 3812, 
  "zoom": 14, 
  "start_x": 4183.897488225863
}