{
  "shown": [
    {
      "max_elev": 1739, 
      "uid": "bab90607-3086-4b1a-aae2-0d51af8d6fc6", 
      "area": 1.9100000000000001, 
      "num_lifts": 3, 
      "source": "jsons/ski_area_elevations//europe-latest.json", 
      "min_elev": 1075, 
      "cumarea": 4185.29490212252
    }
  ], 
  "end_x": 4186.0926075796015, 
  "num": 3813, 
  "zoom": 14, 
  "start_x": 4184.995047902732
}