{
  "shown": [], 
  "end_x": 4187.190167256471, 
  "num": 3814, 
  "zoom": 14, 
  "start_x": 4186.0926075796015
}