{
  "shown": [], 
  "end_x": 4189.385286610208, 
  "num": 3816, 
  "zoom": 14, 
  "start_x": 4188.287726933339
}