{
  "shown": [], 
  "end_x": 4195.970644671424, 
  "num": 3822, 
  "zoom": 14, 
  "start_x": 4194.873084994555
}