{
  "shown": [], 
  "end_x": 4201.458443055772, 
  "num": 3827, 
  "zoom": 14, 
  "start_x": 4200.360883378902
}