{
  "shown": [], 
  "end_x": 421.4629159178204, 
  "num": 383, 
  "zoom": 14, 
  "start_x": 420.3653562409511
}