{
  "shown": [], 
  "end_x": 4206.946241440119, 
  "num": 3832, 
  "zoom": 14, 
  "start_x": 4205.848681763249
}