{
  "shown": [], 
  "end_x": 4208.043801116988, 
  "num": 3833, 
  "zoom": 14, 
  "start_x": 4206.946241440119
}