{
  "shown": [], 
  "end_x": 4215.726718855072, 
  "num": 3840, 
  "zoom": 14, 
  "start_x": 4214.629159178204
}