{
  "shown": [], 
  "end_x": 4217.921838208811, 
  "num": 3842, 
  "zoom": 14, 
  "start_x": 4216.824278531942
}