{
  "shown": [], 
  "end_x": 4220.11695756255, 
  "num": 3844, 
  "zoom": 14, 
  "start_x": 4219.0193978856805
}