{
  "shown": [], 
  "end_x": 4226.7023156237665, 
  "num": 3850, 
  "zoom": 14, 
  "start_x": 4225.604755946897
}