{
  "shown": [], 
  "end_x": 4227.799875300636, 
  "num": 3851, 
  "zoom": 14, 
  "start_x": 4226.7023156237665
}