{
  "shown": [], 
  "end_x": 4235.482793038722, 
  "num": 3858, 
  "zoom": 14, 
  "start_x": 4234.385233361852
}