{
  "shown": [], 
  "end_x": 4238.77547206933, 
  "num": 3861, 
  "zoom": 14, 
  "start_x": 4237.677912392461
}