{
  "shown": [], 
  "end_x": 4246.458389807414, 
  "num": 3868, 
  "zoom": 14, 
  "start_x": 4245.360830130545
}