{
  "shown": [], 
  "end_x": 4253.043747868631, 
  "num": 3874, 
  "zoom": 14, 
  "start_x": 4251.946188191761
}