{
  "shown": [], 
  "end_x": 4267.3120236679315, 
  "num": 3887, 
  "zoom": 14, 
  "start_x": 4266.214463991062
}