{
  "shown": [
    {
      "max_elev": 1721, 
      "uid": "7eb2149c-0dd1-4172-80e5-d31da126c99a", 
      "area": 2.59, 
      "num_lifts": 19, 
      "source": "jsons/ski_area_elevations//europe-latest.json", 
      "min_elev": 1320, 
      "cumarea": 4268.276439191151
    }
  ], 
  "end_x": 4268.409583344801, 
  "num": 3888, 
  "zoom": 14, 
  "start_x": 4267.3120236679315
}