{
  "shown": [
    {
      "max_elev": 3133, 
      "cumarea": 427.3982045105031, 
      "area": 8.41, 
      "num_lifts": 36, 
      "name": "Belalp - Blatten", 
      "source": "jsons/ski_area_elevations//europe-latest.json", 
      "min_elev": 1333, 
      "uid": "d2513ef7-b0ed-430b-b9e8-ad8f6cb39332"
    }
  ], 
  "end_x": 428.04827397903637, 
  "num": 389, 
  "zoom": 14, 
  "start_x": 426.95071430216706
}