{
  "shown": [], 
  "end_x": 4272.799822052279, 
  "num": 3892, 
  "zoom": 14, 
  "start_x": 4271.702262375409
}