{
  "shown": [], 
  "end_x": 4276.092501082886, 
  "num": 3895, 
  "zoom": 14, 
  "start_x": 4274.9949414060175
}