{
  "shown": [], 
  "end_x": 4277.1900607597545, 
  "num": 3896, 
  "zoom": 14, 
  "start_x": 4276.092501082886
}