{
  "shown": [], 
  "end_x": 429.1458336559057, 
  "num": 390, 
  "zoom": 14, 
  "start_x": 428.04827397903637
}