{
  "shown": [], 
  "end_x": 4281.580299467232, 
  "num": 3900, 
  "zoom": 14, 
  "start_x": 4280.482739790363
}