{
  "shown": [], 
  "end_x": 4282.677859144102, 
  "num": 3901, 
  "zoom": 14, 
  "start_x": 4281.580299467232
}