{
  "shown": [], 
  "end_x": 4298.043694620272, 
  "num": 3915, 
  "zoom": 14, 
  "start_x": 4296.946134943402
}