{
  "shown": [], 
  "end_x": 4303.531493004619, 
  "num": 3920, 
  "zoom": 14, 
  "start_x": 4302.433933327749
}