{
  "shown": [], 
  "end_x": 432.4385126865136, 
  "num": 393, 
  "zoom": 14, 
  "start_x": 431.3409530096443
}