{
  "shown": [
    {
      "max_elev": 1711, 
      "uid": "10db1487-dc92-492c-a32d-0c63f7434e61", 
      "area": 1.86, 
      "num_lifts": 2, 
      "source": "jsons/ski_area_elevations//north-america-latest.json", 
      "min_elev": 1430, 
      "cumarea": 4315.070786247001
    }
  ], 
  "end_x": 4315.604649450181, 
  "num": 3931, 
  "zoom": 14, 
  "start_x": 4314.507089773311
}