{
  "shown": [
    {
      "max_elev": 1706, 
      "uid": "e1cde80b-f8d8-4324-a089-890b4e7e9b7e", 
      "area": 2.72, 
      "num_lifts": 14, 
      "source": "jsons/ski_area_elevations//europe-latest.json", 
      "min_elev": 1228, 
      "cumarea": 4331.303861416477
    }
  ], 
  "end_x": 4332.06804460322, 
  "num": 3946, 
  "zoom": 14, 
  "start_x": 4330.970484926351
}