{
  "shown": [], 
  "end_x": 4336.458283310698, 
  "num": 3950, 
  "zoom": 14, 
  "start_x": 4335.3607236338285
}