{
  "shown": [], 
  "end_x": 4344.141201048784, 
  "num": 3957, 
  "zoom": 14, 
  "start_x": 4343.043641371914
}