{
  "shown": [], 
  "end_x": 4346.336320402523, 
  "num": 3959, 
  "zoom": 14, 
  "start_x": 4345.238760725653
}