{
  "shown": [
    {
      "max_elev": 1703, 
      "uid": "eb78e6a8-5724-4d96-be61-7d7f67ddb5c8", 
      "area": 1.84, 
      "num_lifts": 1, 
      "source": "jsons/ski_area_elevations//europe-latest.json", 
      "min_elev": 1385, 
      "cumarea": 4347.582572585793
    }
  ], 
  "end_x": 4348.5314397562615, 
  "num": 3961, 
  "zoom": 14, 
  "start_x": 4347.433880079392
}