{
  "shown": [], 
  "end_x": 4360.604596201823, 
  "num": 3972, 
  "zoom": 14, 
  "start_x": 4359.507036524954
}