{
  "shown": [
    {
      "max_elev": 1700, 
      "uid": "e2f8a836-48aa-45b3-a341-e5a91445a806", 
      "area": 1.82, 
      "num_lifts": 1, 
      "source": "jsons/ski_area_elevations//asia-latest.json", 
      "min_elev": 1625, 
      "cumarea": 4367.815507676972
    }
  ], 
  "end_x": 4368.287513939909, 
  "num": 3979, 
  "zoom": 14, 
  "start_x": 4367.18995426304
}