{
  "shown": [], 
  "end_x": 4374.872872001126, 
  "num": 3985, 
  "zoom": 14, 
  "start_x": 4373.775312324256
}