{
  "shown": [
    {
      "max_elev": 1696, 
      "uid": "ce7ba944-33fc-4041-ab17-1cbe53c4404b", 
      "area": 1.86, 
      "num_lifts": 1, 
      "source": "jsons/ski_area_elevations//europe-latest.json", 
      "min_elev": 1216, 
      "cumarea": 4379.126287045644
    }
  ], 
  "end_x": 4379.263110708604, 
  "num": 3989, 
  "zoom": 14, 
  "start_x": 4378.165551031734
}