{
  "shown": [], 
  "end_x": 439.0238707477296, 
  "num": 399, 
  "zoom": 14, 
  "start_x": 437.92631107086027
}