{
  "shown": [], 
  "end_x": 4388.043588123557, 
  "num": 3997, 
  "zoom": 14, 
  "start_x": 4386.946028446688
}