{
  "shown": [], 
  "end_x": 4390.238707477296, 
  "num": 3999, 
  "zoom": 14, 
  "start_x": 4389.141147800427
}