{
  "shown": [], 
  "end_x": 4393.531386507904, 
  "num": 4002, 
  "zoom": 14, 
  "start_x": 4392.433826831035
}