{
  "shown": [], 
  "end_x": 4399.01918489225, 
  "num": 4007, 
  "zoom": 14, 
  "start_x": 4397.921625215382
}