{
  "shown": [], 
  "end_x": 4401.214304245988, 
  "num": 4009, 
  "zoom": 14, 
  "start_x": 4400.116744569119
}