{
  "shown": [], 
  "end_x": 4403.409423599727, 
  "num": 4011, 
  "zoom": 14, 
  "start_x": 4402.311863922858
}