{
  "shown": [], 
  "end_x": 4412.189901014683, 
  "num": 4019, 
  "zoom": 14, 
  "start_x": 4411.092341337813
}