{
  "shown": [
    {
      "max_elev": 1689, 
      "uid": "af265217-b798-4c1c-b487-86d78407a6a7", 
      "area": 1.84, 
      "num_lifts": 1, 
      "source": "jsons/ski_area_elevations//europe-latest.json", 
      "min_elev": 1214, 
      "cumarea": 4415.441985355585
    }
  ], 
  "end_x": 4415.482580045291, 
  "num": 4022, 
  "zoom": 14, 
  "start_x": 4414.3850203684215
}