{
  "shown": [], 
  "end_x": 4417.677699399028, 
  "num": 4024, 
  "zoom": 14, 
  "start_x": 4416.580139722159
}