{
  "shown": [], 
  "end_x": 4422.067938106506, 
  "num": 4028, 
  "zoom": 14, 
  "start_x": 4420.970378429636
}