{
  "shown": [], 
  "end_x": 4423.165497783375, 
  "num": 4029, 
  "zoom": 14, 
  "start_x": 4422.067938106506
}