{
  "shown": [
    {
      "max_elev": 1688, 
      "uid": "17132563-bcc0-4ff6-b927-7b8331f57275", 
      "area": 1.84, 
      "num_lifts": 1, 
      "source": "jsons/ski_area_elevations//europe-latest.json", 
      "min_elev": 1333, 
      "cumarea": 4423.339163738766
    }
  ], 
  "end_x": 4424.263057460244, 
  "num": 4030, 
  "zoom": 14, 
  "start_x": 4423.165497783375
}