{
  "shown": [], 
  "end_x": 4426.458176813983, 
  "num": 4032, 
  "zoom": 14, 
  "start_x": 4425.360617137114
}