{
  "shown": [
    {
      "max_elev": 1686, 
      "uid": "fb03ab24-7442-45af-8802-5849ede9d286", 
      "area": 2.0, 
      "num_lifts": 3, 
      "source": "jsons/ski_area_elevations//europe-latest.json", 
      "min_elev": 1456, 
      "cumarea": 4432.058272567225
    }
  ], 
  "end_x": 4433.0435348752, 
  "num": 4038, 
  "zoom": 14, 
  "start_x": 4431.94597519833
}