{
  "shown": [
    {
      "max_elev": 1685, 
      "uid": "be660427-2a47-4ba6-b389-7bbe18523ba5", 
      "area": 1.87, 
      "num_lifts": 1, 
      "source": "jsons/ski_area_elevations//europe-latest.json", 
      "min_elev": 1073, 
      "cumarea": 4438.062977092791
    }
  ], 
  "end_x": 4438.531333259545, 
  "num": 4043, 
  "zoom": 14, 
  "start_x": 4437.433773582676
}