{
  "shown": [], 
  "end_x": 4445.116691320762, 
  "num": 4049, 
  "zoom": 14, 
  "start_x": 4444.019131643892
}