{
  "shown": [], 
  "end_x": 4468.165444535018, 
  "num": 4070, 
  "zoom": 14, 
  "start_x": 4467.067884858148
}