{
  "shown": [], 
  "end_x": 4470.360563888755, 
  "num": 4072, 
  "zoom": 14, 
  "start_x": 4469.263004211886
}