{
  "shown": [], 
  "end_x": 4475.848362273102, 
  "num": 4077, 
  "zoom": 14, 
  "start_x": 4474.7508025962325
}