{
  "shown": [], 
  "end_x": 4478.043481626841, 
  "num": 4079, 
  "zoom": 14, 
  "start_x": 4476.945921949971
}