{
  "shown": [
    {
      "max_elev": 3096, 
      "uid": "3016cefe-abec-4367-abb2-9a776cfa44d4", 
      "area": 2.15, 
      "num_lifts": 6, 
      "source": "jsons/ski_area_elevations//asia-latest.json", 
      "min_elev": 2098, 
      "cumarea": 448.2770376073241
    }
  ], 
  "end_x": 448.9019078395535, 
  "num": 408, 
  "zoom": 14, 
  "start_x": 447.80434816268416
}