{
  "shown": [
    {
      "max_elev": 1678, 
      "uid": "c234064f-e0b7-43e3-80bd-bb4488ab226c", 
      "area": 1.81, 
      "num_lifts": 1, 
      "source": "jsons/ski_area_elevations//asia-latest.json", 
      "min_elev": 1642, 
      "cumarea": 4478.798422926286
    }
  ], 
  "end_x": 4479.14104130371, 
  "num": 4080, 
  "zoom": 14, 
  "start_x": 4478.043481626841
}