{
  "shown": [], 
  "end_x": 4483.531280011188, 
  "num": 4084, 
  "zoom": 14, 
  "start_x": 4482.433720334318
}