{
  "shown": [], 
  "end_x": 4487.9215187186655, 
  "num": 4088, 
  "zoom": 14, 
  "start_x": 4486.823959041796
}