{
  "shown": [], 
  "end_x": 4498.897115487358, 
  "num": 4098, 
  "zoom": 14, 
  "start_x": 4497.7995558104885
}