{
  "shown": [], 
  "end_x": 451.0970271932921, 
  "num": 410, 
  "zoom": 14, 
  "start_x": 449.9994675164228
}