{
  "shown": [], 
  "end_x": 4501.092234841097, 
  "num": 4100, 
  "zoom": 14, 
  "start_x": 4499.994675164227
}