{
  "shown": [
    {
      "max_elev": 1673, 
      "uid": "c7ec0b8d-3702-42a7-a978-4109aecf2bca", 
      "area": 2.29, 
      "num_lifts": 3, 
      "source": "jsons/ski_area_elevations//north-america-latest.json", 
      "min_elev": 1424, 
      "cumarea": 4504.580786700656
    }
  ], 
  "end_x": 4505.4824735485745, 
  "num": 4104, 
  "zoom": 14, 
  "start_x": 4504.384913871705
}