{
  "shown": [], 
  "end_x": 4510.970271932922, 
  "num": 4109, 
  "zoom": 14, 
  "start_x": 4509.872712256052
}