{
  "shown": [], 
  "end_x": 4512.067831609791, 
  "num": 4110, 
  "zoom": 14, 
  "start_x": 4510.970271932922
}