{
  "shown": [
    {
      "max_elev": 1672, 
      "uid": "fb9c7a03-995a-4aca-aa25-189564d8b147", 
      "area": 1.8800000000000001, 
      "num_lifts": 1, 
      "source": "jsons/ski_area_elevations//europe-latest.json", 
      "min_elev": 989, 
      "cumarea": 4512.468927291177
    }
  ], 
  "end_x": 4513.16539128666, 
  "num": 4111, 
  "zoom": 14, 
  "start_x": 4512.067831609791
}