{
  "shown": [], 
  "end_x": 4517.555629994138, 
  "num": 4115, 
  "zoom": 14, 
  "start_x": 4516.458070317269
}