{
  "shown": [], 
  "end_x": 4520.848309024746, 
  "num": 4118, 
  "zoom": 14, 
  "start_x": 4519.750749347877
}