{
  "shown": [], 
  "end_x": 4538.409263854655, 
  "num": 4134, 
  "zoom": 14, 
  "start_x": 4537.311704177786
}