{
  "shown": [], 
  "end_x": 4539.506823531524, 
  "num": 4135, 
  "zoom": 14, 
  "start_x": 4538.409263854655
}