{
  "shown": [], 
  "end_x": 455.48726590076944, 
  "num": 414, 
  "zoom": 14, 
  "start_x": 454.38970622390013
}