{
  "shown": [], 
  "end_x": 4547.189741269609, 
  "num": 4142, 
  "zoom": 14, 
  "start_x": 4546.0921815927395
}