{
  "shown": [], 
  "end_x": 4549.384860623348, 
  "num": 4144, 
  "zoom": 14, 
  "start_x": 4548.287300946478
}