{
  "shown": [], 
  "end_x": 4553.7750993308255, 
  "num": 4148, 
  "zoom": 14, 
  "start_x": 4552.677539653956
}