{
  "shown": [
    {
      "max_elev": 1663, 
      "uid": "fd4c5263-bf8a-4163-9645-607c62a15da0", 
      "area": 2.16, 
      "num_lifts": 2, 
      "source": "jsons/ski_area_elevations//europe-latest.json", 
      "min_elev": 1348, 
      "cumarea": 4564.791970744469
    }
  ], 
  "end_x": 4565.848255776387, 
  "num": 4159, 
  "zoom": 14, 
  "start_x": 4564.750696099518
}