{
  "shown": [], 
  "end_x": 4566.945815453257, 
  "num": 4160, 
  "zoom": 14, 
  "start_x": 4565.848255776387
}