{
  "shown": [], 
  "end_x": 4570.238494483865, 
  "num": 4163, 
  "zoom": 14, 
  "start_x": 4569.140934806996
}