{
  "shown": [], 
  "end_x": 4577.921412221949, 
  "num": 4170, 
  "zoom": 14, 
  "start_x": 4576.82385254508
}