{
  "shown": [
    {
      "max_elev": 1661, 
      "uid": "a3f64df7-9e38-4ed5-a5f6-b84491c3fae4", 
      "area": 1.84, 
      "num_lifts": 1, 
      "source": "jsons/ski_area_elevations//europe-latest.json", 
      "min_elev": 1548, 
      "cumarea": 4578.348632358414
    }
  ], 
  "end_x": 4579.018971898819, 
  "num": 4171, 
  "zoom": 14, 
  "start_x": 4577.921412221949
}