{
  "shown": [], 
  "end_x": 4585.604329960035, 
  "num": 4177, 
  "zoom": 14, 
  "start_x": 4584.506770283166
}