{
  "shown": [], 
  "end_x": 4599.872605759338, 
  "num": 4190, 
  "zoom": 14, 
  "start_x": 4598.775046082468
}