{
  "shown": [], 
  "end_x": 4622.921358973594, 
  "num": 4211, 
  "zoom": 14, 
  "start_x": 4621.823799296724
}