{
  "shown": [], 
  "end_x": 464.26774331572403, 
  "num": 422, 
  "zoom": 14, 
  "start_x": 463.1701836388547
}