{
  "shown": [], 
  "end_x": 4637.189634772894, 
  "num": 4224, 
  "zoom": 14, 
  "start_x": 4636.092075096025
}