{
  "shown": [], 
  "end_x": 4665.726186371496, 
  "num": 4250, 
  "zoom": 14, 
  "start_x": 4664.628626694626
}