{
  "shown": [], 
  "end_x": 4669.018865402104, 
  "num": 4253, 
  "zoom": 14, 
  "start_x": 4667.921305725235
}