{
  "shown": [], 
  "end_x": 4672.311544432712, 
  "num": 4256, 
  "zoom": 14, 
  "start_x": 4671.213984755843
}