{
  "shown": [], 
  "end_x": 4673.409104109582, 
  "num": 4257, 
  "zoom": 14, 
  "start_x": 4672.311544432712
}