{
  "shown": [], 
  "end_x": 468.65798202320127, 
  "num": 426, 
  "zoom": 14, 
  "start_x": 467.56042234633196
}