{
  "shown": [], 
  "end_x": 4681.092021847666, 
  "num": 4264, 
  "zoom": 14, 
  "start_x": 4679.994462170797
}