{
  "shown": [], 
  "end_x": 469.75554170007064, 
  "num": 427, 
  "zoom": 14, 
  "start_x": 468.65798202320127
}