{
  "shown": [], 
  "end_x": 4692.06761861636, 
  "num": 4274, 
  "zoom": 14, 
  "start_x": 4690.970058939491
}