{
  "shown": [], 
  "end_x": 4706.335894415662, 
  "num": 4287, 
  "zoom": 14, 
  "start_x": 4705.238334738793
}