{
  "shown": [], 
  "end_x": 4711.823692800008, 
  "num": 4292, 
  "zoom": 14, 
  "start_x": 4710.726133123138
}