{
  "shown": [], 
  "end_x": 4722.799289568702, 
  "num": 4302, 
  "zoom": 14, 
  "start_x": 4721.701729891833
}