{
  "shown": [], 
  "end_x": 4733.7748863373945, 
  "num": 4312, 
  "zoom": 14, 
  "start_x": 4732.677326660526
}