{
  "shown": [], 
  "end_x": 4751.335841167303, 
  "num": 4328, 
  "zoom": 14, 
  "start_x": 4750.238281490435
}