{
  "shown": [], 
  "end_x": 4752.433400844173, 
  "num": 4329, 
  "zoom": 14, 
  "start_x": 4751.335841167303
}