{
  "shown": [], 
  "end_x": 4755.726079874781, 
  "num": 4332, 
  "zoom": 14, 
  "start_x": 4754.628520197912
}