{
  "shown": [], 
  "end_x": 4759.018758905389, 
  "num": 4335, 
  "zoom": 14, 
  "start_x": 4757.92119922852
}