{
  "shown": [], 
  "end_x": 4763.408997612867, 
  "num": 4339, 
  "zoom": 14, 
  "start_x": 4762.311437935998
}