{
  "shown": [], 
  "end_x": 4764.5065572897365, 
  "num": 4340, 
  "zoom": 14, 
  "start_x": 4763.408997612867
}