{
  "shown": [
    {
      "max_elev": 1625, 
      "uid": "76915668-b670-4e62-b2fe-0990012f223b", 
      "area": 1.8800000000000001, 
      "num_lifts": 1, 
      "source": "jsons/ski_area_elevations//europe-latest.json", 
      "min_elev": 1173, 
      "cumarea": 4764.615542177617
    }
  ], 
  "end_x": 4765.604116966606, 
  "num": 4341, 
  "zoom": 14, 
  "start_x": 4764.5065572897365
}