{
  "shown": [], 
  "end_x": 4771.091915350951, 
  "num": 4346, 
  "zoom": 14, 
  "start_x": 4769.994355674082
}