{
  "shown": [], 
  "end_x": 4783.165071796515, 
  "num": 4357, 
  "zoom": 14, 
  "start_x": 4782.0675121196455
}