{
  "shown": [], 
  "end_x": 479.6335787918946, 
  "num": 436, 
  "zoom": 14, 
  "start_x": 478.5360191150252
}