{
  "shown": [], 
  "end_x": 4790.847989534599, 
  "num": 4364, 
  "zoom": 14, 
  "start_x": 4789.75042985773
}