{
  "shown": [], 
  "end_x": 4791.9455492114685, 
  "num": 4365, 
  "zoom": 14, 
  "start_x": 4790.847989534599
}