{
  "shown": [], 
  "end_x": 480.7311384687639, 
  "num": 437, 
  "zoom": 14, 
  "start_x": 479.6335787918946
}