{
  "shown": [], 
  "end_x": 481.8286981456332, 
  "num": 438, 
  "zoom": 14, 
  "start_x": 480.7311384687639
}