{
  "shown": [], 
  "end_x": 4819.384541133202, 
  "num": 4390, 
  "zoom": 14, 
  "start_x": 4818.286981456333
}