{
  "shown": [], 
  "end_x": 484.02381749937183, 
  "num": 440, 
  "zoom": 14, 
  "start_x": 482.9262578225025
}