{
  "shown": [
    {
      "max_elev": 1613, 
      "uid": "e7f39057-7017-484a-a027-cd3f0876c8dd", 
      "area": 1.82, 
      "num_lifts": 1, 
      "source": "jsons/ski_area_elevations//europe-latest.json", 
      "min_elev": 1527, 
      "cumarea": 4834.169226163869
    }
  ], 
  "end_x": 4834.750376609372, 
  "num": 4404, 
  "zoom": 14, 
  "start_x": 4833.652816932503
}