{
  "shown": [], 
  "end_x": 4838.043055639981, 
  "num": 4407, 
  "zoom": 14, 
  "start_x": 4836.945495963111
}