{
  "shown": [], 
  "end_x": 4844.628413701197, 
  "num": 4413, 
  "zoom": 14, 
  "start_x": 4843.530854024328
}