{
  "shown": [], 
  "end_x": 4850.116212085542, 
  "num": 4418, 
  "zoom": 14, 
  "start_x": 4849.018652408673
}