{
  "shown": [], 
  "end_x": 4864.384487884845, 
  "num": 4431, 
  "zoom": 14, 
  "start_x": 4863.2869282079755
}