{
  "shown": [], 
  "end_x": 4879.750323361015, 
  "num": 4445, 
  "zoom": 14, 
  "start_x": 4878.652763684146
}