{
  "shown": [], 
  "end_x": 4880.8478830378845, 
  "num": 4446, 
  "zoom": 14, 
  "start_x": 4879.750323361015
}