{
  "shown": [
    {
      "max_elev": 1601, 
      "uid": "1f70b592-55b7-4d72-926f-4158d89db0e4", 
      "area": 2.1, 
      "num_lifts": 2, 
      "source": "jsons/ski_area_elevations//africa-latest.json", 
      "min_elev": 742, 
      "cumarea": 4888.965121671841
    }
  ], 
  "end_x": 4889.62836045284, 
  "num": 4454, 
  "zoom": 14, 
  "start_x": 4888.53080077597
}