{
  "shown": [], 
  "end_x": 4892.921039483446, 
  "num": 4457, 
  "zoom": 14, 
  "start_x": 4891.823479806577
}