{
  "shown": [], 
  "end_x": 491.7067352374571, 
  "num": 447, 
  "zoom": 14, 
  "start_x": 490.6091755605878
}