{
  "shown": [], 
  "end_x": 4921.4575910820495, 
  "num": 4483, 
  "zoom": 14, 
  "start_x": 4920.36003140518
}