{
  "shown": [
    {
      "max_elev": 1591, 
      "cumarea": 4929.225623321711, 
      "area": 5.78, 
      "num_lifts": 56, 
      "name": "Brauneck - Wallbergbahnen", 
      "source": "jsons/ski_area_elevations//europe-latest.json", 
      "min_elev": 714, 
      "uid": "c74fb221-80a6-4e2f-bbe7-7cdd39d3d0b9"
    }
  ], 
  "end_x": 4930.238068497003, 
  "num": 4491, 
  "zoom": 14, 
  "start_x": 4929.140508820134
}