{
  "shown": [], 
  "end_x": 4934.628307204481, 
  "num": 4495, 
  "zoom": 14, 
  "start_x": 4933.530747527611
}