{
  "shown": [], 
  "end_x": 4935.72586688135, 
  "num": 4496, 
  "zoom": 14, 
  "start_x": 4934.628307204481
}