{
  "shown": [], 
  "end_x": 4937.920986235089, 
  "num": 4498, 
  "zoom": 14, 
  "start_x": 4936.82342655822
}