{
  "shown": [], 
  "end_x": 494.99941426806504, 
  "num": 450, 
  "zoom": 14, 
  "start_x": 493.90185459119573
}