{
  "shown": [], 
  "end_x": 4940.116105588828, 
  "num": 4500, 
  "zoom": 14, 
  "start_x": 4939.018545911958
}