{
  "shown": [], 
  "end_x": 4941.213665265697, 
  "num": 4501, 
  "zoom": 14, 
  "start_x": 4940.116105588828
}