{
  "shown": [], 
  "end_x": 4943.408784619435, 
  "num": 4503, 
  "zoom": 14, 
  "start_x": 4942.311224942567
}