{
  "shown": [], 
  "end_x": 4949.994142680651, 
  "num": 4509, 
  "zoom": 14, 
  "start_x": 4948.896583003781
}