{
  "shown": [], 
  "end_x": 496.0969739449344, 
  "num": 451, 
  "zoom": 14, 
  "start_x": 494.99941426806504
}