{
  "shown": [
    {
      "max_elev": 1587, 
      "uid": "8a63faa8-09e6-4a8e-9e97-f0aabf9324d6", 
      "area": 1.97, 
      "num_lifts": 1, 
      "source": "jsons/ski_area_elevations//asia-latest.json", 
      "min_elev": 1103, 
      "cumarea": 4950.088987271331
    }
  ], 
  "end_x": 4951.09170235752, 
  "num": 4510, 
  "zoom": 14, 
  "start_x": 4949.994142680651
}