{
  "shown": [
    {
      "max_elev": 1586, 
      "uid": "5a716d3e-ffb9-409c-80df-c2e101f2b86f", 
      "area": 1.87, 
      "num_lifts": 1, 
      "source": "jsons/ski_area_elevations//europe-latest.json", 
      "min_elev": 970, 
      "cumarea": 4952.714925702197
    }
  ], 
  "end_x": 4953.286821711259, 
  "num": 4512, 
  "zoom": 14, 
  "start_x": 4952.18926203439
}