{
  "shown": [], 
  "end_x": 4954.3843813881285, 
  "num": 4513, 
  "zoom": 14, 
  "start_x": 4953.286821711259
}