{
  "shown": [], 
  "end_x": 4959.872179772476, 
  "num": 4518, 
  "zoom": 14, 
  "start_x": 4958.774620095606
}