{
  "shown": [
    {
      "max_elev": 3011, 
      "cumarea": 496.3620057178524, 
      "area": 11.520000000000001, 
      "num_lifts": 80, 
      "name": "Obergurgl / Hochgurgl", 
      "source": "jsons/ski_area_elevations//europe-latest.json", 
      "min_elev": 1790, 
      "uid": "a30e599f-9c91-4063-87dc-e3e8d4479bd4"
    }
  ], 
  "end_x": 497.19453362180377, 
  "num": 452, 
  "zoom": 14, 
  "start_x": 496.0969739449344
}