{
  "shown": [], 
  "end_x": 4962.067299126213, 
  "num": 4520, 
  "zoom": 14, 
  "start_x": 4960.969739449344
}