{
  "shown": [], 
  "end_x": 4965.359978156821, 
  "num": 4523, 
  "zoom": 14, 
  "start_x": 4964.2624184799515
}