{
  "shown": [], 
  "end_x": 4967.55509751056, 
  "num": 4525, 
  "zoom": 14, 
  "start_x": 4966.45753783369
}