{
  "shown": [], 
  "end_x": 4968.652657187429, 
  "num": 4526, 
  "zoom": 14, 
  "start_x": 4967.55509751056
}