{
  "shown": [], 
  "end_x": 4973.042895894907, 
  "num": 4530, 
  "zoom": 14, 
  "start_x": 4971.9453362180375
}