{
  "shown": [], 
  "end_x": 4988.408731371077, 
  "num": 4544, 
  "zoom": 14, 
  "start_x": 4987.3111716942085
}