{
  "shown": [], 
  "end_x": 4993.896529755424, 
  "num": 4549, 
  "zoom": 14, 
  "start_x": 4992.798970078555
}