{
  "shown": [], 
  "end_x": 4999.384328139771, 
  "num": 4554, 
  "zoom": 14, 
  "start_x": 4998.286768462902
}