{
  "shown": [], 
  "end_x": 501.584772329281, 
  "num": 456, 
  "zoom": 14, 
  "start_x": 500.4872126524117
}