{
  "shown": [], 
  "end_x": 5008.164805554727, 
  "num": 4562, 
  "zoom": 14, 
  "start_x": 5007.067245877857
}