{
  "shown": [], 
  "end_x": 5013.652603939073, 
  "num": 4567, 
  "zoom": 14, 
  "start_x": 5012.555044262204
}