{
  "shown": [], 
  "end_x": 502.6823320061503, 
  "num": 457, 
  "zoom": 14, 
  "start_x": 501.584772329281
}