{
  "shown": [], 
  "end_x": 5021.335521677158, 
  "num": 4574, 
  "zoom": 14, 
  "start_x": 5020.2379620002885
}