{
  "shown": [], 
  "end_x": 5024.628200707766, 
  "num": 4577, 
  "zoom": 14, 
  "start_x": 5023.530641030897
}