{
  "shown": [], 
  "end_x": 5026.823320061505, 
  "num": 4579, 
  "zoom": 14, 
  "start_x": 5025.725760384636
}