{
  "shown": [], 
  "end_x": 5030.115999092113, 
  "num": 4582, 
  "zoom": 14, 
  "start_x": 5029.018439415244
}