{
  "shown": [], 
  "end_x": 5035.603797476459, 
  "num": 4587, 
  "zoom": 14, 
  "start_x": 5034.506237799589
}