{
  "shown": [], 
  "end_x": 5039.994036183936, 
  "num": 4591, 
  "zoom": 14, 
  "start_x": 5038.896476507067
}