{
  "shown": [], 
  "end_x": 5043.2867152145445, 
  "num": 4594, 
  "zoom": 14, 
  "start_x": 5042.189155537675
}