{
  "shown": [], 
  "end_x": 5045.481834568283, 
  "num": 4596, 
  "zoom": 14, 
  "start_x": 5044.384274891414
}