{
  "shown": [], 
  "end_x": 5047.676953922022, 
  "num": 4598, 
  "zoom": 14, 
  "start_x": 5046.579394245153
}