{
  "shown": [], 
  "end_x": 5066.3354684288, 
  "num": 4615, 
  "zoom": 14, 
  "start_x": 5065.237908751931
}