{
  "shown": [], 
  "end_x": 5077.311065197493, 
  "num": 4625, 
  "zoom": 14, 
  "start_x": 5076.213505520624
}