{
  "shown": [], 
  "end_x": 5078.408624874362, 
  "num": 4626, 
  "zoom": 14, 
  "start_x": 5077.311065197493
}