{
  "shown": [], 
  "end_x": 5083.896423258709, 
  "num": 4631, 
  "zoom": 14, 
  "start_x": 5082.79886358184
}