{
  "shown": [], 
  "end_x": 5087.189102289316, 
  "num": 4634, 
  "zoom": 14, 
  "start_x": 5086.091542612447
}