{
  "shown": [], 
  "end_x": 511.46280942110496, 
  "num": 465, 
  "zoom": 14, 
  "start_x": 510.3652497442356
}