{
  "shown": [
    {
      "max_elev": 1560, 
      "uid": "87c494d1-d645-49cb-ae57-8863d4807358", 
      "area": 1.9000000000000001, 
      "num_lifts": 2, 
      "source": "jsons/ski_area_elevations//europe-latest.json", 
      "min_elev": 1078, 
      "cumarea": 5104.058281939918
    }
  ], 
  "end_x": 5104.750057119225, 
  "num": 4650, 
  "zoom": 14, 
  "start_x": 5103.6524974423555
}