{
  "shown": [], 
  "end_x": 5113.53053453418, 
  "num": 4658, 
  "zoom": 14, 
  "start_x": 5112.432974857311
}