{
  "shown": [], 
  "end_x": 5122.311011949136, 
  "num": 4666, 
  "zoom": 14, 
  "start_x": 5121.213452272266
}