{
  "shown": [], 
  "end_x": 513.6579287748436, 
  "num": 467, 
  "zoom": 14, 
  "start_x": 512.5603690979743
}