{
  "shown": [], 
  "end_x": 5131.091489364089, 
  "num": 4674, 
  "zoom": 14, 
  "start_x": 5129.99392968722
}