{
  "shown": [], 
  "end_x": 514.755488451713, 
  "num": 468, 
  "zoom": 14, 
  "start_x": 513.6579287748436
}