{
  "shown": [], 
  "end_x": 5137.676847425306, 
  "num": 4680, 
  "zoom": 14, 
  "start_x": 5136.579287748436
}