{
  "shown": [], 
  "end_x": 5143.164645809653, 
  "num": 4685, 
  "zoom": 14, 
  "start_x": 5142.0670861327835
}