{
  "shown": [], 
  "end_x": 5148.652444194, 
  "num": 4690, 
  "zoom": 14, 
  "start_x": 5147.554884517131
}