{
  "shown": [], 
  "end_x": 5149.7500038708695, 
  "num": 4691, 
  "zoom": 14, 
  "start_x": 5148.652444194
}