{
  "shown": [], 
  "end_x": 52.68286448972755, 
  "num": 47, 
  "zoom": 14, 
  "start_x": 51.585304812858226
}