{
  "shown": [], 
  "end_x": 5160.725600639562, 
  "num": 4701, 
  "zoom": 14, 
  "start_x": 5159.6280409626925
}