{
  "shown": [], 
  "end_x": 5166.213399023909, 
  "num": 4706, 
  "zoom": 14, 
  "start_x": 5165.11583934704
}