{
  "shown": [], 
  "end_x": 5169.506078054517, 
  "num": 4709, 
  "zoom": 14, 
  "start_x": 5168.408518377648
}