{
  "shown": [], 
  "end_x": 5171.701197408255, 
  "num": 4711, 
  "zoom": 14, 
  "start_x": 5170.603637731387
}