{
  "shown": [], 
  "end_x": 5198.042629653119, 
  "num": 4735, 
  "zoom": 14, 
  "start_x": 5196.945069976249
}