{
  "shown": [], 
  "end_x": 5204.627987714335, 
  "num": 4741, 
  "zoom": 14, 
  "start_x": 5203.530428037466
}