{
  "shown": [], 
  "end_x": 5212.310905452419, 
  "num": 4748, 
  "zoom": 14, 
  "start_x": 5211.21334577555
}