{
  "shown": [], 
  "end_x": 522.4384061897981, 
  "num": 475, 
  "zoom": 14, 
  "start_x": 521.3408465129288
}