{
  "shown": [], 
  "end_x": 5217.798703836766, 
  "num": 4753, 
  "zoom": 14, 
  "start_x": 5216.701144159897
}