{
  "shown": [], 
  "end_x": 5221.091382867375, 
  "num": 4756, 
  "zoom": 14, 
  "start_x": 5219.993823190505
}