{
  "shown": [], 
  "end_x": 5232.066979636067, 
  "num": 4766, 
  "zoom": 14, 
  "start_x": 5230.969419959198
}