{
  "shown": [], 
  "end_x": 5233.1645393129365, 
  "num": 4767, 
  "zoom": 14, 
  "start_x": 5232.066979636067
}