{
  "shown": [], 
  "end_x": 525.7310852204062, 
  "num": 478, 
  "zoom": 14, 
  "start_x": 524.6335255435367
}