{
  "shown": [], 
  "end_x": 5247.432815112237, 
  "num": 4780, 
  "zoom": 14, 
  "start_x": 5246.335255435368
}