{
  "shown": [], 
  "end_x": 5249.627934465976, 
  "num": 4782, 
  "zoom": 14, 
  "start_x": 5248.530374789107
}