{
  "shown": [], 
  "end_x": 5256.213292527193, 
  "num": 4788, 
  "zoom": 14, 
  "start_x": 5255.115732850323
}