{
  "shown": [], 
  "end_x": 5258.408411880931, 
  "num": 4790, 
  "zoom": 14, 
  "start_x": 5257.310852204062
}