{
  "shown": [], 
  "end_x": 5261.70109091154, 
  "num": 4793, 
  "zoom": 14, 
  "start_x": 5260.60353123467
}