{
  "shown": [
    {
      "max_elev": 1522, 
      "uid": "8056a9ef-9956-4860-bcbc-12404888f30f", 
      "area": 1.82, 
      "num_lifts": 1, 
      "source": "jsons/ski_area_elevations//europe-latest.json", 
      "min_elev": 1473, 
      "cumarea": 5266.027906556388
    }
  ], 
  "end_x": 5266.091329619017, 
  "num": 4797, 
  "zoom": 14, 
  "start_x": 5264.993769942148
}