{
  "shown": [], 
  "end_x": 527.9262045741448, 
  "num": 480, 
  "zoom": 14, 
  "start_x": 526.8286448972755
}