{
  "shown": [], 
  "end_x": 529.0237642510142, 
  "num": 481, 
  "zoom": 14, 
  "start_x": 527.9262045741448
}