{
  "shown": [], 
  "end_x": 5286.944963479535, 
  "num": 4816, 
  "zoom": 14, 
  "start_x": 5285.847403802665
}