{
  "shown": [], 
  "end_x": 5299.0181199250965, 
  "num": 4827, 
  "zoom": 14, 
  "start_x": 5297.920560248227
}