{
  "shown": [], 
  "end_x": 5302.310798955705, 
  "num": 4830, 
  "zoom": 14, 
  "start_x": 5301.213239278835
}