{
  "shown": [], 
  "end_x": 5307.798597340052, 
  "num": 4835, 
  "zoom": 14, 
  "start_x": 5306.701037663182
}