{
  "shown": [], 
  "end_x": 532.3164432816221, 
  "num": 484, 
  "zoom": 14, 
  "start_x": 531.2188836047528
}