{
  "shown": [], 
  "end_x": 5316.579074755005, 
  "num": 4843, 
  "zoom": 14, 
  "start_x": 5315.481515078136
}