{
  "shown": [], 
  "end_x": 5328.652231200569, 
  "num": 4854, 
  "zoom": 14, 
  "start_x": 5327.5546715237
}