{
  "shown": [], 
  "end_x": 5330.847350554306, 
  "num": 4856, 
  "zoom": 14, 
  "start_x": 5329.749790877438
}