{
  "shown": [], 
  "end_x": 5334.140029584914, 
  "num": 4859, 
  "zoom": 14, 
  "start_x": 5333.042469908045
}