{
  "shown": [], 
  "end_x": 5338.530268292392, 
  "num": 4863, 
  "zoom": 14, 
  "start_x": 5337.432708615523
}