{
  "shown": [], 
  "end_x": 5350.603424737954, 
  "num": 4874, 
  "zoom": 14, 
  "start_x": 5349.5058650610845
}