{
  "shown": [], 
  "end_x": 5361.579021506648, 
  "num": 4884, 
  "zoom": 14, 
  "start_x": 5360.481461829779
}