{
  "shown": [], 
  "end_x": 5368.164379567863, 
  "num": 4890, 
  "zoom": 14, 
  "start_x": 5367.066819890993
}