{
  "shown": [], 
  "end_x": 5373.65217795221, 
  "num": 4895, 
  "zoom": 14, 
  "start_x": 5372.5546182753405
}