{
  "shown": [], 
  "end_x": 5378.042416659688, 
  "num": 4899, 
  "zoom": 14, 
  "start_x": 5376.944856982818
}