{
  "shown": [], 
  "end_x": 5383.530215044033, 
  "num": 4904, 
  "zoom": 14, 
  "start_x": 5382.432655367164
}