{
  "shown": [], 
  "end_x": 5386.822894074641, 
  "num": 4907, 
  "zoom": 14, 
  "start_x": 5385.725334397772
}