{
  "shown": [], 
  "end_x": 539.9993610197073, 
  "num": 491, 
  "zoom": 14, 
  "start_x": 538.901801342838
}