{
  "shown": [
    {
      "max_elev": 1503, 
      "uid": "8782ae69-016e-48d4-8367-a7cd1571c505", 
      "area": 1.87, 
      "num_lifts": 3, 
      "source": "jsons/ski_area_elevations//europe-latest.json", 
      "min_elev": 755, 
      "cumarea": 5390.648487670265
    }
  ], 
  "end_x": 5391.213132782119, 
  "num": 4911, 
  "zoom": 14, 
  "start_x": 5390.1155731052495
}