{
  "shown": [], 
  "end_x": 5403.286289227683, 
  "num": 4922, 
  "zoom": 14, 
  "start_x": 5402.188729550813
}