{
  "shown": [], 
  "end_x": 5404.383848904552, 
  "num": 4923, 
  "zoom": 14, 
  "start_x": 5403.286289227683
}