{
  "shown": [], 
  "end_x": 5406.578968258291, 
  "num": 4925, 
  "zoom": 14, 
  "start_x": 5405.481408581421
}