{
  "shown": [], 
  "end_x": 542.1944803734459, 
  "num": 493, 
  "zoom": 14, 
  "start_x": 541.0969206965766
}