{
  "shown": [], 
  "end_x": 5412.066766642636, 
  "num": 4930, 
  "zoom": 14, 
  "start_x": 5410.969206965767
}