{
  "shown": [], 
  "end_x": 5434.017960180025, 
  "num": 4950, 
  "zoom": 14, 
  "start_x": 5432.920400503155
}