{
  "shown": [], 
  "end_x": 5443.895997271848, 
  "num": 4959, 
  "zoom": 14, 
  "start_x": 5442.798437594978
}