{
  "shown": [], 
  "end_x": 5449.383795656195, 
  "num": 4964, 
  "zoom": 14, 
  "start_x": 5448.286235979325
}