{
  "shown": [], 
  "end_x": 5458.164273071148, 
  "num": 4972, 
  "zoom": 14, 
  "start_x": 5457.066713394279
}