{
  "shown": [], 
  "end_x": 5463.652071455495, 
  "num": 4977, 
  "zoom": 14, 
  "start_x": 5462.554511778626
}