{
  "shown": [], 
  "end_x": 5464.749631132365, 
  "num": 4978, 
  "zoom": 14, 
  "start_x": 5463.652071455495
}