{
  "shown": [], 
  "end_x": 5472.432548870449, 
  "num": 4985, 
  "zoom": 14, 
  "start_x": 5471.3349891935795
}