{
  "shown": [], 
  "end_x": 5474.627668224188, 
  "num": 4987, 
  "zoom": 14, 
  "start_x": 5473.530108547318
}