{
  "shown": [], 
  "end_x": 5475.725227901057, 
  "num": 4988, 
  "zoom": 14, 
  "start_x": 5474.627668224188
}