{
  "shown": [], 
  "end_x": 5481.213026285404, 
  "num": 4993, 
  "zoom": 14, 
  "start_x": 5480.115466608535
}