{
  "shown": [
    {
      "max_elev": 1481, 
      "uid": "988316c5-1b16-4934-ba6d-0042e0e5e6e7", 
      "area": 1.82, 
      "num_lifts": 1, 
      "source": "jsons/ski_area_elevations//europe-latest.json", 
      "min_elev": 1390, 
      "cumarea": 5495.595101901327
    }
  ], 
  "end_x": 5496.578861761574, 
  "num": 5007, 
  "zoom": 14, 
  "start_x": 5495.481302084705
}