{
  "shown": [], 
  "end_x": 5510.847137560875, 
  "num": 5020, 
  "zoom": 14, 
  "start_x": 5509.749577884006
}