{
  "shown": [], 
  "end_x": 5515.237376268353, 
  "num": 5024, 
  "zoom": 14, 
  "start_x": 5514.139816591483
}