{
  "shown": [
    {
      "max_elev": 1478, 
      "uid": "f35a5a57-3c83-4ddf-8a6c-32d20bb61e16", 
      "area": 1.8, 
      "num_lifts": 1, 
      "source": "jsons/ski_area_elevations//asia-latest.json", 
      "min_elev": 1471, 
      "cumarea": 5519.702002678918
    }
  ], 
  "end_x": 5520.7251746527, 
  "num": 5029, 
  "zoom": 14, 
  "start_x": 5519.6276149758305
}