{
  "shown": [
    {
      "max_elev": 1477, 
      "uid": "be86f5b5-6731-4568-8c05-6f459a5b26a4", 
      "area": 2.17, 
      "num_lifts": 3, 
      "source": "jsons/ski_area_elevations//north-america-latest.json", 
      "min_elev": 1075, 
      "cumarea": 5522.47672984647
    }
  ], 
  "end_x": 5522.920294006438, 
  "num": 5031, 
  "zoom": 14, 
  "start_x": 5521.822734329569
}