{
  "shown": [], 
  "end_x": 5525.115413360176, 
  "num": 5033, 
  "zoom": 14, 
  "start_x": 5524.017853683306
}