{
  "shown": [
    {
      "max_elev": 1476, 
      "cumarea": 5525.424519245404, 
      "area": 2.58, 
      "num_lifts": 1, 
      "name": "(mine)", 
      "source": "jsons/ski_area_elevations//south-america-latest.json", 
      "min_elev": 1103, 
      "uid": "42d417d6-7195-4c87-b25a-e4bcae4a08ad"
    }
  ], 
  "end_x": 5526.212973037045, 
  "num": 5034, 
  "zoom": 14, 
  "start_x": 5525.115413360176
}