{
  "shown": [], 
  "end_x": 5533.895890775131, 
  "num": 5041, 
  "zoom": 14, 
  "start_x": 5532.798331098262
}