{
  "shown": [], 
  "end_x": 5543.773927866956, 
  "num": 5050, 
  "zoom": 14, 
  "start_x": 5542.676368190087
}