{
  "shown": [
    {
      "max_elev": 1471, 
      "uid": "c5a32427-0f25-4c78-a822-2da464c7204f", 
      "area": 2.7800000000000002, 
      "num_lifts": 14, 
      "source": "jsons/ski_area_elevations//europe-latest.json", 
      "min_elev": 586, 
      "cumarea": 5547.933912447127
    }
  ], 
  "end_x": 5548.164166574434, 
  "num": 5054, 
  "zoom": 14, 
  "start_x": 5547.066606897564
}