{
  "shown": [], 
  "end_x": 5560.2373230199955, 
  "num": 5065, 
  "zoom": 14, 
  "start_x": 5559.139763343126
}