{
  "shown": [], 
  "end_x": 5563.530002050604, 
  "num": 5068, 
  "zoom": 14, 
  "start_x": 5562.432442373734
}