{
  "shown": [], 
  "end_x": 5565.725121404343, 
  "num": 5070, 
  "zoom": 14, 
  "start_x": 5564.627561727473
}