{
  "shown": [], 
  "end_x": 5571.21291978869, 
  "num": 5075, 
  "zoom": 14, 
  "start_x": 5570.11536011182
}