{
  "shown": [], 
  "end_x": 5572.310479465559, 
  "num": 5076, 
  "zoom": 14, 
  "start_x": 5571.21291978869
}