{
  "shown": [], 
  "end_x": 5581.090956880513, 
  "num": 5084, 
  "zoom": 14, 
  "start_x": 5579.993397203643
}