{
  "shown": [], 
  "end_x": 5603.042150417899, 
  "num": 5104, 
  "zoom": 14, 
  "start_x": 5601.94459074103
}