{
  "shown": [], 
  "end_x": 5606.334829448508, 
  "num": 5107, 
  "zoom": 14, 
  "start_x": 5605.237269771638
}