{
  "shown": [], 
  "end_x": 563.0481142339631, 
  "num": 512, 
  "zoom": 14, 
  "start_x": 561.9505545570938
}