{
  "shown": [], 
  "end_x": 5631.578702016501, 
  "num": 5130, 
  "zoom": 14, 
  "start_x": 5630.481142339631
}