{
  "shown": [], 
  "end_x": 5638.164060077717, 
  "num": 5136, 
  "zoom": 14, 
  "start_x": 5637.066500400848
}