{
  "shown": [], 
  "end_x": 5650.237216523279, 
  "num": 5147, 
  "zoom": 14, 
  "start_x": 5649.13965684641
}