{
  "shown": [], 
  "end_x": 5651.334776200149, 
  "num": 5148, 
  "zoom": 14, 
  "start_x": 5650.237216523279
}