{
  "shown": [], 
  "end_x": 5661.212813291973, 
  "num": 5157, 
  "zoom": 14, 
  "start_x": 5660.115253615104
}