{
  "shown": [], 
  "end_x": 5662.310372968843, 
  "num": 5158, 
  "zoom": 14, 
  "start_x": 5661.212813291973
}