{
  "shown": [
    {
      "max_elev": 1445, 
      "uid": "8f32a27a-970e-4c5d-99cd-206bc68415dc", 
      "area": 1.9000000000000001, 
      "num_lifts": 1, 
      "source": "jsons/ski_area_elevations//europe-latest.json", 
      "min_elev": 824, 
      "cumarea": 5665.169099526657
    }
  ], 
  "end_x": 5665.603051999449, 
  "num": 5161, 
  "zoom": 14, 
  "start_x": 5664.50549232258
}