{
  "shown": [], 
  "end_x": 5672.188410060666, 
  "num": 5167, 
  "zoom": 14, 
  "start_x": 5671.090850383796
}