{
  "shown": [], 
  "end_x": 5677.676208445013, 
  "num": 5172, 
  "zoom": 14, 
  "start_x": 5676.5786487681435
}