{
  "shown": [], 
  "end_x": 5680.968887475621, 
  "num": 5175, 
  "zoom": 14, 
  "start_x": 5679.871327798752
}