{
  "shown": [], 
  "end_x": 5684.261566506229, 
  "num": 5178, 
  "zoom": 14, 
  "start_x": 5683.16400682936
}