{
  "shown": [], 
  "end_x": 569.6334722951791, 
  "num": 518, 
  "zoom": 14, 
  "start_x": 568.5359126183098
}