{
  "shown": [], 
  "end_x": 5687.554245536838, 
  "num": 5181, 
  "zoom": 14, 
  "start_x": 5686.456685859968
}