{
  "shown": [
    {
      "max_elev": 1438, 
      "uid": "2cdaabce-9347-4036-a0e7-0b266f8f7b64", 
      "area": 3.48, 
      "num_lifts": 18, 
      "source": "jsons/ski_area_elevations//europe-latest.json", 
      "min_elev": 1066, 
      "cumarea": 5697.434507286972
    }
  ], 
  "end_x": 5698.52984230553, 
  "num": 5191, 
  "zoom": 14, 
  "start_x": 5697.432282628661
}