{
  "shown": [], 
  "end_x": 5705.115200366747, 
  "num": 5197, 
  "zoom": 14, 
  "start_x": 5704.017640689877
}