{
  "shown": [], 
  "end_x": 5709.505439074224, 
  "num": 5201, 
  "zoom": 14, 
  "start_x": 5708.407879397355
}