{
  "shown": [], 
  "end_x": 5714.9932374585715, 
  "num": 5206, 
  "zoom": 14, 
  "start_x": 5713.895677781702
}