{
  "shown": [], 
  "end_x": 572.926151325787, 
  "num": 521, 
  "zoom": 14, 
  "start_x": 571.8285916489177
}