{
  "shown": [], 
  "end_x": 5719.383476166047, 
  "num": 5210, 
  "zoom": 14, 
  "start_x": 5718.285916489178
}