{
  "shown": [], 
  "end_x": 5722.676155196656, 
  "num": 5213, 
  "zoom": 14, 
  "start_x": 5721.578595519786
}