{
  "shown": [], 
  "end_x": 5725.968834227264, 
  "num": 5216, 
  "zoom": 14, 
  "start_x": 5724.871274550394
}