{
  "shown": [], 
  "end_x": 5731.456632611611, 
  "num": 5221, 
  "zoom": 14, 
  "start_x": 5730.359072934742
}