{
  "shown": [], 
  "end_x": 5740.237110026565, 
  "num": 5229, 
  "zoom": 14, 
  "start_x": 5739.139550349695
}