{
  "shown": [], 
  "end_x": 5746.822468087781, 
  "num": 5235, 
  "zoom": 14, 
  "start_x": 5745.724908410912
}