{
  "shown": [], 
  "end_x": 5749.01758744152, 
  "num": 5237, 
  "zoom": 14, 
  "start_x": 5747.9200277646505
}