{
  "shown": [], 
  "end_x": 5751.212706795258, 
  "num": 5239, 
  "zoom": 14, 
  "start_x": 5750.115147118389
}