{
  "shown": [], 
  "end_x": 5754.505385825865, 
  "num": 5242, 
  "zoom": 14, 
  "start_x": 5753.407826148996
}