{
  "shown": [], 
  "end_x": 5756.700505179604, 
  "num": 5244, 
  "zoom": 14, 
  "start_x": 5755.602945502735
}