{
  "shown": [], 
  "end_x": 5764.38342291769, 
  "num": 5251, 
  "zoom": 14, 
  "start_x": 5763.285863240821
}