{
  "shown": [
    {
      "max_elev": 1426, 
      "uid": "6a7ac0c8-b44b-448d-8f5e-a11fba558a87", 
      "area": 4.42, 
      "num_lifts": 67, 
      "source": "jsons/ski_area_elevations//north-america-latest.json", 
      "min_elev": 829, 
      "cumarea": 5772.472968846026
    }
  ], 
  "end_x": 5773.163900332644, 
  "num": 5259, 
  "zoom": 14, 
  "start_x": 5772.066340655774
}