{
  "shown": [], 
  "end_x": 5774.261460009513, 
  "num": 5260, 
  "zoom": 14, 
  "start_x": 5773.163900332644
}