{
  "shown": [], 
  "end_x": 5775.359019686382, 
  "num": 5261, 
  "zoom": 14, 
  "start_x": 5774.261460009513
}