{
  "shown": [], 
  "end_x": 5785.237056778207, 
  "num": 5270, 
  "zoom": 14, 
  "start_x": 5784.139497101338
}