{
  "shown": [], 
  "end_x": 5788.529735808814, 
  "num": 5273, 
  "zoom": 14, 
  "start_x": 5787.432176131944
}