{
  "shown": [], 
  "end_x": 5794.017534193161, 
  "num": 5278, 
  "zoom": 14, 
  "start_x": 5792.919974516291
}