{
  "shown": [], 
  "end_x": 5798.4077729006385, 
  "num": 5282, 
  "zoom": 14, 
  "start_x": 5797.310213223769
}