{
  "shown": [], 
  "end_x": 581.7066287407417, 
  "num": 529, 
  "zoom": 14, 
  "start_x": 580.6090690638724
}