{
  "shown": [
    {
      "max_elev": 1422, 
      "uid": "1f796164-baf6-46f4-a4cc-a44f72f48e11", 
      "area": 1.99, 
      "num_lifts": 1, 
      "source": "jsons/ski_area_elevations//asia-latest.json", 
      "min_elev": 765, 
      "cumarea": 5807.712261248816
    }
  ], 
  "end_x": 5808.2858099924615, 
  "num": 5291, 
  "zoom": 14, 
  "start_x": 5807.188250315592
}