{
  "shown": [], 
  "end_x": 5810.4809293462, 
  "num": 5293, 
  "zoom": 14, 
  "start_x": 5809.383369669331
}