{
  "shown": [
    {
      "max_elev": 1419, 
      "uid": "9cb59b67-afab-4e3c-a898-9069d6b9b341", 
      "area": 1.9100000000000001, 
      "num_lifts": 2, 
      "source": "jsons/ski_area_elevations//europe-latest.json", 
      "min_elev": 643, 
      "cumarea": 5824.422466768741
    }
  ], 
  "end_x": 5824.749205145503, 
  "num": 5306, 
  "zoom": 14, 
  "start_x": 5823.651645468633
}