{
  "shown": [], 
  "end_x": 5839.0174809448035, 
  "num": 5319, 
  "zoom": 14, 
  "start_x": 5837.919921267934
}