{
  "shown": [], 
  "end_x": 584.9993077713497, 
  "num": 532, 
  "zoom": 14, 
  "start_x": 583.9017480944804
}