{
  "shown": [], 
  "end_x": 5845.60283900602, 
  "num": 5325, 
  "zoom": 14, 
  "start_x": 5844.505279329151
}