{
  "shown": [], 
  "end_x": 5847.797958359759, 
  "num": 5327, 
  "zoom": 14, 
  "start_x": 5846.7003986828895
}