{
  "shown": [], 
  "end_x": 5857.675995451582, 
  "num": 5336, 
  "zoom": 14, 
  "start_x": 5856.578435774713
}