{
  "shown": [
    {
      "max_elev": 1406, 
      "uid": "bccbcb25-6fb6-4770-bfbe-61ed2b4c8457", 
      "area": 1.82, 
      "num_lifts": 1, 
      "source": "jsons/ski_area_elevations//africa-latest.json", 
      "min_elev": 1246, 
      "cumarea": 5869.724562043774
    }
  ], 
  "end_x": 5869.749151897146, 
  "num": 5347, 
  "zoom": 14, 
  "start_x": 5868.651592220276
}