{
  "shown": [], 
  "end_x": 5878.529629312099, 
  "num": 5355, 
  "zoom": 14, 
  "start_x": 5877.43206963523
}