{
  "shown": [], 
  "end_x": 5880.724748665838, 
  "num": 5357, 
  "zoom": 14, 
  "start_x": 5879.627188988969
}