{
  "shown": [], 
  "end_x": 5886.212547050185, 
  "num": 5362, 
  "zoom": 14, 
  "start_x": 5885.114987373316
}