{
  "shown": [], 
  "end_x": 5888.407666403924, 
  "num": 5364, 
  "zoom": 14, 
  "start_x": 5887.3101067270545
}