{
  "shown": [], 
  "end_x": 5897.1881438188775, 
  "num": 5372, 
  "zoom": 14, 
  "start_x": 5896.090584142008
}