{
  "shown": [], 
  "end_x": 5900.480822849486, 
  "num": 5375, 
  "zoom": 14, 
  "start_x": 5899.383263172616
}