{
  "shown": [
    {
      "max_elev": 1398, 
      "uid": "b55dfd74-48a3-42df-bcd7-637c0b63db11", 
      "area": 1.8800000000000001, 
      "num_lifts": 1, 
      "source": "jsons/ski_area_elevations//europe-latest.json", 
      "min_elev": 780, 
      "cumarea": 5914.622192675904
    }
  ], 
  "end_x": 5914.7490986487865, 
  "num": 5388, 
  "zoom": 14, 
  "start_x": 5913.651538971917
}