{
  "shown": [
    {
      "max_elev": 1397, 
      "uid": "8fe873c3-72f1-47b8-bfde-b67df13a256f", 
      "area": 2.11, 
      "num_lifts": 6, 
      "source": "jsons/ski_area_elevations//europe-latest.json", 
      "min_elev": 1209, 
      "cumarea": 5920.179810839609
    }
  ], 
  "end_x": 5920.236897033134, 
  "num": 5393, 
  "zoom": 14, 
  "start_x": 5919.139337356264
}