{
  "shown": [], 
  "end_x": 5922.432016386872, 
  "num": 5395, 
  "zoom": 14, 
  "start_x": 5921.334456710003
}