{
  "shown": [], 
  "end_x": 5924.627135740611, 
  "num": 5397, 
  "zoom": 14, 
  "start_x": 5923.529576063742
}