{
  "shown": [], 
  "end_x": 593.7797851863044, 
  "num": 540, 
  "zoom": 14, 
  "start_x": 592.682225509435
}