{
  "shown": [
    {
      "max_elev": 1393, 
      "uid": "1f66c850-8da6-471f-8cc2-1998ffb737bc", 
      "area": 2.73, 
      "num_lifts": 23, 
      "source": "jsons/ski_area_elevations//europe-latest.json", 
      "min_elev": 1202, 
      "cumarea": 5948.954412112259
    }
  ], 
  "end_x": 5949.871008308604, 
  "num": 5420, 
  "zoom": 14, 
  "start_x": 5948.773448631735
}