{
  "shown": [
    {
      "max_elev": 1391, 
      "cumarea": 5965.324939615933, 
      "area": 1.9000000000000001, 
      "num_lifts": 2, 
      "name": "Cerro Otto", 
      "source": "jsons/ski_area_elevations//south-america-latest.json", 
      "min_elev": 828, 
      "uid": "c5fa4121-6910-4642-a90f-f265d6b7d699"
    }
  ], 
  "end_x": 5966.334403461646, 
  "num": 5435, 
  "zoom": 14, 
  "start_x": 5965.236843784776
}