{
  "shown": [], 
  "end_x": 5972.91976152286, 
  "num": 5441, 
  "zoom": 14, 
  "start_x": 5971.822201845991
}