{
  "shown": [], 
  "end_x": 5989.383156675902, 
  "num": 5456, 
  "zoom": 14, 
  "start_x": 5988.285596999032
}