{
  "shown": [
    {
      "max_elev": 2911, 
      "cumarea": 599.8551930473612, 
      "area": 7.72, 
      "num_lifts": 62, 
      "name": "Kirkwood Mountain Resort", 
      "source": "jsons/ski_area_elevations//north-america-latest.json", 
      "min_elev": 2380, 
      "uid": "66905ded-6cb4-4dcc-9b30-77dbec52274f"
    }
  ], 
  "end_x": 600.3651432475202, 
  "num": 546, 
  "zoom": 14, 
  "start_x": 599.2675835706509
}