{
  "shown": [], 
  "end_x": 5994.870955060249, 
  "num": 5461, 
  "zoom": 14, 
  "start_x": 5993.7733953833795
}