{
  "shown": [], 
  "end_x": 6002.553872798333, 
  "num": 5468, 
  "zoom": 14, 
  "start_x": 6001.456313121464
}