{
  "shown": [], 
  "end_x": 6005.846551828941, 
  "num": 5471, 
  "zoom": 14, 
  "start_x": 6004.748992152072
}