{
  "shown": [], 
  "end_x": 602.5602626012588, 
  "num": 548, 
  "zoom": 14, 
  "start_x": 601.4627029243895
}