{
  "shown": [], 
  "end_x": 6020.114827628242, 
  "num": 5484, 
  "zoom": 14, 
  "start_x": 6019.017267951373
}