{
  "shown": [], 
  "end_x": 6021.212387305111, 
  "num": 5485, 
  "zoom": 14, 
  "start_x": 6020.114827628242
}