{
  "shown": [], 
  "end_x": 6034.383103427543, 
  "num": 5497, 
  "zoom": 14, 
  "start_x": 6033.285543750673
}