{
  "shown": [], 
  "end_x": 6036.5782227812815, 
  "num": 5499, 
  "zoom": 14, 
  "start_x": 6035.480663104412
}