{
  "shown": [
    {
      "max_elev": 3865, 
      "cumarea": 60.96772790255209, 
      "area": 5.6, 
      "num_lifts": 24, 
      "name": "Loveland", 
      "source": "jsons/ski_area_elevations//north-america-latest.json", 
      "min_elev": 3242, 
      "uid": "30bc0b75-a6ac-4477-a1c3-8b92120b3042"
    }
  ], 
  "end_x": 61.46334190468214, 
  "num": 55, 
  "zoom": 14, 
  "start_x": 60.365782227812815
}