{
  "shown": [], 
  "end_x": 6047.553819549976, 
  "num": 5509, 
  "zoom": 14, 
  "start_x": 6046.456259873106
}