{
  "shown": [], 
  "end_x": 6048.651379226845, 
  "num": 5510, 
  "zoom": 14, 
  "start_x": 6047.553819549976
}