{
  "shown": [], 
  "end_x": 6050.846498580582, 
  "num": 5512, 
  "zoom": 14, 
  "start_x": 6049.748938903714
}