{
  "shown": [], 
  "end_x": 606.9505013087362, 
  "num": 552, 
  "zoom": 14, 
  "start_x": 605.8529416318669
}