{
  "shown": [], 
  "end_x": 6065.114774379885, 
  "num": 5525, 
  "zoom": 14, 
  "start_x": 6064.017214703015
}