{
  "shown": [], 
  "end_x": 6071.700132441099, 
  "num": 5531, 
  "zoom": 14, 
  "start_x": 6070.60257276423
}