{
  "shown": [], 
  "end_x": 6076.090371148577, 
  "num": 5535, 
  "zoom": 14, 
  "start_x": 6074.992811471708
}