{
  "shown": [], 
  "end_x": 6081.578169532924, 
  "num": 5540, 
  "zoom": 14, 
  "start_x": 6080.480609856055
}