{
  "shown": [], 
  "end_x": 6083.773288886663, 
  "num": 5542, 
  "zoom": 14, 
  "start_x": 6082.675729209794
}