{
  "shown": [], 
  "end_x": 6101.334243716572, 
  "num": 5558, 
  "zoom": 14, 
  "start_x": 6100.236684039703
}