{
  "shown": [], 
  "end_x": 6114.504959839003, 
  "num": 5570, 
  "zoom": 14, 
  "start_x": 6113.407400162134
}