{
  "shown": [], 
  "end_x": 6119.99275822335, 
  "num": 5575, 
  "zoom": 14, 
  "start_x": 6118.895198546481
}