{
  "shown": [
    {
      "max_elev": 2896, 
      "uid": "3aec6c44-af6b-4722-b32c-d70122761715", 
      "area": 1.98, 
      "num_lifts": 1, 
      "source": "jsons/ski_area_elevations//europe-latest.json", 
      "min_elev": 1572, 
      "cumarea": 612.7428726546783
    }
  ], 
  "end_x": 613.5358593699522, 
  "num": 558, 
  "zoom": 14, 
  "start_x": 612.4382996930829
}