{
  "shown": [], 
  "end_x": 6139.748832406998, 
  "num": 5593, 
  "zoom": 14, 
  "start_x": 6138.651272730129
}