{
  "shown": [], 
  "end_x": 6155.114667883169, 
  "num": 5607, 
  "zoom": 14, 
  "start_x": 6154.017108206301
}