{
  "shown": [], 
  "end_x": 6157.309787236907, 
  "num": 5609, 
  "zoom": 14, 
  "start_x": 6156.212227560038
}