{
  "shown": [], 
  "end_x": 6160.602466267515, 
  "num": 5612, 
  "zoom": 14, 
  "start_x": 6159.504906590646
}