{
  "shown": [], 
  "end_x": 6168.285384005601, 
  "num": 5619, 
  "zoom": 14, 
  "start_x": 6167.187824328732
}