{
  "shown": [], 
  "end_x": 617.9260980774294, 
  "num": 562, 
  "zoom": 14, 
  "start_x": 616.8285384005601
}