{
  "shown": [], 
  "end_x": 6172.675622713078, 
  "num": 5623, 
  "zoom": 14, 
  "start_x": 6171.57806303621
}