{
  "shown": [], 
  "end_x": 6173.773182389947, 
  "num": 5624, 
  "zoom": 14, 
  "start_x": 6172.675622713078
}