{
  "shown": [], 
  "end_x": 6184.748779158641, 
  "num": 5634, 
  "zoom": 14, 
  "start_x": 6183.6512194817715
}