{
  "shown": [], 
  "end_x": 6188.041458189249, 
  "num": 5637, 
  "zoom": 14, 
  "start_x": 6186.94389851238
}