{
  "shown": [], 
  "end_x": 6190.236577542987, 
  "num": 5639, 
  "zoom": 14, 
  "start_x": 6189.139017866119
}