{
  "shown": [], 
  "end_x": 6193.5292565735945, 
  "num": 5642, 
  "zoom": 14, 
  "start_x": 6192.431696896725
}