{
  "shown": [], 
  "end_x": 6201.21217431168, 
  "num": 5649, 
  "zoom": 14, 
  "start_x": 6200.114614634811
}