{
  "shown": [], 
  "end_x": 6204.504853342289, 
  "num": 5652, 
  "zoom": 14, 
  "start_x": 6203.407293665419
}