{
  "shown": [], 
  "end_x": 6213.285330757242, 
  "num": 5660, 
  "zoom": 14, 
  "start_x": 6212.187771080373
}