{
  "shown": [
    {
      "max_elev": 1338, 
      "cumarea": 6213.51205005751, 
      "area": 2.55, 
      "num_lifts": 1, 
      "name": "(not a ski area)", 
      "source": "jsons/ski_area_elevations//africa-latest.json", 
      "min_elev": 656, 
      "uid": "73568e9b-852a-4d32-8680-21637ddeb2f9"
    }
  ], 
  "end_x": 6214.382890434112, 
  "num": 5661, 
  "zoom": 14, 
  "start_x": 6213.285330757242
}