{
  "shown": [], 
  "end_x": 6225.358487202805, 
  "num": 5671, 
  "zoom": 14, 
  "start_x": 6224.2609275259365
}