{
  "shown": [], 
  "end_x": 6230.846285587151, 
  "num": 5676, 
  "zoom": 14, 
  "start_x": 6229.748725910282
}