{
  "shown": [], 
  "end_x": 6249.504800093931, 
  "num": 5693, 
  "zoom": 14, 
  "start_x": 6248.407240417062
}