{
  "shown": [], 
  "end_x": 627.8041351692534, 
  "num": 571, 
  "zoom": 14, 
  "start_x": 626.7065754923841
}