{
  "shown": [
    {
      "max_elev": 1330, 
      "uid": "9b8222e8-c021-4cb6-b650-9b39400a0c0f", 
      "area": 1.9300000000000002, 
      "num_lifts": 4, 
      "source": "jsons/ski_area_elevations//europe-latest.json", 
      "min_elev": 1176, 
      "cumarea": 6271.497579463655
    }
  ], 
  "end_x": 6272.5535533081875, 
  "num": 5714, 
  "zoom": 14, 
  "start_x": 6271.455993631318
}