{
  "shown": [], 
  "end_x": 6279.138911369402, 
  "num": 5720, 
  "zoom": 14, 
  "start_x": 6278.041351692534
}