{
  "shown": [], 
  "end_x": 6281.334030723141, 
  "num": 5722, 
  "zoom": 14, 
  "start_x": 6280.236471046272
}