{
  "shown": [], 
  "end_x": 6285.724269430619, 
  "num": 5726, 
  "zoom": 14, 
  "start_x": 6284.626709753749
}