{
  "shown": [
    {
      "max_elev": 1327, 
      "uid": "8efd3d52-92ca-4a2e-8881-df1ff77112d7", 
      "area": 2.19, 
      "num_lifts": 1, 
      "source": "jsons/ski_area_elevations//europe-latest.json", 
      "min_elev": 7, 
      "cumarea": 6293.41631232288
    }
  ], 
  "end_x": 6294.504746845574, 
  "num": 5734, 
  "zoom": 14, 
  "start_x": 6293.407187168705
}