{
  "shown": [], 
  "end_x": 6297.797425876181, 
  "num": 5737, 
  "zoom": 14, 
  "start_x": 6296.699866199311
}