{
  "shown": [
    {
      "max_elev": 1322, 
      "uid": "aa360876-518e-4004-ba23-b074b1fdd8e1", 
      "area": 2.12, 
      "num_lifts": 2, 
      "source": "jsons/ski_area_elevations//europe-latest.json", 
      "min_elev": 933, 
      "cumarea": 6312.448242871974
    }
  ], 
  "end_x": 6313.163261352352, 
  "num": 5751, 
  "zoom": 14, 
  "start_x": 6312.065701675483
}