{
  "shown": [], 
  "end_x": 6317.553500059828, 
  "num": 5755, 
  "zoom": 14, 
  "start_x": 6316.455940382959
}