{
  "shown": [], 
  "end_x": 6319.748619413567, 
  "num": 5757, 
  "zoom": 14, 
  "start_x": 6318.651059736698
}