{
  "shown": [], 
  "end_x": 6321.943738767306, 
  "num": 5759, 
  "zoom": 14, 
  "start_x": 6320.846179090437
}