{
  "shown": [], 
  "end_x": 6324.138858121045, 
  "num": 5761, 
  "zoom": 14, 
  "start_x": 6323.0412984441755
}