{
  "shown": [], 
  "end_x": 6327.431537151653, 
  "num": 5764, 
  "zoom": 14, 
  "start_x": 6326.333977474784
}