{
  "shown": [], 
  "end_x": 6331.821775859129, 
  "num": 5768, 
  "zoom": 14, 
  "start_x": 6330.7242161822605
}