{
  "shown": [], 
  "end_x": 634.3894932304693, 
  "num": 577, 
  "zoom": 14, 
  "start_x": 633.2919335536
}