{
  "shown": [], 
  "end_x": 6335.114454889737, 
  "num": 5771, 
  "zoom": 14, 
  "start_x": 6334.016895212868
}