{
  "shown": [], 
  "end_x": 6337.309574243476, 
  "num": 5773, 
  "zoom": 14, 
  "start_x": 6336.212014566607
}