{
  "shown": [
    {
      "max_elev": 1317, 
      "uid": "b65559a6-e985-4422-9703-ce1edaccf78a", 
      "area": 1.8900000000000001, 
      "num_lifts": 1, 
      "source": "jsons/ski_area_elevations//asia-latest.json", 
      "min_elev": 745, 
      "cumarea": 6344.227354323609
    }
  ], 
  "end_x": 6344.992491981562, 
  "num": 5780, 
  "zoom": 14, 
  "start_x": 6343.894932304693
}