{
  "shown": [], 
  "end_x": 6348.2851710121695, 
  "num": 5783, 
  "zoom": 14, 
  "start_x": 6347.187611335301
}