{
  "shown": [], 
  "end_x": 6349.382730689038, 
  "num": 5784, 
  "zoom": 14, 
  "start_x": 6348.2851710121695
}