{
  "shown": [], 
  "end_x": 6353.772969396516, 
  "num": 5788, 
  "zoom": 14, 
  "start_x": 6352.675409719646
}