{
  "shown": [], 
  "end_x": 6357.065648427124, 
  "num": 5791, 
  "zoom": 14, 
  "start_x": 6355.9680887502545
}