{
  "shown": [], 
  "end_x": 6362.553446811471, 
  "num": 5796, 
  "zoom": 14, 
  "start_x": 6361.455887134602
}