{
  "shown": [], 
  "end_x": 637.6821722610772, 
  "num": 580, 
  "zoom": 14, 
  "start_x": 636.5846125842079
}