{
  "shown": [], 
  "end_x": 6370.236364549555, 
  "num": 5803, 
  "zoom": 14, 
  "start_x": 6369.138804872686
}