{
  "shown": [], 
  "end_x": 6389.992438733205, 
  "num": 5821, 
  "zoom": 14, 
  "start_x": 6388.894879056335
}