{
  "shown": [], 
  "end_x": 6391.089998410074, 
  "num": 5822, 
  "zoom": 14, 
  "start_x": 6389.992438733205
}