{
  "shown": [], 
  "end_x": 6393.285117763811, 
  "num": 5824, 
  "zoom": 14, 
  "start_x": 6392.187558086943
}