{
  "shown": [], 
  "end_x": 6397.675356471289, 
  "num": 5828, 
  "zoom": 14, 
  "start_x": 6396.57779679442
}