{
  "shown": [], 
  "end_x": 6410.846072593722, 
  "num": 5840, 
  "zoom": 14, 
  "start_x": 6409.748512916853
}