{
  "shown": [], 
  "end_x": 6414.13875162433, 
  "num": 5843, 
  "zoom": 14, 
  "start_x": 6413.041191947461
}