{
  "shown": [], 
  "end_x": 6424.016788716153, 
  "num": 5852, 
  "zoom": 14, 
  "start_x": 6422.919229039284
}