{
  "shown": [], 
  "end_x": 6429.5045871005, 
  "num": 5857, 
  "zoom": 14, 
  "start_x": 6428.407027423631
}