{
  "shown": [], 
  "end_x": 6458.041138699102, 
  "num": 5883, 
  "zoom": 14, 
  "start_x": 6456.943579022232
}