{
  "shown": [], 
  "end_x": 647.5602093529012, 
  "num": 589, 
  "zoom": 14, 
  "start_x": 646.4626496760319
}