{
  "shown": [], 
  "end_x": 6466.821616114057, 
  "num": 5891, 
  "zoom": 14, 
  "start_x": 6465.724056437188
}