{
  "shown": [], 
  "end_x": 6472.3094144984025, 
  "num": 5896, 
  "zoom": 14, 
  "start_x": 6471.211854821534
}