{
  "shown": [], 
  "end_x": 65.85358061215943, 
  "num": 59, 
  "zoom": 14, 
  "start_x": 64.75602093529011
}