{
  "shown": [], 
  "end_x": 6479.992332236488, 
  "num": 5903, 
  "zoom": 14, 
  "start_x": 6478.894772559619
}