{
  "shown": [], 
  "end_x": 6485.480130620836, 
  "num": 5908, 
  "zoom": 14, 
  "start_x": 6484.382570943966
}