{
  "shown": [], 
  "end_x": 6488.772809651443, 
  "num": 5911, 
  "zoom": 14, 
  "start_x": 6487.675249974574
}