{
  "shown": [], 
  "end_x": 6490.967929005181, 
  "num": 5913, 
  "zoom": 14, 
  "start_x": 6489.870369328311
}