{
  "shown": [], 
  "end_x": 6496.455727389528, 
  "num": 5918, 
  "zoom": 14, 
  "start_x": 6495.3581677126585
}