{
  "shown": [], 
  "end_x": 6498.650846743267, 
  "num": 5920, 
  "zoom": 14, 
  "start_x": 6497.553287066397
}