{
  "shown": [], 
  "end_x": 6500.845966097006, 
  "num": 5922, 
  "zoom": 14, 
  "start_x": 6499.748406420136
}