{
  "shown": [], 
  "end_x": 6509.626443511959, 
  "num": 5930, 
  "zoom": 14, 
  "start_x": 6508.52888383509
}