{
  "shown": [], 
  "end_x": 6517.309361250045, 
  "num": 5937, 
  "zoom": 14, 
  "start_x": 6516.211801573176
}