{
  "shown": [
    {
      "max_elev": 1284, 
      "uid": "6c3200b3-d729-4400-b5e7-259f5efbcaca", 
      "area": 1.82, 
      "num_lifts": 1, 
      "source": "jsons/ski_area_elevations//north-america-latest.json", 
      "min_elev": 1181, 
      "cumarea": 6517.836931342213
    }
  ], 
  "end_x": 6518.406920926915, 
  "num": 5938, 
  "zoom": 14, 
  "start_x": 6517.309361250045
}