{
  "shown": [], 
  "end_x": 6539.260554787432, 
  "num": 5957, 
  "zoom": 14, 
  "start_x": 6538.162995110562
}