{
  "shown": [], 
  "end_x": 6540.358114464301, 
  "num": 5958, 
  "zoom": 14, 
  "start_x": 6539.260554787432
}