{
  "shown": [
    {
      "max_elev": 1279, 
      "cumarea": 6545.396868437499, 
      "area": 16.07, 
      "num_lifts": 152, 
      "name": "Killington", 
      "source": "jsons/ski_area_elevations//north-america-latest.json", 
      "min_elev": 354, 
      "uid": "9223c9de-54e0-4047-a2ae-0bd0b77da174"
    }
  ], 
  "end_x": 6545.845912848648, 
  "num": 5963, 
  "zoom": 14, 
  "start_x": 6544.748353171779
}