{
  "shown": [], 
  "end_x": 6550.236151556126, 
  "num": 5967, 
  "zoom": 14, 
  "start_x": 6549.138591879257
}