{
  "shown": [], 
  "end_x": 656.3406867678557, 
  "num": 597, 
  "zoom": 14, 
  "start_x": 655.2431270909864
}