{
  "shown": [], 
  "end_x": 6563.406867678557, 
  "num": 5979, 
  "zoom": 14, 
  "start_x": 6562.309308001688
}