{
  "shown": [], 
  "end_x": 6582.065382185336, 
  "num": 5996, 
  "zoom": 14, 
  "start_x": 6580.967822508466
}