{
  "shown": [], 
  "end_x": 6591.9434192771605, 
  "num": 6005, 
  "zoom": 14, 
  "start_x": 6590.845859600291
}