{
  "shown": [], 
  "end_x": 6594.138538630898, 
  "num": 6007, 
  "zoom": 14, 
  "start_x": 6593.04097895403
}