{
  "shown": [], 
  "end_x": 6602.919016045853, 
  "num": 6015, 
  "zoom": 14, 
  "start_x": 6601.8214563689835
}