{
  "shown": [], 
  "end_x": 6613.894612814545, 
  "num": 6025, 
  "zoom": 14, 
  "start_x": 6612.797053137676
}