{
  "shown": [], 
  "end_x": 6622.675090229501, 
  "num": 6033, 
  "zoom": 14, 
  "start_x": 6621.577530552631
}