{
  "shown": [
    {
      "max_elev": 1267, 
      "uid": "afe833eb-511c-4acd-94ee-ddec37f2129e", 
      "area": 1.8800000000000001, 
      "num_lifts": 1, 
      "source": "jsons/ski_area_elevations//asia-latest.json", 
      "min_elev": 447, 
      "cumarea": 6623.575260961659
    }
  ], 
  "end_x": 6623.77264990637, 
  "num": 6034, 
  "zoom": 14, 
  "start_x": 6622.675090229501
}