{
  "shown": [], 
  "end_x": 6630.358007967585, 
  "num": 6040, 
  "zoom": 14, 
  "start_x": 6629.260448290716
}