{
  "shown": [], 
  "end_x": 6631.455567644454, 
  "num": 6041, 
  "zoom": 14, 
  "start_x": 6630.358007967585
}