{
  "shown": [], 
  "end_x": 665.1211641828104, 
  "num": 605, 
  "zoom": 14, 
  "start_x": 664.0236045059411
}