{
  "shown": [
    {
      "max_elev": 1263, 
      "uid": "bbd34c35-465f-446d-aa61-ce10fd0147bf", 
      "area": 1.81, 
      "num_lifts": 2, 
      "source": "jsons/ski_area_elevations//europe-latest.json", 
      "min_elev": 1228, 
      "cumarea": 6640.40389244608
    }
  ], 
  "end_x": 6641.333604736279, 
  "num": 6050, 
  "zoom": 14, 
  "start_x": 6640.23604505941
}