{
  "shown": [], 
  "end_x": 6642.4311644131485, 
  "num": 6051, 
  "zoom": 14, 
  "start_x": 6641.333604736279
}