{
  "shown": [], 
  "end_x": 6647.918962797494, 
  "num": 6056, 
  "zoom": 14, 
  "start_x": 6646.821403120625
}