{
  "shown": [], 
  "end_x": 6649.016522474363, 
  "num": 6057, 
  "zoom": 14, 
  "start_x": 6647.918962797494
}