{
  "shown": [], 
  "end_x": 6651.211641828102, 
  "num": 6059, 
  "zoom": 14, 
  "start_x": 6650.114082151233
}