{
  "shown": [], 
  "end_x": 6656.699440212449, 
  "num": 6064, 
  "zoom": 14, 
  "start_x": 6655.60188053558
}