{
  "shown": [], 
  "end_x": 6661.089678919927, 
  "num": 6068, 
  "zoom": 14, 
  "start_x": 6659.9921192430575
}