{
  "shown": [], 
  "end_x": 6662.187238596796, 
  "num": 6069, 
  "zoom": 14, 
  "start_x": 6661.089678919927
}