{
  "shown": [
    {
      "max_elev": 1256, 
      "uid": "32280999-c8d3-4e0c-8e65-0caa7ce04b69", 
      "area": 1.82, 
      "num_lifts": 1, 
      "source": "jsons/ski_area_elevations//asia-latest.json", 
      "min_elev": 1107, 
      "cumarea": 6675.903752020099
    }
  ], 
  "end_x": 6676.455514396097, 
  "num": 6082, 
  "zoom": 14, 
  "start_x": 6675.357954719228
}