{
  "shown": [], 
  "end_x": 6680.845753103575, 
  "num": 6086, 
  "zoom": 14, 
  "start_x": 6679.748193426705
}