{
  "shown": [], 
  "end_x": 6684.138432134183, 
  "num": 6089, 
  "zoom": 14, 
  "start_x": 6683.0408724573135
}