{
  "shown": [], 
  "end_x": 6686.333551487922, 
  "num": 6091, 
  "zoom": 14, 
  "start_x": 6685.235991811052
}