{
  "shown": [], 
  "end_x": 68.04869996589808, 
  "num": 61, 
  "zoom": 14, 
  "start_x": 66.95114028902876
}