{
  "shown": [
    {
      "max_elev": 1252, 
      "cumarea": 6701.496010039668, 
      "area": 4.34, 
      "num_lifts": 42, 
      "name": "Inawashiro", 
      "source": "jsons/ski_area_elevations//asia-latest.json", 
      "min_elev": 695, 
      "uid": "ae69b4a7-b818-470c-ac38-1e348f560402"
    }
  ], 
  "end_x": 6701.699386964092, 
  "num": 6105, 
  "zoom": 14, 
  "start_x": 6700.6018272872225
}