{
  "shown": [], 
  "end_x": 6702.796946640961, 
  "num": 6106, 
  "zoom": 14, 
  "start_x": 6701.699386964092
}