{
  "shown": [], 
  "end_x": 6726.943259532087, 
  "num": 6128, 
  "zoom": 14, 
  "start_x": 6725.845699855217
}