{
  "shown": [], 
  "end_x": 6730.235938562695, 
  "num": 6131, 
  "zoom": 14, 
  "start_x": 6729.138378885826
}