{
  "shown": [], 
  "end_x": 6741.2115353313875, 
  "num": 6141, 
  "zoom": 14, 
  "start_x": 6740.113975654518
}