{
  "shown": [], 
  "end_x": 6743.406654685126, 
  "num": 6143, 
  "zoom": 14, 
  "start_x": 6742.309095008257
}