{
  "shown": [], 
  "end_x": 6746.699333715735, 
  "num": 6146, 
  "zoom": 14, 
  "start_x": 6745.601774038865
}