{
  "shown": [], 
  "end_x": 676.0967609515036, 
  "num": 615, 
  "zoom": 14, 
  "start_x": 674.9992012746343
}