{
  "shown": [], 
  "end_x": 6754.382251453819, 
  "num": 6153, 
  "zoom": 14, 
  "start_x": 6753.284691776949
}