{
  "shown": [], 
  "end_x": 677.1943206283729, 
  "num": 616, 
  "zoom": 14, 
  "start_x": 676.0967609515036
}