{
  "shown": [], 
  "end_x": 6763.162728868774, 
  "num": 6161, 
  "zoom": 14, 
  "start_x": 6762.065169191905
}