{
  "shown": [], 
  "end_x": 6767.552967576252, 
  "num": 6165, 
  "zoom": 14, 
  "start_x": 6766.455407899382
}