{
  "shown": [], 
  "end_x": 6773.040765960597, 
  "num": 6170, 
  "zoom": 14, 
  "start_x": 6771.943206283728
}