{
  "shown": [], 
  "end_x": 6780.723683698683, 
  "num": 6177, 
  "zoom": 14, 
  "start_x": 6779.626124021814
}