{
  "shown": [
    {
      "max_elev": 1238, 
      "uid": "1bb58136-cd21-4d8d-9a32-5ac629ffdbbe", 
      "area": 1.81, 
      "num_lifts": 1, 
      "source": "jsons/ski_area_elevations//europe-latest.json", 
      "min_elev": 1156, 
      "cumarea": 6781.646840561828
    }
  ], 
  "end_x": 6781.8212433755525, 
  "num": 6178, 
  "zoom": 14, 
  "start_x": 6780.723683698683
}