{
  "shown": [], 
  "end_x": 6785.113922406161, 
  "num": 6181, 
  "zoom": 14, 
  "start_x": 6784.016362729291
}