{
  "shown": [], 
  "end_x": 6789.504161113637, 
  "num": 6185, 
  "zoom": 14, 
  "start_x": 6788.406601436767
}