{
  "shown": [], 
  "end_x": 6792.796840144245, 
  "num": 6188, 
  "zoom": 14, 
  "start_x": 6791.6992804673755
}