{
  "shown": [], 
  "end_x": 6800.479757882331, 
  "num": 6195, 
  "zoom": 14, 
  "start_x": 6799.3821982054615
}