{
  "shown": [], 
  "end_x": 6821.333391742848, 
  "num": 6214, 
  "zoom": 14, 
  "start_x": 6820.235832065979
}