{
  "shown": [], 
  "end_x": 6822.4309514197175, 
  "num": 6215, 
  "zoom": 14, 
  "start_x": 6821.333391742848
}