{
  "shown": [], 
  "end_x": 6826.821190127195, 
  "num": 6219, 
  "zoom": 14, 
  "start_x": 6825.723630450326
}