{
  "shown": [], 
  "end_x": 6837.796786895889, 
  "num": 6229, 
  "zoom": 14, 
  "start_x": 6836.69922721902
}