{
  "shown": [], 
  "end_x": 685.9747980433275, 
  "num": 624, 
  "zoom": 14, 
  "start_x": 684.8772383664582
}