{
  "shown": [], 
  "end_x": 6868.52845784823, 
  "num": 6257, 
  "zoom": 14, 
  "start_x": 6867.43089817136
}