{
  "shown": [
    {
      "max_elev": 1225, 
      "uid": "cb0404b7-ecaa-4998-9297-c26d9506ee49", 
      "area": 1.85, 
      "num_lifts": 2, 
      "source": "jsons/ski_area_elevations//europe-latest.json", 
      "min_elev": 1113, 
      "cumarea": 6876.594005307424
    }
  ], 
  "end_x": 6877.308935263183, 
  "num": 6265, 
  "zoom": 14, 
  "start_x": 6876.211375586314
}