{
  "shown": [], 
  "end_x": 6878.406494940053, 
  "num": 6266, 
  "zoom": 14, 
  "start_x": 6877.308935263183
}