{
  "shown": [], 
  "end_x": 6884.991853001269, 
  "num": 6272, 
  "zoom": 14, 
  "start_x": 6883.8942933244
}