{
  "shown": [], 
  "end_x": 6889.382091708747, 
  "num": 6276, 
  "zoom": 14, 
  "start_x": 6888.2845320318775
}