{
  "shown": [], 
  "end_x": 6895.967449769962, 
  "num": 6282, 
  "zoom": 14, 
  "start_x": 6894.869890093092
}