{
  "shown": [
    {
      "max_elev": 1222, 
      "uid": "c0a28490-9a8a-4864-8891-6cd86de13f37", 
      "area": 2.66, 
      "num_lifts": 22, 
      "source": "jsons/ski_area_elevations//europe-latest.json", 
      "min_elev": 1007, 
      "cumarea": 6899.430528951805
    }
  ], 
  "end_x": 6900.357688477439, 
  "num": 6286, 
  "zoom": 14, 
  "start_x": 6899.26012880057
}