{
  "shown": [], 
  "end_x": 6911.333285246132, 
  "num": 6296, 
  "zoom": 14, 
  "start_x": 6910.235725569263
}