{
  "shown": [], 
  "end_x": 6920.113762661087, 
  "num": 6304, 
  "zoom": 14, 
  "start_x": 6919.016202984218
}