{
  "shown": [], 
  "end_x": 6921.2113223379565, 
  "num": 6305, 
  "zoom": 14, 
  "start_x": 6920.113762661087
}