{
  "shown": [
    {
      "max_elev": 1218, 
      "uid": "3489d16e-f346-43e3-8e6b-e99ff2da19da", 
      "area": 2.9000000000000004, 
      "num_lifts": 1, 
      "source": "jsons/ski_area_elevations//europe-latest.json", 
      "min_elev": 8, 
      "cumarea": 6921.490660663144
    }
  ], 
  "end_x": 6922.308882014826, 
  "num": 6306, 
  "zoom": 14, 
  "start_x": 6921.2113223379565
}