{
  "shown": [], 
  "end_x": 6923.406441691695, 
  "num": 6307, 
  "zoom": 14, 
  "start_x": 6922.308882014826
}