{
  "shown": [], 
  "end_x": 6925.601561045434, 
  "num": 6309, 
  "zoom": 14, 
  "start_x": 6924.504001368565
}