{
  "shown": [], 
  "end_x": 6926.699120722304, 
  "num": 6310, 
  "zoom": 14, 
  "start_x": 6925.601561045434
}