{
  "shown": [], 
  "end_x": 6928.894240076041, 
  "num": 6312, 
  "zoom": 14, 
  "start_x": 6927.796680399172
}