{
  "shown": [], 
  "end_x": 6929.99179975291, 
  "num": 6313, 
  "zoom": 14, 
  "start_x": 6928.894240076041
}