{
  "shown": [], 
  "end_x": 6932.186919106649, 
  "num": 6315, 
  "zoom": 14, 
  "start_x": 6931.0893594297795
}