{
  "shown": [], 
  "end_x": 6938.7722771678655, 
  "num": 6321, 
  "zoom": 14, 
  "start_x": 6937.674717490996
}