{
  "shown": [
    {
      "max_elev": 1214, 
      "cumarea": 6945.789211521663, 
      "area": 2.76, 
      "num_lifts": 8, 
      "name": "Karkogel / Abtenau", 
      "source": "jsons/ski_area_elevations//europe-latest.json", 
      "min_elev": 718, 
      "uid": "7215b3be-ab46-41ce-8bf4-0e9dcc235572"
    }
  ], 
  "end_x": 6946.455194905951, 
  "num": 6328, 
  "zoom": 14, 
  "start_x": 6945.357635229082
}