{
  "shown": [], 
  "end_x": 6947.552754582821, 
  "num": 6329, 
  "zoom": 14, 
  "start_x": 6946.455194905951
}