{
  "shown": [], 
  "end_x": 6958.528351351513, 
  "num": 6339, 
  "zoom": 14, 
  "start_x": 6957.430791674644
}