{
  "shown": [], 
  "end_x": 6981.577104565769, 
  "num": 6360, 
  "zoom": 14, 
  "start_x": 6980.479544888901
}