{
  "shown": [], 
  "end_x": 6984.869783596378, 
  "num": 6363, 
  "zoom": 14, 
  "start_x": 6983.772223919508
}