{
  "shown": [], 
  "end_x": 6987.064902950116, 
  "num": 6365, 
  "zoom": 14, 
  "start_x": 6985.967343273247
}