{
  "shown": [], 
  "end_x": 6989.260022303855, 
  "num": 6367, 
  "zoom": 14, 
  "start_x": 6988.162462626986
}