{
  "shown": [], 
  "end_x": 703.5357528732367, 
  "num": 640, 
  "zoom": 14, 
  "start_x": 702.4381931963674
}