{
  "shown": [], 
  "end_x": 7028.772170671151, 
  "num": 6403, 
  "zoom": 14, 
  "start_x": 7027.6746109942815
}