{
  "shown": [], 
  "end_x": 7029.86973034802, 
  "num": 6404, 
  "zoom": 14, 
  "start_x": 7028.772170671151
}