{
  "shown": [], 
  "end_x": 7032.064849701759, 
  "num": 6406, 
  "zoom": 14, 
  "start_x": 7030.96729002489
}