{
  "shown": [], 
  "end_x": 7040.845327116713, 
  "num": 6414, 
  "zoom": 14, 
  "start_x": 7039.747767439843
}