{
  "shown": [], 
  "end_x": 7043.040446470452, 
  "num": 6416, 
  "zoom": 14, 
  "start_x": 7041.942886793582
}