{
  "shown": [], 
  "end_x": 7045.23556582419, 
  "num": 6418, 
  "zoom": 14, 
  "start_x": 7044.138006147321
}