{
  "shown": [], 
  "end_x": 7046.33312550106, 
  "num": 6419, 
  "zoom": 14, 
  "start_x": 7045.23556582419
}