{
  "shown": [], 
  "end_x": 7056.211162592883, 
  "num": 6428, 
  "zoom": 14, 
  "start_x": 7055.113602916013
}