{
  "shown": [], 
  "end_x": 706.8284319038446, 
  "num": 643, 
  "zoom": 14, 
  "start_x": 705.7308722269753
}