{
  "shown": [], 
  "end_x": 7059.503841623491, 
  "num": 6431, 
  "zoom": 14, 
  "start_x": 7058.406281946622
}