{
  "shown": [], 
  "end_x": 7063.894080330969, 
  "num": 6435, 
  "zoom": 14, 
  "start_x": 7062.796520654099
}