{
  "shown": [], 
  "end_x": 7067.186759361577, 
  "num": 6438, 
  "zoom": 14, 
  "start_x": 7066.089199684708
}