{
  "shown": [], 
  "end_x": 7073.772117422792, 
  "num": 6444, 
  "zoom": 14, 
  "start_x": 7072.674557745922
}