{
  "shown": [
    {
      "max_elev": 1194, 
      "cumarea": 7074.2728416521195, 
      "area": 4.01, 
      "num_lifts": 56, 
      "name": "Pico Mountain", 
      "source": "jsons/ski_area_elevations//north-america-latest.json", 
      "min_elev": 610, 
      "uid": "6f71fd7c-fa65-4461-95e8-faaaffda32ff"
    }
  ], 
  "end_x": 7074.869677099661, 
  "num": 6445, 
  "zoom": 14, 
  "start_x": 7073.772117422792
}