{
  "shown": [], 
  "end_x": 7077.0647964534, 
  "num": 6447, 
  "zoom": 14, 
  "start_x": 7075.967236776531
}