{
  "shown": [], 
  "end_x": 709.0235512575832, 
  "num": 645, 
  "zoom": 14, 
  "start_x": 707.9259915807139
}