{
  "shown": [], 
  "end_x": 7089.137952898964, 
  "num": 6458, 
  "zoom": 14, 
  "start_x": 7088.040393222094
}