{
  "shown": [], 
  "end_x": 7101.2111093445255, 
  "num": 6469, 
  "zoom": 14, 
  "start_x": 7100.113549667656
}