{
  "shown": [], 
  "end_x": 7108.8940270826115, 
  "num": 6476, 
  "zoom": 14, 
  "start_x": 7107.796467405742
}