{
  "shown": [], 
  "end_x": 712.3162302881913, 
  "num": 648, 
  "zoom": 14, 
  "start_x": 711.218670611322
}