{
  "shown": [
    {
      "max_elev": 1187, 
      "uid": "6d31abf1-7c82-4702-b719-65f421ff843f", 
      "area": 2.31, 
      "num_lifts": 3, 
      "source": "jsons/ski_area_elevations//north-america-latest.json", 
      "min_elev": 769, 
      "cumarea": 7115.175744996598
    }
  ], 
  "end_x": 7115.479385143828, 
  "num": 6482, 
  "zoom": 14, 
  "start_x": 7114.381825466959
}