{
  "shown": [], 
  "end_x": 7116.5769448206975, 
  "num": 6483, 
  "zoom": 14, 
  "start_x": 7115.479385143828
}