{
  "shown": [], 
  "end_x": 7117.674504497567, 
  "num": 6484, 
  "zoom": 14, 
  "start_x": 7116.5769448206975
}