{
  "shown": [], 
  "end_x": 7125.357422235651, 
  "num": 6491, 
  "zoom": 14, 
  "start_x": 7124.259862558782
}