{
  "shown": [], 
  "end_x": 7128.650101266259, 
  "num": 6494, 
  "zoom": 14, 
  "start_x": 7127.55254158939
}