{
  "shown": [], 
  "end_x": 714.51134964193, 
  "num": 650, 
  "zoom": 14, 
  "start_x": 713.4137899650607
}