{
  "shown": [], 
  "end_x": 7142.91837706556, 
  "num": 6507, 
  "zoom": 14, 
  "start_x": 7141.820817388691
}