{
  "shown": [], 
  "end_x": 7157.186652864861, 
  "num": 6520, 
  "zoom": 14, 
  "start_x": 7156.089093187992
}