{
  "shown": [], 
  "end_x": 7162.674451249208, 
  "num": 6525, 
  "zoom": 14, 
  "start_x": 7161.576891572338
}