{
  "shown": [], 
  "end_x": 7178.040286725378, 
  "num": 6539, 
  "zoom": 14, 
  "start_x": 7176.9427270485085
}