{
  "shown": [], 
  "end_x": 7183.528085109725, 
  "num": 6544, 
  "zoom": 14, 
  "start_x": 7182.430525432856
}