{
  "shown": [], 
  "end_x": 7186.820764140333, 
  "num": 6547, 
  "zoom": 14, 
  "start_x": 7185.723204463464
}