{
  "shown": [], 
  "end_x": 7189.015883494072, 
  "num": 6549, 
  "zoom": 14, 
  "start_x": 7187.918323817203
}