{
  "shown": [], 
  "end_x": 721.0967077031459, 
  "num": 656, 
  "zoom": 14, 
  "start_x": 719.9991480262765
}