{
  "shown": [], 
  "end_x": 7205.479278647112, 
  "num": 6564, 
  "zoom": 14, 
  "start_x": 7204.381718970242
}