{
  "shown": [], 
  "end_x": 7210.967077031457, 
  "num": 6569, 
  "zoom": 14, 
  "start_x": 7209.8695173545875
}