{
  "shown": [], 
  "end_x": 723.2918270568845, 
  "num": 658, 
  "zoom": 14, 
  "start_x": 722.1942673800152
}