{
  "shown": [
    {
      "max_elev": 1172, 
      "uid": "1b5ccce8-ba4c-4f2c-ba17-791a1757bab7", 
      "area": 1.9000000000000001, 
      "num_lifts": 1, 
      "source": "jsons/ski_area_elevations//asia-latest.json", 
      "min_elev": 949, 
      "cumarea": 7227.408333969817
    }
  ], 
  "end_x": 7227.430472184498, 
  "num": 6584, 
  "zoom": 14, 
  "start_x": 7226.332912507629
}