{
  "shown": [], 
  "end_x": 7235.113389922583, 
  "num": 6591, 
  "zoom": 14, 
  "start_x": 7234.015830245715
}