{
  "shown": [], 
  "end_x": 7237.308509276321, 
  "num": 6593, 
  "zoom": 14, 
  "start_x": 7236.210949599452
}