{
  "shown": [], 
  "end_x": 7239.50362863006, 
  "num": 6595, 
  "zoom": 14, 
  "start_x": 7238.406068953191
}