{
  "shown": [], 
  "end_x": 725.4869464106231, 
  "num": 660, 
  "zoom": 14, 
  "start_x": 724.3893867337538
}