{
  "shown": [
    {
      "max_elev": 1166, 
      "uid": "ef1ea7b9-4222-46bf-baf2-409f3269582b", 
      "area": 2.64, 
      "num_lifts": 8, 
      "source": "jsons/ski_area_elevations//europe-latest.json", 
      "min_elev": 601, 
      "cumarea": 7261.008701151754
    }
  ], 
  "end_x": 7261.454822167448, 
  "num": 6615, 
  "zoom": 14, 
  "start_x": 7260.357262490579
}