{
  "shown": [], 
  "end_x": 7262.552381844316, 
  "num": 6616, 
  "zoom": 14, 
  "start_x": 7261.454822167448
}