{
  "shown": [], 
  "end_x": 7268.040180228663, 
  "num": 6621, 
  "zoom": 14, 
  "start_x": 7266.942620551794
}