{
  "shown": [], 
  "end_x": 7273.52797861301, 
  "num": 6626, 
  "zoom": 14, 
  "start_x": 7272.430418936141
}