{
  "shown": [], 
  "end_x": 7280.113336674225, 
  "num": 6632, 
  "zoom": 14, 
  "start_x": 7279.015776997357
}