{
  "shown": [], 
  "end_x": 7283.406015704833, 
  "num": 6635, 
  "zoom": 14, 
  "start_x": 7282.308456027964
}