{
  "shown": [], 
  "end_x": 7287.796254412311, 
  "num": 6639, 
  "zoom": 14, 
  "start_x": 7286.698694735442
}