{
  "shown": [], 
  "end_x": 7294.381612473528, 
  "num": 6645, 
  "zoom": 14, 
  "start_x": 7293.284052796658
}