{
  "shown": [], 
  "end_x": 7332.796201163952, 
  "num": 6680, 
  "zoom": 14, 
  "start_x": 7331.6986414870835
}