{
  "shown": [], 
  "end_x": 7343.771797932646, 
  "num": 6690, 
  "zoom": 14, 
  "start_x": 7342.674238255777
}