{
  "shown": [], 
  "end_x": 7356.9425140550775, 
  "num": 6702, 
  "zoom": 14, 
  "start_x": 7355.844954378208
}