{
  "shown": [], 
  "end_x": 7362.430312439425, 
  "num": 6707, 
  "zoom": 14, 
  "start_x": 7361.332752762555
}