{
  "shown": [], 
  "end_x": 7365.722991470033, 
  "num": 6710, 
  "zoom": 14, 
  "start_x": 7364.625431793163
}