{
  "shown": [], 
  "end_x": 7382.186386623072, 
  "num": 6725, 
  "zoom": 14, 
  "start_x": 7381.088826946203
}