{
  "shown": [], 
  "end_x": 7387.6741850074195, 
  "num": 6730, 
  "zoom": 14, 
  "start_x": 7386.57662533055
}