{
  "shown": [], 
  "end_x": 7388.771744684289, 
  "num": 6731, 
  "zoom": 14, 
  "start_x": 7387.6741850074195
}