{
  "shown": [], 
  "end_x": 7404.137580160459, 
  "num": 6745, 
  "zoom": 14, 
  "start_x": 7403.04002048359
}