{
  "shown": [
    {
      "max_elev": 1142, 
      "uid": "e153fc9e-b5e2-4c80-b6bd-a6eea7bf4e84", 
      "area": 1.81, 
      "num_lifts": 1, 
      "source": "jsons/ski_area_elevations//europe-latest.json", 
      "min_elev": 1074, 
      "cumarea": 7405.5062489527645
    }
  ], 
  "end_x": 7406.332699514198, 
  "num": 6747, 
  "zoom": 14, 
  "start_x": 7405.2351398373285
}