{
  "shown": [], 
  "end_x": 7420.600975313499, 
  "num": 6760, 
  "zoom": 14, 
  "start_x": 7419.50341563663
}