{
  "shown": [], 
  "end_x": 7422.796094667237, 
  "num": 6762, 
  "zoom": 14, 
  "start_x": 7421.698534990368
}