{
  "shown": [], 
  "end_x": 744.1454609174016, 
  "num": 677, 
  "zoom": 14, 
  "start_x": 743.0479012405323
}