{
  "shown": [], 
  "end_x": 7433.771691435932, 
  "num": 6772, 
  "zoom": 14, 
  "start_x": 7432.674131759062
}