{
  "shown": [], 
  "end_x": 7434.869251112801, 
  "num": 6773, 
  "zoom": 14, 
  "start_x": 7433.771691435932
}