{
  "shown": [], 
  "end_x": 7444.747288204624, 
  "num": 6782, 
  "zoom": 14, 
  "start_x": 7443.649728527755
}