{
  "shown": [], 
  "end_x": 7450.235086588971, 
  "num": 6787, 
  "zoom": 14, 
  "start_x": 7449.137526912102
}