{
  "shown": [], 
  "end_x": 7451.332646265841, 
  "num": 6788, 
  "zoom": 14, 
  "start_x": 7450.235086588971
}