{
  "shown": [
    {
      "max_elev": 1133, 
      "uid": "5d9281c9-a5aa-4397-aef5-a4c0a4146f94", 
      "area": 1.94, 
      "num_lifts": 4, 
      "source": "jsons/ski_area_elevations//europe-latest.json", 
      "min_elev": 770, 
      "cumarea": 7451.4075167401015
    }
  ], 
  "end_x": 7452.43020594271, 
  "num": 6789, 
  "zoom": 14, 
  "start_x": 7451.332646265841
}