{
  "shown": [
    {
      "max_elev": 1127, 
      "uid": "3679a471-152f-4a1c-b3f7-a212c9630c1e", 
      "area": 2.38, 
      "num_lifts": 11, 
      "source": "jsons/ski_area_elevations//europe-latest.json", 
      "min_elev": 821, 
      "cumarea": 7484.700139829661
    }
  ], 
  "end_x": 7485.356996248789, 
  "num": 6819, 
  "zoom": 14, 
  "start_x": 7484.25943657192
}