{
  "shown": [], 
  "end_x": 750.7308189786177, 
  "num": 683, 
  "zoom": 14, 
  "start_x": 749.6332593017484
}