{
  "shown": [
    {
      "max_elev": 1122, 
      "uid": "1c130080-72cb-4897-99fa-0d98e71ab838", 
      "area": 2.04, 
      "num_lifts": 2, 
      "source": "jsons/ski_area_elevations//europe-latest.json", 
      "min_elev": 638, 
      "cumarea": 7501.1100718137905
    }
  ], 
  "end_x": 7501.820391401829, 
  "num": 6834, 
  "zoom": 14, 
  "start_x": 7500.722831724959
}