{
  "shown": [], 
  "end_x": 7504.015510755567, 
  "num": 6836, 
  "zoom": 14, 
  "start_x": 7502.917951078698
}