{
  "shown": [
    {
      "max_elev": 1121, 
      "uid": "703de043-605a-49e0-8aee-40df12d24ae6", 
      "area": 1.81, 
      "num_lifts": 1, 
      "source": "jsons/ski_area_elevations//north-america-latest.json", 
      "min_elev": 1121, 
      "cumarea": 7512.107640657817
    }
  ], 
  "end_x": 7512.795988170523, 
  "num": 6844, 
  "zoom": 14, 
  "start_x": 7511.698428493653
}