{
  "shown": [], 
  "end_x": 755.1210576860949, 
  "num": 687, 
  "zoom": 14, 
  "start_x": 754.0234980092256
}