{
  "shown": [], 
  "end_x": 7544.6252187997325, 
  "num": 6873, 
  "zoom": 14, 
  "start_x": 7543.527659122863
}