{
  "shown": [], 
  "end_x": 7550.11301718408, 
  "num": 6878, 
  "zoom": 14, 
  "start_x": 7549.01545750721
}