{
  "shown": [], 
  "end_x": 7558.893494599035, 
  "num": 6886, 
  "zoom": 14, 
  "start_x": 7557.7959349221655
}