{
  "shown": [], 
  "end_x": 7559.9910542759035, 
  "num": 6887, 
  "zoom": 14, 
  "start_x": 7558.893494599035
}