{
  "shown": [], 
  "end_x": 7567.6739720139885, 
  "num": 6894, 
  "zoom": 14, 
  "start_x": 7566.576412337119
}