{
  "shown": [], 
  "end_x": 7569.869091367727, 
  "num": 6896, 
  "zoom": 14, 
  "start_x": 7568.771531690858
}