{
  "shown": [], 
  "end_x": 7573.161770398336, 
  "num": 6899, 
  "zoom": 14, 
  "start_x": 7572.064210721466
}