{
  "shown": [], 
  "end_x": 76.82917738085268, 
  "num": 69, 
  "zoom": 14, 
  "start_x": 75.73161770398336
}