{
  "shown": [], 
  "end_x": 7576.454449428944, 
  "num": 6902, 
  "zoom": 14, 
  "start_x": 7575.3568897520745
}