{
  "shown": [], 
  "end_x": 7578.649568782681, 
  "num": 6904, 
  "zoom": 14, 
  "start_x": 7577.552009105812
}