{
  "shown": [], 
  "end_x": 7580.84468813642, 
  "num": 6906, 
  "zoom": 14, 
  "start_x": 7579.74712845955
}