{
  "shown": [], 
  "end_x": 7581.942247813289, 
  "num": 6907, 
  "zoom": 14, 
  "start_x": 7580.84468813642
}