{
  "shown": [], 
  "end_x": 759.5112963935721, 
  "num": 691, 
  "zoom": 14, 
  "start_x": 758.4137367167028
}