{
  "shown": [], 
  "end_x": 7586.332486520767, 
  "num": 6911, 
  "zoom": 14, 
  "start_x": 7585.2349268438975
}