{
  "shown": [], 
  "end_x": 7587.430046197636, 
  "num": 6912, 
  "zoom": 14, 
  "start_x": 7586.332486520767
}