{
  "shown": [], 
  "end_x": 7589.625165551375, 
  "num": 6914, 
  "zoom": 14, 
  "start_x": 7588.527605874506
}