{
  "shown": [], 
  "end_x": 7591.820284905114, 
  "num": 6916, 
  "zoom": 14, 
  "start_x": 7590.722725228245
}