{
  "shown": [], 
  "end_x": 7592.917844581983, 
  "num": 6917, 
  "zoom": 14, 
  "start_x": 7591.820284905114
}