{
  "shown": [
    {
      "max_elev": 1111, 
      "uid": "a20477ed-a6be-4b01-ac95-e6caef0ff855", 
      "area": 1.85, 
      "num_lifts": 1, 
      "source": "jsons/ski_area_elevations//europe-latest.json", 
      "min_elev": 1035, 
      "cumarea": 7593.084268352507
    }
  ], 
  "end_x": 7594.015404258853, 
  "num": 6918, 
  "zoom": 14, 
  "start_x": 7592.917844581983
}