{
  "shown": [
    {
      "max_elev": 1111, 
      "uid": "27f567fd-4edc-4827-9792-61bb4a4a3a6d", 
      "area": 1.82, 
      "num_lifts": 1, 
      "source": "jsons/ski_area_elevations//europe-latest.json", 
      "min_elev": 924, 
      "cumarea": 7595.683104853596
    }
  ], 
  "end_x": 7596.21052361259, 
  "num": 6920, 
  "zoom": 14, 
  "start_x": 7595.112963935721
}