{
  "shown": [], 
  "end_x": 7599.503202643198, 
  "num": 6923, 
  "zoom": 14, 
  "start_x": 7598.405642966329
}