{
  "shown": [], 
  "end_x": 7608.283680058154, 
  "num": 6931, 
  "zoom": 14, 
  "start_x": 7607.186120381284
}