{
  "shown": [], 
  "end_x": 7619.259276826846, 
  "num": 6941, 
  "zoom": 14, 
  "start_x": 7618.1617171499765
}