{
  "shown": [], 
  "end_x": 7622.551955857454, 
  "num": 6944, 
  "zoom": 14, 
  "start_x": 7621.454396180585
}