{
  "shown": [], 
  "end_x": 7626.942194564932, 
  "num": 6948, 
  "zoom": 14, 
  "start_x": 7625.8446348880625
}