{
  "shown": [], 
  "end_x": 763.9015351010495, 
  "num": 695, 
  "zoom": 14, 
  "start_x": 762.8039754241802
}