{
  "shown": [], 
  "end_x": 7630.234873595539, 
  "num": 6951, 
  "zoom": 14, 
  "start_x": 7629.137313918671
}