{
  "shown": [], 
  "end_x": 7635.7226719798855, 
  "num": 6956, 
  "zoom": 14, 
  "start_x": 7634.625112303016
}