{
  "shown": [], 
  "end_x": 7652.186067132927, 
  "num": 6971, 
  "zoom": 14, 
  "start_x": 7651.088507456057
}