{
  "shown": [], 
  "end_x": 7657.673865517272, 
  "num": 6976, 
  "zoom": 14, 
  "start_x": 7656.576305840404
}