{
  "shown": [], 
  "end_x": 7662.06410422475, 
  "num": 6980, 
  "zoom": 14, 
  "start_x": 7660.96654454788
}