{
  "shown": [], 
  "end_x": 7663.161663901619, 
  "num": 6981, 
  "zoom": 14, 
  "start_x": 7662.06410422475
}