{
  "shown": [], 
  "end_x": 7669.747021962836, 
  "num": 6987, 
  "zoom": 14, 
  "start_x": 7668.649462285966
}