{
  "shown": [], 
  "end_x": 7677.429939700922, 
  "num": 6994, 
  "zoom": 14, 
  "start_x": 7676.332380024052
}