{
  "shown": [], 
  "end_x": 7678.527499377791, 
  "num": 6995, 
  "zoom": 14, 
  "start_x": 7677.429939700922
}