{
  "shown": [], 
  "end_x": 7682.917738085268, 
  "num": 6999, 
  "zoom": 14, 
  "start_x": 7681.820178408399
}