{
  "shown": [], 
  "end_x": 7689.503096146484, 
  "num": 7005, 
  "zoom": 14, 
  "start_x": 7688.405536469614
}