{
  "shown": [], 
  "end_x": 7694.990894530831, 
  "num": 7010, 
  "zoom": 14, 
  "start_x": 7693.893334853961
}