{
  "shown": [], 
  "end_x": 7699.381133238308, 
  "num": 7014, 
  "zoom": 14, 
  "start_x": 7698.283573561439
}