{
  "shown": [], 
  "end_x": 7702.673812268915, 
  "num": 7017, 
  "zoom": 14, 
  "start_x": 7701.576252592045
}