{
  "shown": [], 
  "end_x": 771.5844528391348, 
  "num": 702, 
  "zoom": 14, 
  "start_x": 770.4868931622655
}