{
  "shown": [], 
  "end_x": 7708.161610653262, 
  "num": 7022, 
  "zoom": 14, 
  "start_x": 7707.0640509763925
}