{
  "shown": [], 
  "end_x": 7719.137207421954, 
  "num": 7032, 
  "zoom": 14, 
  "start_x": 7718.039647745086
}