{
  "shown": [], 
  "end_x": 7724.6250058063015, 
  "num": 7037, 
  "zoom": 14, 
  "start_x": 7723.527446129432
}