{
  "shown": [], 
  "end_x": 7737.795721928733, 
  "num": 7049, 
  "zoom": 14, 
  "start_x": 7736.698162251863
}