{
  "shown": [], 
  "end_x": 7743.28352031308, 
  "num": 7054, 
  "zoom": 14, 
  "start_x": 7742.18596063621
}