{
  "shown": [
    {
      "max_elev": 1092, 
      "uid": "22ef5cd3-f228-4617-98fd-d1409fbbeefc", 
      "area": 2.94, 
      "num_lifts": 9, 
      "source": "jsons/ski_area_elevations//europe-latest.json", 
      "min_elev": 576, 
      "cumarea": 7745.044634112822
    }
  ], 
  "end_x": 7745.478639666819, 
  "num": 7056, 
  "zoom": 14, 
  "start_x": 7744.381079989949
}