{
  "shown": [], 
  "end_x": 7746.576199343688, 
  "num": 7057, 
  "zoom": 14, 
  "start_x": 7745.478639666819
}