{
  "shown": [], 
  "end_x": 7749.868878374296, 
  "num": 7060, 
  "zoom": 14, 
  "start_x": 7748.771318697427
}