{
  "shown": [], 
  "end_x": 7757.5517961123805, 
  "num": 7067, 
  "zoom": 14, 
  "start_x": 7756.454236435511
}