{
  "shown": [], 
  "end_x": 777.0722512234813, 
  "num": 707, 
  "zoom": 14, 
  "start_x": 775.974691546612
}