{
  "shown": [], 
  "end_x": 7766.332273527336, 
  "num": 7075, 
  "zoom": 14, 
  "start_x": 7765.2347138504665
}