{
  "shown": [], 
  "end_x": 7769.624952557944, 
  "num": 7078, 
  "zoom": 14, 
  "start_x": 7768.527392881075
}