{
  "shown": [], 
  "end_x": 7784.990788034114, 
  "num": 7092, 
  "zoom": 14, 
  "start_x": 7783.893228357245
}