{
  "shown": [], 
  "end_x": 780.3649302540894, 
  "num": 710, 
  "zoom": 14, 
  "start_x": 779.2673705772199
}