{
  "shown": [], 
  "end_x": 7794.868825125939, 
  "num": 7101, 
  "zoom": 14, 
  "start_x": 7793.77126544907
}