{
  "shown": [], 
  "end_x": 7800.356623510284, 
  "num": 7106, 
  "zoom": 14, 
  "start_x": 7799.259063833415
}