{
  "shown": [], 
  "end_x": 7801.454183187154, 
  "num": 7107, 
  "zoom": 14, 
  "start_x": 7800.356623510284
}