{
  "shown": [], 
  "end_x": 7804.746862217762, 
  "num": 7110, 
  "zoom": 14, 
  "start_x": 7803.649302540893
}