{
  "shown": [], 
  "end_x": 7808.03954124837, 
  "num": 7113, 
  "zoom": 14, 
  "start_x": 7806.941981571501
}