{
  "shown": [], 
  "end_x": 7817.917578340195, 
  "num": 7122, 
  "zoom": 14, 
  "start_x": 7816.820018663326
}