{
  "shown": [], 
  "end_x": 7825.600496078279, 
  "num": 7129, 
  "zoom": 14, 
  "start_x": 7824.50293640141
}