{
  "shown": [], 
  "end_x": 7826.698055755149, 
  "num": 7130, 
  "zoom": 14, 
  "start_x": 7825.600496078279
}