{
  "shown": [], 
  "end_x": 7828.893175108888, 
  "num": 7132, 
  "zoom": 14, 
  "start_x": 7827.795615432018
}