{
  "shown": [
    {
      "max_elev": 1080, 
      "uid": "49d8ae73-2a88-4baf-a1f6-697444fdb5ac", 
      "area": 1.9100000000000001, 
      "num_lifts": 2, 
      "source": "jsons/ski_area_elevations//europe-latest.json", 
      "min_elev": 844, 
      "cumarea": 7829.4613461750505
    }
  ], 
  "end_x": 7829.990734785757, 
  "num": 7133, 
  "zoom": 14, 
  "start_x": 7828.893175108888
}