{
  "shown": [], 
  "end_x": 7834.380973493235, 
  "num": 7137, 
  "zoom": 14, 
  "start_x": 7833.283413816365
}