{
  "shown": [], 
  "end_x": 7836.576092846974, 
  "num": 7139, 
  "zoom": 14, 
  "start_x": 7835.478533170104
}