{
  "shown": [], 
  "end_x": 784.7551689615667, 
  "num": 714, 
  "zoom": 14, 
  "start_x": 783.6576092846974
}