{
  "shown": [], 
  "end_x": 7844.259010585058, 
  "num": 7146, 
  "zoom": 14, 
  "start_x": 7843.161450908188
}