{
  "shown": [], 
  "end_x": 7847.551689615666, 
  "num": 7149, 
  "zoom": 14, 
  "start_x": 7846.4541299387965
}