{
  "shown": [
    {
      "max_elev": 1076, 
      "uid": "f15d19a8-26df-47a6-8223-c9c1e0762f67", 
      "area": 1.87, 
      "num_lifts": 1, 
      "source": "jsons/ski_area_elevations//asia-latest.json", 
      "min_elev": 790, 
      "cumarea": 7856.243340501916
    }
  ], 
  "end_x": 7856.332167030621, 
  "num": 7157, 
  "zoom": 14, 
  "start_x": 7855.234607353752
}