{
  "shown": [], 
  "end_x": 7862.917525091836, 
  "num": 7163, 
  "zoom": 14, 
  "start_x": 7861.819965414967
}