{
  "shown": [
    {
      "max_elev": 1074, 
      "uid": "1d3ee55c-3c63-4824-a4af-98199955c19e", 
      "area": 1.85, 
      "num_lifts": 1, 
      "source": "jsons/ski_area_elevations//europe-latest.json", 
      "min_elev": 851, 
      "cumarea": 7864.222165811561
    }
  ], 
  "end_x": 7865.112644445575, 
  "num": 7165, 
  "zoom": 14, 
  "start_x": 7864.0150847687055
}