{
  "shown": [
    {
      "max_elev": 1074, 
      "uid": "2811268d-a93a-4611-95ee-6c15e318a2dc", 
      "area": 1.82, 
      "num_lifts": 1, 
      "source": "jsons/ski_area_elevations//europe-latest.json", 
      "min_elev": 454, 
      "cumarea": 7866.82100231265
    }
  ], 
  "end_x": 7867.307763799314, 
  "num": 7167, 
  "zoom": 14, 
  "start_x": 7866.210204122444
}