{
  "shown": [], 
  "end_x": 7876.088241214268, 
  "num": 7175, 
  "zoom": 14, 
  "start_x": 7874.9906815374
}