{
  "shown": [], 
  "end_x": 7877.185800891137, 
  "num": 7176, 
  "zoom": 14, 
  "start_x": 7876.088241214268
}