{
  "shown": [], 
  "end_x": 7888.161397659831, 
  "num": 7186, 
  "zoom": 14, 
  "start_x": 7887.063837982962
}