{
  "shown": [], 
  "end_x": 7891.454076690439, 
  "num": 7189, 
  "zoom": 14, 
  "start_x": 7890.35651701357
}