{
  "shown": [], 
  "end_x": 7896.941875074785, 
  "num": 7194, 
  "zoom": 14, 
  "start_x": 7895.844315397915
}