{
  "shown": [], 
  "end_x": 80.12185641146066, 
  "num": 72, 
  "zoom": 14, 
  "start_x": 79.02429673459133
}