{
  "shown": [], 
  "end_x": 7907.917471843479, 
  "num": 7204, 
  "zoom": 14, 
  "start_x": 7906.819912166609
}