{
  "shown": [], 
  "end_x": 7913.405270227824, 
  "num": 7209, 
  "zoom": 14, 
  "start_x": 7912.307710550955
}