{
  "shown": [], 
  "end_x": 7918.893068612171, 
  "num": 7214, 
  "zoom": 14, 
  "start_x": 7917.795508935302
}