{
  "shown": [
    {
      "max_elev": 1064, 
      "uid": "63304f40-6964-41a4-a7cc-035420b5fe57", 
      "area": 1.81, 
      "num_lifts": 1, 
      "source": "jsons/ski_area_elevations//europe-latest.json", 
      "min_elev": 1032, 
      "cumarea": 7925.066578138339
    }
  ], 
  "end_x": 7925.478426673388, 
  "num": 7220, 
  "zoom": 14, 
  "start_x": 7924.380866996518
}