{
  "shown": [], 
  "end_x": 7932.063784734604, 
  "num": 7226, 
  "zoom": 14, 
  "start_x": 7930.966225057735
}