{
  "shown": [
    {
      "max_elev": 1063, 
      "uid": "88e29361-9d3a-4019-951e-a3e4927119e9", 
      "area": 1.84, 
      "num_lifts": 1, 
      "source": "jsons/ski_area_elevations//europe-latest.json", 
      "min_elev": 433, 
      "cumarea": 7935.624525562456
    }
  ], 
  "end_x": 7936.454023442082, 
  "num": 7230, 
  "zoom": 14, 
  "start_x": 7935.3564637652125
}