{
  "shown": [], 
  "end_x": 7972.673492778769, 
  "num": 7263, 
  "zoom": 14, 
  "start_x": 7971.5759331019
}