{
  "shown": [], 
  "end_x": 7973.771052455639, 
  "num": 7264, 
  "zoom": 14, 
  "start_x": 7972.673492778769
}