{
  "shown": [], 
  "end_x": 7979.258850839986, 
  "num": 7269, 
  "zoom": 14, 
  "start_x": 7978.161291163116
}