{
  "shown": [
    {
      "max_elev": 2734, 
      "cumarea": 797.9959133404095, 
      "area": 8.02, 
      "num_lifts": 38, 
      "name": "La Norma", 
      "source": "jsons/ski_area_elevations//europe-latest.json", 
      "min_elev": 1354, 
      "uid": "bf3944ec-b78b-4da5-ae52-0503e2895223"
    }
  ], 
  "end_x": 799.0234447608678, 
  "num": 727, 
  "zoom": 14, 
  "start_x": 797.9258850839985
}