{
  "shown": [], 
  "end_x": 7990.234447608678, 
  "num": 7279, 
  "zoom": 14, 
  "start_x": 7989.136887931809
}