{
  "shown": [
    {
      "max_elev": 1056, 
      "uid": "59ede5dc-0319-4359-9d36-bd73e43cc56c", 
      "area": 2.49, 
      "num_lifts": 9, 
      "source": "jsons/ski_area_elevations//europe-latest.json", 
      "min_elev": 488, 
      "cumarea": 7993.688259054446
    }
  ], 
  "end_x": 7994.624686316156, 
  "num": 7283, 
  "zoom": 14, 
  "start_x": 7993.5271266392865
}