{
  "shown": [], 
  "end_x": 8011.0880814691955, 
  "num": 7298, 
  "zoom": 14, 
  "start_x": 8009.990521792326
}