{
  "shown": [], 
  "end_x": 802.3161237914759, 
  "num": 730, 
  "zoom": 14, 
  "start_x": 801.2185641146066
}