{
  "shown": [], 
  "end_x": 8016.575879853542, 
  "num": 7303, 
  "zoom": 14, 
  "start_x": 8015.478320176673
}