{
  "shown": [], 
  "end_x": 8025.356357268496, 
  "num": 7311, 
  "zoom": 14, 
  "start_x": 8024.258797591627
}