{
  "shown": [
    {
      "max_elev": 1051, 
      "uid": "b8e6de6d-1cb5-454c-90f3-72a2cc9c8086", 
      "area": 1.84, 
      "num_lifts": 1, 
      "source": "jsons/ski_area_elevations//south-america-latest.json", 
      "min_elev": 901, 
      "cumarea": 8028.607573405024
    }
  ], 
  "end_x": 8028.649036299104, 
  "num": 7314, 
  "zoom": 14, 
  "start_x": 8027.551476622235
}