{
  "shown": [], 
  "end_x": 804.5112431452145, 
  "num": 732, 
  "zoom": 14, 
  "start_x": 803.4136834683452
}