{
  "shown": [], 
  "end_x": 8054.990468543967, 
  "num": 7338, 
  "zoom": 14, 
  "start_x": 8053.8929088670975
}