{
  "shown": [], 
  "end_x": 8057.185587897706, 
  "num": 7340, 
  "zoom": 14, 
  "start_x": 8056.088028220836
}