{
  "shown": [], 
  "end_x": 8063.770945958922, 
  "num": 7346, 
  "zoom": 14, 
  "start_x": 8062.673386282053
}