{
  "shown": [], 
  "end_x": 807.8039221758224, 
  "num": 735, 
  "zoom": 14, 
  "start_x": 806.7063624989531
}