{
  "shown": [], 
  "end_x": 8070.356304020139, 
  "num": 7352, 
  "zoom": 14, 
  "start_x": 8069.258744343269
}