{
  "shown": [], 
  "end_x": 8081.331900788831, 
  "num": 7362, 
  "zoom": 14, 
  "start_x": 8080.234341111962
}