{
  "shown": [], 
  "end_x": 8089.014818526917, 
  "num": 7369, 
  "zoom": 14, 
  "start_x": 8087.917258850048
}