{
  "shown": [], 
  "end_x": 8097.795295941873, 
  "num": 7377, 
  "zoom": 14, 
  "start_x": 8096.697736265003
}