{
  "shown": [], 
  "end_x": 8101.087974972481, 
  "num": 7380, 
  "zoom": 14, 
  "start_x": 8099.9904152956115
}