{
  "shown": [], 
  "end_x": 8103.28309432622, 
  "num": 7382, 
  "zoom": 14, 
  "start_x": 8102.18553464935
}