{
  "shown": [], 
  "end_x": 8108.770892710565, 
  "num": 7387, 
  "zoom": 14, 
  "start_x": 8107.673333033696
}