{
  "shown": [], 
  "end_x": 8112.063571741173, 
  "num": 7390, 
  "zoom": 14, 
  "start_x": 8110.966012064304
}