{
  "shown": [], 
  "end_x": 8117.55137012552, 
  "num": 7395, 
  "zoom": 14, 
  "start_x": 8116.453810448651
}