{
  "shown": [], 
  "end_x": 813.291720560169, 
  "num": 740, 
  "zoom": 14, 
  "start_x": 812.1941608832997
}