{
  "shown": [], 
  "end_x": 8129.624526571082, 
  "num": 7406, 
  "zoom": 14, 
  "start_x": 8128.526966894213
}