{
  "shown": [], 
  "end_x": 8130.722086247952, 
  "num": 7407, 
  "zoom": 14, 
  "start_x": 8129.624526571082
}