{
  "shown": [], 
  "end_x": 8141.697683016644, 
  "num": 7417, 
  "zoom": 14, 
  "start_x": 8140.600123339775
}