{
  "shown": [], 
  "end_x": 8143.892802370383, 
  "num": 7419, 
  "zoom": 14, 
  "start_x": 8142.7952426935135
}