{
  "shown": [], 
  "end_x": 8149.38060075473, 
  "num": 7424, 
  "zoom": 14, 
  "start_x": 8148.283041077861
}