{
  "shown": [], 
  "end_x": 8154.868399139077, 
  "num": 7429, 
  "zoom": 14, 
  "start_x": 8153.770839462208
}