{
  "shown": [], 
  "end_x": 8160.356197523422, 
  "num": 7434, 
  "zoom": 14, 
  "start_x": 8159.258637846553
}