{
  "shown": [], 
  "end_x": 8165.84399590777, 
  "num": 7439, 
  "zoom": 14, 
  "start_x": 8164.7464362309
}