{
  "shown": [], 
  "end_x": 8168.039115261508, 
  "num": 7441, 
  "zoom": 14, 
  "start_x": 8166.941555584639
}