{
  "shown": [], 
  "end_x": 8169.136674938378, 
  "num": 7442, 
  "zoom": 14, 
  "start_x": 8168.039115261508
}