{
  "shown": [
    {
      "max_elev": 1036, 
      "uid": "41e97e41-361d-466f-8939-5060ed8224b6", 
      "area": 3.5, 
      "num_lifts": 18, 
      "source": "jsons/ski_area_elevations//europe-latest.json", 
      "min_elev": 651, 
      "cumarea": 8169.364118861765
    }
  ], 
  "end_x": 8170.234234615247, 
  "num": 7443, 
  "zoom": 14, 
  "start_x": 8169.136674938378
}