{
  "shown": [], 
  "end_x": 8171.331794292117, 
  "num": 7444, 
  "zoom": 14, 
  "start_x": 8170.234234615247
}