{
  "shown": [], 
  "end_x": 8174.624473322725, 
  "num": 7447, 
  "zoom": 14, 
  "start_x": 8173.5269136458555
}