{
  "shown": [], 
  "end_x": 818.7795189445158, 
  "num": 745, 
  "zoom": 14, 
  "start_x": 817.6819592676463
}