{
  "shown": [], 
  "end_x": 8183.404950737679, 
  "num": 7455, 
  "zoom": 14, 
  "start_x": 8182.307391060811
}