{
  "shown": [], 
  "end_x": 8185.600070091417, 
  "num": 7457, 
  "zoom": 14, 
  "start_x": 8184.502510414548
}