{
  "shown": [], 
  "end_x": 8189.990308798895, 
  "num": 7461, 
  "zoom": 14, 
  "start_x": 8188.892749122026
}