{
  "shown": [], 
  "end_x": 8207.551263628804, 
  "num": 7477, 
  "zoom": 14, 
  "start_x": 8206.453703951935
}