{
  "shown": [], 
  "end_x": 8208.648823305673, 
  "num": 7478, 
  "zoom": 14, 
  "start_x": 8207.551263628804
}