{
  "shown": [
    {
      "max_elev": 2716, 
      "cumarea": 821.6644049652335, 
      "area": 10.09, 
      "num_lifts": 30, 
      "name": "Valfr\u00e9jus", 
      "source": "jsons/ski_area_elevations//europe-latest.json", 
      "min_elev": 1557, 
      "uid": "1b53cf05-48af-46c2-98b0-f25269ed7014"
    }
  ], 
  "end_x": 822.0721979751237, 
  "num": 748, 
  "zoom": 14, 
  "start_x": 820.9746382982544
}