{
  "shown": [], 
  "end_x": 8221.819539428107, 
  "num": 7490, 
  "zoom": 14, 
  "start_x": 8220.721979751237
}