{
  "shown": [], 
  "end_x": 8224.014658781845, 
  "num": 7492, 
  "zoom": 14, 
  "start_x": 8222.917099104976
}