{
  "shown": [], 
  "end_x": 8227.307337812454, 
  "num": 7495, 
  "zoom": 14, 
  "start_x": 8226.209778135584
}