{
  "shown": [], 
  "end_x": 8230.600016843062, 
  "num": 7498, 
  "zoom": 14, 
  "start_x": 8229.502457166192
}