{
  "shown": [], 
  "end_x": 824.2673173288623, 
  "num": 750, 
  "zoom": 14, 
  "start_x": 823.169757651993
}