{
  "shown": [], 
  "end_x": 8237.185374904275, 
  "num": 7504, 
  "zoom": 14, 
  "start_x": 8236.087815227407
}