{
  "shown": [], 
  "end_x": 8250.356091026708, 
  "num": 7516, 
  "zoom": 14, 
  "start_x": 8249.258531349838
}