{
  "shown": [], 
  "end_x": 8259.136568441663, 
  "num": 7524, 
  "zoom": 14, 
  "start_x": 8258.039008764794
}