{
  "shown": [], 
  "end_x": 827.5599963594702, 
  "num": 753, 
  "zoom": 14, 
  "start_x": 826.4624366826009
}