{
  "shown": [
    {
      "max_elev": 1021, 
      "uid": "5d961ed5-c648-4b72-85b7-232bd15f9507", 
      "area": 1.98, 
      "num_lifts": 2, 
      "source": "jsons/ski_area_elevations//europe-latest.json", 
      "min_elev": 744, 
      "cumarea": 8267.2439402031
    }
  ], 
  "end_x": 8267.917045856619, 
  "num": 7532, 
  "zoom": 14, 
  "start_x": 8266.81948617975
}