{
  "shown": [], 
  "end_x": 8276.69752327157, 
  "num": 7540, 
  "zoom": 14, 
  "start_x": 8275.599963594701
}