{
  "shown": [], 
  "end_x": 8284.380441009656, 
  "num": 7547, 
  "zoom": 14, 
  "start_x": 8283.282881332787
}