{
  "shown": [], 
  "end_x": 8289.868239394003, 
  "num": 7552, 
  "zoom": 14, 
  "start_x": 8288.770679717134
}