{
  "shown": [], 
  "end_x": 8297.55115713209, 
  "num": 7559, 
  "zoom": 14, 
  "start_x": 8296.45359745522
}