{
  "shown": [], 
  "end_x": 830.8526753900782, 
  "num": 756, 
  "zoom": 14, 
  "start_x": 829.7551157132089
}