{
  "shown": [], 
  "end_x": 831.9502350669475, 
  "num": 757, 
  "zoom": 14, 
  "start_x": 830.8526753900782
}