{
  "shown": [], 
  "end_x": 8311.819432931388, 
  "num": 7572, 
  "zoom": 14, 
  "start_x": 8310.721873254519
}