{
  "shown": [], 
  "end_x": 8322.795029700083, 
  "num": 7582, 
  "zoom": 14, 
  "start_x": 8321.697470023213
}