{
  "shown": [], 
  "end_x": 8337.063305499385, 
  "num": 7595, 
  "zoom": 14, 
  "start_x": 8335.965745822516
}