{
  "shown": [], 
  "end_x": 8345.843782914337, 
  "num": 7603, 
  "zoom": 14, 
  "start_x": 8344.746223237467
}