{
  "shown": [], 
  "end_x": 8349.136461944945, 
  "num": 7606, 
  "zoom": 14, 
  "start_x": 8348.038902268076
}