{
  "shown": [], 
  "end_x": 8353.526700652423, 
  "num": 7610, 
  "zoom": 14, 
  "start_x": 8352.429140975553
}