{
  "shown": [], 
  "end_x": 8357.9169393599, 
  "num": 7614, 
  "zoom": 14, 
  "start_x": 8356.819379683031
}