{
  "shown": [], 
  "end_x": 8364.502297421117, 
  "num": 7620, 
  "zoom": 14, 
  "start_x": 8363.404737744248
}