{
  "shown": [], 
  "end_x": 838.5355931281636, 
  "num": 763, 
  "zoom": 14, 
  "start_x": 837.4380334512942
}