{
  "shown": [], 
  "end_x": 8383.160811927894, 
  "num": 7637, 
  "zoom": 14, 
  "start_x": 8382.063252251024
}