{
  "shown": [], 
  "end_x": 8385.355931281632, 
  "num": 7639, 
  "zoom": 14, 
  "start_x": 8384.258371604763
}