{
  "shown": [], 
  "end_x": 8388.64861031224, 
  "num": 7642, 
  "zoom": 14, 
  "start_x": 8387.551050635371
}