{
  "shown": [
    {
      "max_elev": 2699, 
      "cumarea": 840.3191814779524, 
      "area": 15.690000000000001, 
      "num_lifts": 40, 
      "name": "Savognin", 
      "source": "jsons/ski_area_elevations//europe-latest.json", 
      "min_elev": 1171, 
      "uid": "4fe2a479-3a65-42d1-b1d6-35b8e342fd11"
    }
  ], 
  "end_x": 840.7307124819022, 
  "num": 765, 
  "zoom": 14, 
  "start_x": 839.6331528050329
}