{
  "shown": [], 
  "end_x": 8409.50224417276, 
  "num": 7661, 
  "zoom": 14, 
  "start_x": 8408.40468449589
}