{
  "shown": [], 
  "end_x": 8416.087602233976, 
  "num": 7667, 
  "zoom": 14, 
  "start_x": 8414.990042557107
}