{
  "shown": [], 
  "end_x": 8423.770519972062, 
  "num": 7674, 
  "zoom": 14, 
  "start_x": 8422.672960295193
}