{
  "shown": [], 
  "end_x": 8430.355878033275, 
  "num": 7680, 
  "zoom": 14, 
  "start_x": 8429.258318356407
}