{
  "shown": [
    {
      "max_elev": 1007, 
      "uid": "e5b176e8-1803-4b30-ab80-e7934ea94fed", 
      "area": 1.81, 
      "num_lifts": 1, 
      "source": "jsons/ski_area_elevations//europe-latest.json", 
      "min_elev": 937, 
      "cumarea": 8436.040517426894
    }
  ], 
  "end_x": 8436.941236094492, 
  "num": 7686, 
  "zoom": 14, 
  "start_x": 8435.843676417622
}