{
  "shown": [], 
  "end_x": 8440.2339151251, 
  "num": 7689, 
  "zoom": 14, 
  "start_x": 8439.13635544823
}