{
  "shown": [
    {
      "max_elev": 1006, 
      "uid": "2756c5e8-bcfd-4ad2-992b-04f063563eee", 
      "area": 1.87, 
      "num_lifts": 1, 
      "source": "jsons/ski_area_elevations//asia-latest.json", 
      "min_elev": 832, 
      "cumarea": 8441.259782703039
    }
  ], 
  "end_x": 8441.33147480197, 
  "num": 7690, 
  "zoom": 14, 
  "start_x": 8440.2339151251
}