{
  "shown": [], 
  "end_x": 8446.819273186316, 
  "num": 7695, 
  "zoom": 14, 
  "start_x": 8445.721713509447
}