{
  "shown": [], 
  "end_x": 846.2185108662487, 
  "num": 770, 
  "zoom": 14, 
  "start_x": 845.1209511893794
}