{
  "shown": [], 
  "end_x": 8454.502190924402, 
  "num": 7702, 
  "zoom": 14, 
  "start_x": 8453.404631247533
}