{
  "shown": [], 
  "end_x": 8456.697310278141, 
  "num": 7704, 
  "zoom": 14, 
  "start_x": 8455.599750601272
}