{
  "shown": [], 
  "end_x": 8463.282668339358, 
  "num": 7710, 
  "zoom": 14, 
  "start_x": 8462.185108662488
}