{
  "shown": [], 
  "end_x": 8470.965586077444, 
  "num": 7717, 
  "zoom": 14, 
  "start_x": 8469.868026400574
}