{
  "shown": [], 
  "end_x": 8474.258265108052, 
  "num": 7720, 
  "zoom": 14, 
  "start_x": 8473.160705431183
}