{
  "shown": [], 
  "end_x": 8478.64850381553, 
  "num": 7724, 
  "zoom": 14, 
  "start_x": 8477.55094413866
}