{
  "shown": [], 
  "end_x": 8484.136302199873, 
  "num": 7729, 
  "zoom": 14, 
  "start_x": 8483.038742523004
}