{
  "shown": [], 
  "end_x": 849.5111898968566, 
  "num": 773, 
  "zoom": 14, 
  "start_x": 848.4136302199873
}