{
  "shown": [], 
  "end_x": 8495.111898968567, 
  "num": 7739, 
  "zoom": 14, 
  "start_x": 8494.014339291698
}