{
  "shown": [], 
  "end_x": 8509.38017476787, 
  "num": 7752, 
  "zoom": 14, 
  "start_x": 8508.282615091
}