{
  "shown": [], 
  "end_x": 8512.672853798478, 
  "num": 7755, 
  "zoom": 14, 
  "start_x": 8511.575294121609
}