{
  "shown": [], 
  "end_x": 8514.867973152217, 
  "num": 7757, 
  "zoom": 14, 
  "start_x": 8513.770413475348
}