{
  "shown": [], 
  "end_x": 8520.35577153656, 
  "num": 7762, 
  "zoom": 14, 
  "start_x": 8519.258211859691
}