{
  "shown": [], 
  "end_x": 8525.843569920908, 
  "num": 7767, 
  "zoom": 14, 
  "start_x": 8524.746010244038
}