{
  "shown": [
    {
      "max_elev": 995, 
      "uid": "a20ad58e-6ba0-42ca-938b-fe3771acaa14", 
      "area": 1.82, 
      "num_lifts": 3, 
      "source": "jsons/ski_area_elevations//europe-latest.json", 
      "min_elev": 740, 
      "cumarea": 8525.9950071243
    }
  ], 
  "end_x": 8526.941129597777, 
  "num": 7768, 
  "zoom": 14, 
  "start_x": 8525.843569920908
}