{
  "shown": [], 
  "end_x": 8530.233808628385, 
  "num": 7771, 
  "zoom": 14, 
  "start_x": 8529.136248951516
}