{
  "shown": [], 
  "end_x": 8531.331368305255, 
  "num": 7772, 
  "zoom": 14, 
  "start_x": 8530.233808628385
}