{
  "shown": [], 
  "end_x": 8536.819166689602, 
  "num": 7777, 
  "zoom": 14, 
  "start_x": 8535.721607012732
}