{
  "shown": [
    {
      "max_elev": 993, 
      "uid": "d8b83919-e422-437e-9a6c-4203e3d21b71", 
      "area": 2.0, 
      "num_lifts": 3, 
      "source": "jsons/ski_area_elevations//europe-latest.json", 
      "min_elev": 808, 
      "cumarea": 8537.075073193319
    }
  ], 
  "end_x": 8537.916726366471, 
  "num": 7778, 
  "zoom": 14, 
  "start_x": 8536.819166689602
}