{
  "shown": [], 
  "end_x": 8539.01428604334, 
  "num": 7779, 
  "zoom": 14, 
  "start_x": 8537.916726366471
}