{
  "shown": [], 
  "end_x": 854.9989882812034, 
  "num": 778, 
  "zoom": 14, 
  "start_x": 853.9014286043341
}