{
  "shown": [
    {
      "max_elev": 2689, 
      "cumarea": 855.2960678572673, 
      "area": 8.6, 
      "num_lifts": 25, 
      "name": "Lagazuoi - Cinque Torri / Passo Falzarego", 
      "source": "jsons/ski_area_elevations//europe-latest.json", 
      "min_elev": 1888, 
      "uid": "77a22292-0f5f-40c5-ab7a-d00f33130c3d"
    }
  ], 
  "end_x": 856.0965479580727, 
  "num": 779, 
  "zoom": 14, 
  "start_x": 854.9989882812034
}