{
  "shown": [], 
  "end_x": 8552.185002165772, 
  "num": 7791, 
  "zoom": 14, 
  "start_x": 8551.087442488904
}