{
  "shown": [
    {
      "max_elev": 988, 
      "uid": "10a560ec-ed2f-4393-908d-a32e9e5f93a2", 
      "area": 2.16, 
      "num_lifts": 5, 
      "source": "jsons/ski_area_elevations//europe-latest.json", 
      "min_elev": 469, 
      "cumarea": 8555.772189793131
    }
  ], 
  "end_x": 8556.575240873248, 
  "num": 7795, 
  "zoom": 14, 
  "start_x": 8555.477681196378
}