{
  "shown": [], 
  "end_x": 8557.672800550117, 
  "num": 7796, 
  "zoom": 14, 
  "start_x": 8556.575240873248
}