{
  "shown": [], 
  "end_x": 86.7072144726766, 
  "num": 78, 
  "zoom": 14, 
  "start_x": 85.60965479580727
}