{
  "shown": [
    {
      "max_elev": 986, 
      "uid": "eb742159-4205-4364-b3d8-39f2b408ffd7", 
      "area": 1.86, 
      "num_lifts": 2, 
      "source": "jsons/ski_area_elevations//europe-latest.json", 
      "min_elev": 823, 
      "cumarea": 8571.510444198857
    }
  ], 
  "end_x": 8571.94107634942, 
  "num": 7809, 
  "zoom": 14, 
  "start_x": 8570.84351667255
}