{
  "shown": [], 
  "end_x": 8578.526434410636, 
  "num": 7815, 
  "zoom": 14, 
  "start_x": 8577.428874733767
}