{
  "shown": [], 
  "end_x": 8581.819113441245, 
  "num": 7818, 
  "zoom": 14, 
  "start_x": 8580.721553764375
}