{
  "shown": [], 
  "end_x": 8584.014232794983, 
  "num": 7820, 
  "zoom": 14, 
  "start_x": 8582.916673118114
}