{
  "shown": [], 
  "end_x": 8598.282508594282, 
  "num": 7833, 
  "zoom": 14, 
  "start_x": 8597.184948917413
}