{
  "shown": [], 
  "end_x": 8602.67274730176, 
  "num": 7837, 
  "zoom": 14, 
  "start_x": 8601.57518762489
}