{
  "shown": [], 
  "end_x": 8604.867866655499, 
  "num": 7839, 
  "zoom": 14, 
  "start_x": 8603.77030697863
}