{
  "shown": [], 
  "end_x": 8622.428821485408, 
  "num": 7855, 
  "zoom": 14, 
  "start_x": 8621.33126180854
}