{
  "shown": [], 
  "end_x": 8624.623940839145, 
  "num": 7857, 
  "zoom": 14, 
  "start_x": 8623.526381162275
}