{
  "shown": [], 
  "end_x": 863.7794656961579, 
  "num": 786, 
  "zoom": 14, 
  "start_x": 862.6819060192886
}