{
  "shown": [], 
  "end_x": 8635.599537607839, 
  "num": 7867, 
  "zoom": 14, 
  "start_x": 8634.50197793097
}