{
  "shown": [], 
  "end_x": 8642.184895669056, 
  "num": 7873, 
  "zoom": 14, 
  "start_x": 8641.087335992186
}