{
  "shown": [], 
  "end_x": 8647.672694053403, 
  "num": 7878, 
  "zoom": 14, 
  "start_x": 8646.575134376533
}