{
  "shown": [], 
  "end_x": 8649.867813407142, 
  "num": 7880, 
  "zoom": 14, 
  "start_x": 8648.770253730272
}