{
  "shown": [
    {
      "max_elev": 978, 
      "cumarea": 8653.787026698505, 
      "area": 2.21, 
      "num_lifts": 6, 
      "name": "(not a ski lift)", 
      "source": "jsons/ski_area_elevations//south-america-latest.json", 
      "min_elev": 875, 
      "uid": "bc824be8-31d4-4e77-be62-16f1f3a4fa10"
    }
  ], 
  "end_x": 8654.25805211462, 
  "num": 7884, 
  "zoom": 14, 
  "start_x": 8653.16049243775
}