{
  "shown": [], 
  "end_x": 8664.13608920644, 
  "num": 7893, 
  "zoom": 14, 
  "start_x": 8663.038529529571
}