{
  "shown": [], 
  "end_x": 8676.209245652004, 
  "num": 7904, 
  "zoom": 14, 
  "start_x": 8675.111685975135
}