{
  "shown": [], 
  "end_x": 8688.282402097568, 
  "num": 7915, 
  "zoom": 14, 
  "start_x": 8687.184842420698
}