{
  "shown": [], 
  "end_x": 870.3648237573739, 
  "num": 792, 
  "zoom": 14, 
  "start_x": 869.2672640805046
}