{
  "shown": [], 
  "end_x": 8698.160439189392, 
  "num": 7924, 
  "zoom": 14, 
  "start_x": 8697.062879512523
}