{
  "shown": [], 
  "end_x": 8703.64823757374, 
  "num": 7929, 
  "zoom": 14, 
  "start_x": 8702.55067789687
}