{
  "shown": [], 
  "end_x": 8709.136035958087, 
  "num": 7934, 
  "zoom": 14, 
  "start_x": 8708.038476281217
}