{
  "shown": [], 
  "end_x": 872.5599431111126, 
  "num": 794, 
  "zoom": 14, 
  "start_x": 871.4623834342433
}