{
  "shown": [], 
  "end_x": 8739.867706910427, 
  "num": 7962, 
  "zoom": 14, 
  "start_x": 8738.770147233558
}