{
  "shown": [], 
  "end_x": 8747.550624648513, 
  "num": 7969, 
  "zoom": 14, 
  "start_x": 8746.453064971643
}