{
  "shown": [], 
  "end_x": 8749.745744002252, 
  "num": 7971, 
  "zoom": 14, 
  "start_x": 8748.648184325382
}