{
  "shown": [], 
  "end_x": 8751.94086335599, 
  "num": 7973, 
  "zoom": 14, 
  "start_x": 8750.843303679121
}