{
  "shown": [], 
  "end_x": 8755.233542386599, 
  "num": 7976, 
  "zoom": 14, 
  "start_x": 8754.13598270973
}