{
  "shown": [
    {
      "max_elev": 2670, 
      "uid": "465fdde2-2af9-47ab-aad2-7f74d74e5096", 
      "area": 4.2, 
      "num_lifts": 21, 
      "source": "jsons/ski_area_elevations//europe-latest.json", 
      "min_elev": 1447, 
      "cumarea": 876.8103943440385
    }
  ], 
  "end_x": 876.9501818185898, 
  "num": 798, 
  "zoom": 14, 
  "start_x": 875.8526221417205
}