{
  "shown": [], 
  "end_x": 8759.623781094077, 
  "num": 7980, 
  "zoom": 14, 
  "start_x": 8758.526221417207
}