{
  "shown": [], 
  "end_x": 8760.721340770946, 
  "num": 7981, 
  "zoom": 14, 
  "start_x": 8759.623781094077
}