{
  "shown": [], 
  "end_x": 8773.892056893375, 
  "num": 7993, 
  "zoom": 14, 
  "start_x": 8772.794497216506
}