{
  "shown": [], 
  "end_x": 88.90233382641524, 
  "num": 80, 
  "zoom": 14, 
  "start_x": 87.80477414954592
}