{
  "shown": [], 
  "end_x": 879.1453011723285, 
  "num": 800, 
  "zoom": 14, 
  "start_x": 878.0477414954591
}