{
  "shown": [], 
  "end_x": 8781.574974631461, 
  "num": 8000, 
  "zoom": 14, 
  "start_x": 8780.477414954592
}