{
  "shown": [], 
  "end_x": 8782.67253430833, 
  "num": 8001, 
  "zoom": 14, 
  "start_x": 8781.574974631461
}