{
  "shown": [
    {
      "max_elev": 960, 
      "uid": "cee77a7d-94f4-4a11-94ca-71175b058fc8", 
      "area": 3.6799999999999997, 
      "num_lifts": 19, 
      "source": "jsons/ski_area_elevations//europe-latest.json", 
      "min_elev": 578, 
      "cumarea": 8782.845747538739
    }
  ], 
  "end_x": 8783.7700939852, 
  "num": 8002, 
  "zoom": 14, 
  "start_x": 8782.67253430833
}