{
  "shown": [], 
  "end_x": 8784.86765366207, 
  "num": 8003, 
  "zoom": 14, 
  "start_x": 8783.7700939852
}