{
  "shown": [], 
  "end_x": 8789.257892369547, 
  "num": 8007, 
  "zoom": 14, 
  "start_x": 8788.160332692678
}