{
  "shown": [
    {
      "max_elev": 959, 
      "uid": "8e3848c2-fa8d-4e9c-a700-be61d321ac7e", 
      "area": 2.0100000000000002, 
      "num_lifts": 2, 
      "source": "jsons/ski_area_elevations//europe-latest.json", 
      "min_elev": 658, 
      "cumarea": 8793.567849146804
    }
  ], 
  "end_x": 8793.648131077025, 
  "num": 8011, 
  "zoom": 14, 
  "start_x": 8792.550571400156
}