{
  "shown": [], 
  "end_x": 8795.843250430764, 
  "num": 8013, 
  "zoom": 14, 
  "start_x": 8794.745690753894
}