{
  "shown": [], 
  "end_x": 8798.0383697845, 
  "num": 8015, 
  "zoom": 14, 
  "start_x": 8796.940810107633
}