{
  "shown": [], 
  "end_x": 8811.209085906932, 
  "num": 8027, 
  "zoom": 14, 
  "start_x": 8810.111526230063
}