{
  "shown": [], 
  "end_x": 8816.69688429128, 
  "num": 8032, 
  "zoom": 14, 
  "start_x": 8815.59932461441
}