{
  "shown": [], 
  "end_x": 8821.087122998757, 
  "num": 8036, 
  "zoom": 14, 
  "start_x": 8819.989563321888
}