{
  "shown": [], 
  "end_x": 8825.477361706235, 
  "num": 8040, 
  "zoom": 14, 
  "start_x": 8824.379802029365
}