{
  "shown": [], 
  "end_x": 8829.867600413712, 
  "num": 8044, 
  "zoom": 14, 
  "start_x": 8828.770040736843
}