{
  "shown": [], 
  "end_x": 8839.745637505534, 
  "num": 8053, 
  "zoom": 14, 
  "start_x": 8838.648077828664
}