{
  "shown": [], 
  "end_x": 8845.23343588988, 
  "num": 8058, 
  "zoom": 14, 
  "start_x": 8844.135876213011
}