{
  "shown": [], 
  "end_x": 8854.013913304836, 
  "num": 8066, 
  "zoom": 14, 
  "start_x": 8852.916353627967
}