{
  "shown": [
    {
      "max_elev": 953, 
      "uid": "1b01792e-f71d-43f1-b181-5bd220d6afb9", 
      "area": 1.8, 
      "num_lifts": 0, 
      "source": "jsons/ski_area_elevations//europe-latest.json", 
      "min_elev": 953, 
      "cumarea": 8854.483509053201
    }
  ], 
  "end_x": 8855.111472981705, 
  "num": 8067, 
  "zoom": 14, 
  "start_x": 8854.013913304836
}