{
  "shown": [], 
  "end_x": 886.8282189104137, 
  "num": 807, 
  "zoom": 14, 
  "start_x": 885.7306592335444
}