{
  "shown": [], 
  "end_x": 8870.477308457874, 
  "num": 8081, 
  "zoom": 14, 
  "start_x": 8869.379748781004
}