{
  "shown": [], 
  "end_x": 8873.769987488482, 
  "num": 8084, 
  "zoom": 14, 
  "start_x": 8872.672427811613
}