{
  "shown": [], 
  "end_x": 8881.452905226568, 
  "num": 8091, 
  "zoom": 14, 
  "start_x": 8880.355345549699
}