{
  "shown": [], 
  "end_x": 8893.526061672132, 
  "num": 8102, 
  "zoom": 14, 
  "start_x": 8892.428501995262
}