{
  "shown": [], 
  "end_x": 8896.81874070274, 
  "num": 8105, 
  "zoom": 14, 
  "start_x": 8895.72118102587
}