{
  "shown": [], 
  "end_x": 891.2184576178911, 
  "num": 811, 
  "zoom": 14, 
  "start_x": 890.1208979410218
}