{
  "shown": [
    {
      "max_elev": 948, 
      "uid": "05f39078-493a-4e96-8b38-e75079646b9e", 
      "area": 2.05, 
      "num_lifts": 6, 
      "source": "jsons/ski_area_elevations//europe-latest.json", 
      "min_elev": 719, 
      "cumarea": 8902.177639422707
    }
  ], 
  "end_x": 8902.306539087087, 
  "num": 8110, 
  "zoom": 14, 
  "start_x": 8901.208979410218
}