{
  "shown": [], 
  "end_x": 8903.404098763955, 
  "num": 8111, 
  "zoom": 14, 
  "start_x": 8902.306539087087
}