{
  "shown": [], 
  "end_x": 8906.696777794561, 
  "num": 8114, 
  "zoom": 14, 
  "start_x": 8905.599218117692
}