{
  "shown": [
    {
      "max_elev": 947, 
      "uid": "5d56cc3e-496f-4286-ba76-d1b39571e48c", 
      "area": 1.82, 
      "num_lifts": 2, 
      "source": "jsons/ski_area_elevations//europe-latest.json", 
      "min_elev": 823, 
      "cumarea": 8907.731987368823
    }
  ], 
  "end_x": 8907.79433747143, 
  "num": 8115, 
  "zoom": 14, 
  "start_x": 8906.696777794561
}