{
  "shown": [], 
  "end_x": 8912.184576178908, 
  "num": 8119, 
  "zoom": 14, 
  "start_x": 8911.087016502039
}