{
  "shown": [], 
  "end_x": 8914.379695532647, 
  "num": 8121, 
  "zoom": 14, 
  "start_x": 8913.282135855778
}