{
  "shown": [], 
  "end_x": 8917.672374563255, 
  "num": 8124, 
  "zoom": 14, 
  "start_x": 8916.574814886386
}