{
  "shown": [], 
  "end_x": 893.4135769716297, 
  "num": 813, 
  "zoom": 14, 
  "start_x": 892.3160172947604
}