{
  "shown": [], 
  "end_x": 8928.64797133195, 
  "num": 8134, 
  "zoom": 14, 
  "start_x": 8927.55041165508
}