{
  "shown": [], 
  "end_x": 8938.526008423773, 
  "num": 8143, 
  "zoom": 14, 
  "start_x": 8937.428448746905
}