{
  "shown": [], 
  "end_x": 8942.916247131248, 
  "num": 8147, 
  "zoom": 14, 
  "start_x": 8941.818687454379
}