{
  "shown": [
    {
      "max_elev": 944, 
      "uid": "9a47be14-1c24-4268-ad15-63f7398d304e", 
      "area": 3.48, 
      "num_lifts": 43, 
      "source": "jsons/ski_area_elevations//north-america-latest.json", 
      "min_elev": 750, 
      "cumarea": 8943.078974764452
    }
  ], 
  "end_x": 8944.013806808118, 
  "num": 8148, 
  "zoom": 14, 
  "start_x": 8942.916247131248
}