{
  "shown": [], 
  "end_x": 8962.672321314898, 
  "num": 8165, 
  "zoom": 14, 
  "start_x": 8961.574761638029
}