{
  "shown": [], 
  "end_x": 897.803815679107, 
  "num": 817, 
  "zoom": 14, 
  "start_x": 896.7062560022376
}