{
  "shown": [], 
  "end_x": 8979.13571646794, 
  "num": 8180, 
  "zoom": 14, 
  "start_x": 8978.03815679107
}