{
  "shown": [], 
  "end_x": 8982.428395498548, 
  "num": 8183, 
  "zoom": 14, 
  "start_x": 8981.330835821678
}