{
  "shown": [], 
  "end_x": 8984.623514852286, 
  "num": 8185, 
  "zoom": 14, 
  "start_x": 8983.525955175417
}