{
  "shown": [], 
  "end_x": 8986.818634206025, 
  "num": 8187, 
  "zoom": 14, 
  "start_x": 8985.721074529156
}