{
  "shown": [], 
  "end_x": 8987.916193882895, 
  "num": 8188, 
  "zoom": 14, 
  "start_x": 8986.818634206025
}