{
  "shown": [], 
  "end_x": 8995.599111620977, 
  "num": 8195, 
  "zoom": 14, 
  "start_x": 8994.501551944108
}