{
  "shown": [], 
  "end_x": 8998.891790651585, 
  "num": 8198, 
  "zoom": 14, 
  "start_x": 8997.794230974716
}