{
  "shown": [], 
  "end_x": 9001.086910005324, 
  "num": 8200, 
  "zoom": 14, 
  "start_x": 8999.989350328455
}