{
  "shown": [], 
  "end_x": 9008.76982774341, 
  "num": 8207, 
  "zoom": 14, 
  "start_x": 9007.67226806654
}