{
  "shown": [], 
  "end_x": 9010.964947097149, 
  "num": 8209, 
  "zoom": 14, 
  "start_x": 9009.86738742028
}