{
  "shown": [], 
  "end_x": 9029.62346160393, 
  "num": 8226, 
  "zoom": 14, 
  "start_x": 9028.52590192706
}