{
  "shown": [
    {
      "max_elev": 933, 
      "uid": "9e06ce45-096e-49f2-ab2e-294f91081a9d", 
      "area": 1.85, 
      "num_lifts": 3, 
      "source": "jsons/ski_area_elevations//europe-latest.json", 
      "min_elev": 865, 
      "cumarea": 9030.211155079154
    }
  ], 
  "end_x": 9030.721021280799, 
  "num": 8227, 
  "zoom": 14, 
  "start_x": 9029.62346160393
}