{
  "shown": [], 
  "end_x": 9053.769774495053, 
  "num": 8248, 
  "zoom": 14, 
  "start_x": 9052.672214818183
}