{
  "shown": [
    {
      "max_elev": 931, 
      "uid": "abd71fc1-024c-4f23-96c4-b8c32adc908f", 
      "area": 2.52, 
      "num_lifts": 8, 
      "source": "jsons/ski_area_elevations//asia-latest.json", 
      "min_elev": 622, 
      "cumarea": 9057.70889495856
    }
  ], 
  "end_x": 9058.16001320253, 
  "num": 8252, 
  "zoom": 14, 
  "start_x": 9057.062453525661
}