{
  "shown": [], 
  "end_x": 9060.35513255627, 
  "num": 8254, 
  "zoom": 14, 
  "start_x": 9059.2575728794
}