{
  "shown": [], 
  "end_x": 9068.038050294355, 
  "num": 8261, 
  "zoom": 14, 
  "start_x": 9066.940490617486
}