{
  "shown": [], 
  "end_x": 908.7794124478003, 
  "num": 827, 
  "zoom": 14, 
  "start_x": 907.681852770931
}