{
  "shown": [], 
  "end_x": 9084.501445447393, 
  "num": 8276, 
  "zoom": 14, 
  "start_x": 9083.403885770524
}