{
  "shown": [], 
  "end_x": 9087.794124478001, 
  "num": 8279, 
  "zoom": 14, 
  "start_x": 9086.696564801132
}