{
  "shown": [], 
  "end_x": 9089.98924383174, 
  "num": 8281, 
  "zoom": 14, 
  "start_x": 9088.89168415487
}