{
  "shown": [], 
  "end_x": 9098.769721246696, 
  "num": 8289, 
  "zoom": 14, 
  "start_x": 9097.672161569826
}