{
  "shown": [], 
  "end_x": 9100.964840600434, 
  "num": 8291, 
  "zoom": 14, 
  "start_x": 9099.867280923565
}