{
  "shown": [], 
  "end_x": 9111.940437369129, 
  "num": 8301, 
  "zoom": 14, 
  "start_x": 9110.84287769226
}