{
  "shown": [], 
  "end_x": 9117.428235753472, 
  "num": 8306, 
  "zoom": 14, 
  "start_x": 9116.330676076603
}