{
  "shown": [], 
  "end_x": 9130.598951875905, 
  "num": 8318, 
  "zoom": 14, 
  "start_x": 9129.501392199036
}