{
  "shown": [], 
  "end_x": 9139.37942929086, 
  "num": 8326, 
  "zoom": 14, 
  "start_x": 9138.281869613991
}