{
  "shown": [], 
  "end_x": 9143.769667998338, 
  "num": 8330, 
  "zoom": 14, 
  "start_x": 9142.672108321469
}