{
  "shown": [], 
  "end_x": 9156.940384120768, 
  "num": 8342, 
  "zoom": 14, 
  "start_x": 9155.842824443898
}