{
  "shown": [
    {
      "max_elev": 914, 
      "uid": "30fc576b-8487-4a1a-92cb-3afda1e460d0", 
      "area": 1.9000000000000001, 
      "num_lifts": 0, 
      "source": "jsons/ski_area_elevations//europe-latest.json", 
      "min_elev": 914, 
      "cumarea": 9177.837596484658
    }
  ], 
  "end_x": 9178.891577658156, 
  "num": 8362, 
  "zoom": 14, 
  "start_x": 9177.794017981287
}