{
  "shown": [], 
  "end_x": 9185.476935719373, 
  "num": 8368, 
  "zoom": 14, 
  "start_x": 9184.379376042503
}