{
  "shown": [], 
  "end_x": 919.7550092164934, 
  "num": 837, 
  "zoom": 14, 
  "start_x": 918.657449539624
}