{
  "shown": [], 
  "end_x": 9192.06229378059, 
  "num": 8374, 
  "zoom": 14, 
  "start_x": 9190.96473410372
}