{
  "shown": [], 
  "end_x": 9201.940330872412, 
  "num": 8383, 
  "zoom": 14, 
  "start_x": 9200.842771195545
}