{
  "shown": [], 
  "end_x": 9212.915927641105, 
  "num": 8393, 
  "zoom": 14, 
  "start_x": 9211.818367964235
}