{
  "shown": [], 
  "end_x": 9214.013487317974, 
  "num": 8394, 
  "zoom": 14, 
  "start_x": 9212.915927641105
}