{
  "shown": [
    {
      "max_elev": 908, 
      "uid": "ff2535d0-0c41-4234-9a09-dcdcaa5e45e6", 
      "area": 1.85, 
      "num_lifts": 3, 
      "source": "jsons/ski_area_elevations//europe-latest.json", 
      "min_elev": 749, 
      "cumarea": 9217.547942041103
    }
  ], 
  "end_x": 9218.403726025452, 
  "num": 8398, 
  "zoom": 14, 
  "start_x": 9217.306166348582
}