{
  "shown": [], 
  "end_x": 923.0476882471014, 
  "num": 840, 
  "zoom": 14, 
  "start_x": 921.9501285702321
}