{
  "shown": [], 
  "end_x": 9223.891524409799, 
  "num": 8403, 
  "zoom": 14, 
  "start_x": 9222.79396473293
}