{
  "shown": [], 
  "end_x": 9224.989084086668, 
  "num": 8404, 
  "zoom": 14, 
  "start_x": 9223.891524409799
}