{
  "shown": [], 
  "end_x": 9237.062240532232, 
  "num": 8415, 
  "zoom": 14, 
  "start_x": 9235.964680855363
}