{
  "shown": [], 
  "end_x": 9248.037837300926, 
  "num": 8425, 
  "zoom": 14, 
  "start_x": 9246.940277624057
}