{
  "shown": [], 
  "end_x": 9249.135396977796, 
  "num": 8426, 
  "zoom": 14, 
  "start_x": 9248.037837300926
}