{
  "shown": [], 
  "end_x": 9251.330516331534, 
  "num": 8428, 
  "zoom": 14, 
  "start_x": 9250.232956654665
}