{
  "shown": [], 
  "end_x": 9262.306113100225, 
  "num": 8438, 
  "zoom": 14, 
  "start_x": 9261.208553423356
}