{
  "shown": [], 
  "end_x": 9283.159746960744, 
  "num": 8457, 
  "zoom": 14, 
  "start_x": 9282.062187283875
}