{
  "shown": [], 
  "end_x": 9284.257306637614, 
  "num": 8458, 
  "zoom": 14, 
  "start_x": 9283.159746960744
}