{
  "shown": [], 
  "end_x": 9288.647545345091, 
  "num": 8462, 
  "zoom": 14, 
  "start_x": 9287.549985668222
}