{
  "shown": [], 
  "end_x": 9291.940224375696, 
  "num": 8465, 
  "zoom": 14, 
  "start_x": 9290.842664698826
}