{
  "shown": [], 
  "end_x": 9301.81826146752, 
  "num": 8474, 
  "zoom": 14, 
  "start_x": 9300.720701790651
}