{
  "shown": [], 
  "end_x": 9304.01338082126, 
  "num": 8476, 
  "zoom": 14, 
  "start_x": 9302.91582114439
}