{
  "shown": [], 
  "end_x": 9312.793858236215, 
  "num": 8484, 
  "zoom": 14, 
  "start_x": 9311.696298559345
}