{
  "shown": [], 
  "end_x": 9316.086537266823, 
  "num": 8487, 
  "zoom": 14, 
  "start_x": 9314.988977589954
}