{
  "shown": [], 
  "end_x": 9318.281656620562, 
  "num": 8489, 
  "zoom": 14, 
  "start_x": 9317.184096943693
}