{
  "shown": [], 
  "end_x": 94.39013221076186, 
  "num": 85, 
  "zoom": 14, 
  "start_x": 93.29257253389254
}