{
  "shown": [], 
  "end_x": 9331.452372742991, 
  "num": 8501, 
  "zoom": 14, 
  "start_x": 9330.354813066122
}