{
  "shown": [], 
  "end_x": 9341.330409834816, 
  "num": 8510, 
  "zoom": 14, 
  "start_x": 9340.232850157947
}