{
  "shown": [], 
  "end_x": 9342.427969511686, 
  "num": 8511, 
  "zoom": 14, 
  "start_x": 9341.330409834816
}