{
  "shown": [
    {
      "max_elev": 888, 
      "uid": "b7850651-c95e-4dc6-b544-7342349b7e4d", 
      "area": 4.56, 
      "num_lifts": 21, 
      "source": "jsons/ski_area_elevations//europe-latest.json", 
      "min_elev": 614, 
      "cumarea": 9345.954266017034
    }
  ], 
  "end_x": 9346.818208219163, 
  "num": 8515, 
  "zoom": 14, 
  "start_x": 9345.720648542294
}