{
  "shown": [], 
  "end_x": 9357.793804987858, 
  "num": 8525, 
  "zoom": 14, 
  "start_x": 9356.696245310988
}