{
  "shown": [], 
  "end_x": 937.3159640464025, 
  "num": 853, 
  "zoom": 14, 
  "start_x": 936.2184043695332
}