{
  "shown": [], 
  "end_x": 9366.57428240281, 
  "num": 8533, 
  "zoom": 14, 
  "start_x": 9365.47672272594
}