{
  "shown": [], 
  "end_x": 9375.354759817765, 
  "num": 8541, 
  "zoom": 14, 
  "start_x": 9374.257200140895
}