{
  "shown": [], 
  "end_x": 9378.647438848373, 
  "num": 8544, 
  "zoom": 14, 
  "start_x": 9377.549879171504
}