{
  "shown": [], 
  "end_x": 9383.03767755585, 
  "num": 8548, 
  "zoom": 14, 
  "start_x": 9381.940117878981
}