{
  "shown": [], 
  "end_x": 9391.818154970806, 
  "num": 8556, 
  "zoom": 14, 
  "start_x": 9390.720595293937
}