{
  "shown": [
    {
      "max_elev": 884, 
      "uid": "030c6b80-8385-4826-8d7e-9ae5c229044b", 
      "area": 1.94, 
      "num_lifts": 1, 
      "source": "jsons/ski_area_elevations//asia-latest.json", 
      "min_elev": 255, 
      "cumarea": 9394.607341528941
    }
  ], 
  "end_x": 9395.110834001414, 
  "num": 8559, 
  "zoom": 14, 
  "start_x": 9394.013274324545
}