{
  "shown": [], 
  "end_x": 9396.208393678284, 
  "num": 8560, 
  "zoom": 14, 
  "start_x": 9395.110834001414
}