{
  "shown": [], 
  "end_x": 9403.89131141637, 
  "num": 8567, 
  "zoom": 14, 
  "start_x": 9402.7937517395
}