{
  "shown": [], 
  "end_x": 9404.98887109324, 
  "num": 8568, 
  "zoom": 14, 
  "start_x": 9403.89131141637
}