{
  "shown": [], 
  "end_x": 9411.574229154456, 
  "num": 8574, 
  "zoom": 14, 
  "start_x": 9410.476669477586
}