{
  "shown": [], 
  "end_x": 9415.96446786193, 
  "num": 8578, 
  "zoom": 14, 
  "start_x": 9414.86690818506
}