{
  "shown": [], 
  "end_x": 9418.159587215669, 
  "num": 8580, 
  "zoom": 14, 
  "start_x": 9417.0620275388
}