{
  "shown": [], 
  "end_x": 9426.940064630624, 
  "num": 8588, 
  "zoom": 14, 
  "start_x": 9425.842504953755
}