{
  "shown": [], 
  "end_x": 9429.135183984363, 
  "num": 8590, 
  "zoom": 14, 
  "start_x": 9428.037624307493
}