{
  "shown": [], 
  "end_x": 9430.232743661232, 
  "num": 8591, 
  "zoom": 14, 
  "start_x": 9429.135183984363
}