{
  "shown": [
    {
      "max_elev": 881, 
      "cumarea": 9430.484505570264, 
      "area": 2.35, 
      "num_lifts": 7, 
      "name": "Hidden Valley", 
      "source": "jsons/ski_area_elevations//north-america-latest.json", 
      "min_elev": 732, 
      "uid": "dadeadf8-0b25-48b9-a709-2f9daa44a05a"
    }
  ], 
  "end_x": 9431.330303338102, 
  "num": 8592, 
  "zoom": 14, 
  "start_x": 9430.232743661232
}