{
  "shown": [], 
  "end_x": 9437.915661399318, 
  "num": 8598, 
  "zoom": 14, 
  "start_x": 9436.818101722449
}