{
  "shown": [], 
  "end_x": 95.48769188763119, 
  "num": 86, 
  "zoom": 14, 
  "start_x": 94.39013221076186
}