{
  "shown": [], 
  "end_x": 9441.208340429926, 
  "num": 8601, 
  "zoom": 14, 
  "start_x": 9440.110780753057
}