{
  "shown": [], 
  "end_x": 9443.403459783665, 
  "num": 8603, 
  "zoom": 14, 
  "start_x": 9442.305900106796
}