{
  "shown": [], 
  "end_x": 9456.574175906098, 
  "num": 8615, 
  "zoom": 14, 
  "start_x": 9455.476616229229
}