{
  "shown": [], 
  "end_x": 9459.866854936707, 
  "num": 8618, 
  "zoom": 14, 
  "start_x": 9458.769295259837
}