{
  "shown": [], 
  "end_x": 947.1940011382266, 
  "num": 862, 
  "zoom": 14, 
  "start_x": 946.0964414613572
}