{
  "shown": [
    {
      "max_elev": 878, 
      "uid": "ba16b8a6-5ae0-4000-a521-6b10cb348c6d", 
      "area": 1.9100000000000001, 
      "num_lifts": 1, 
      "source": "jsons/ski_area_elevations//north-america-latest.json", 
      "min_elev": 46, 
      "cumarea": 9465.437651426762
    }
  ], 
  "end_x": 9466.45221299792, 
  "num": 8624, 
  "zoom": 14, 
  "start_x": 9465.354653321052
}