{
  "shown": [], 
  "end_x": 9469.744892028528, 
  "num": 8627, 
  "zoom": 14, 
  "start_x": 9468.647332351658
}