{
  "shown": [], 
  "end_x": 9488.403406535308, 
  "num": 8644, 
  "zoom": 14, 
  "start_x": 9487.305846858439
}