{
  "shown": [], 
  "end_x": 9493.891204919655, 
  "num": 8649, 
  "zoom": 14, 
  "start_x": 9492.793645242786
}