{
  "shown": [], 
  "end_x": 9497.183883950263, 
  "num": 8652, 
  "zoom": 14, 
  "start_x": 9496.086324273394
}