{
  "shown": [], 
  "end_x": 9504.866801688346, 
  "num": 8659, 
  "zoom": 14, 
  "start_x": 9503.769242011476
}