{
  "shown": [], 
  "end_x": 9520.232637164518, 
  "num": 8673, 
  "zoom": 14, 
  "start_x": 9519.135077487648
}