{
  "shown": [], 
  "end_x": 9523.525316195126, 
  "num": 8676, 
  "zoom": 14, 
  "start_x": 9522.427756518257
}