{
  "shown": [
    {
      "max_elev": 870, 
      "cumarea": 9528.01404549628, 
      "area": 6.58, 
      "num_lifts": 91, 
      "name": "Tand\u00e5dalen", 
      "source": "jsons/ski_area_elevations//europe-latest.json", 
      "min_elev": 567, 
      "uid": "b167dfea-3d19-4fb2-9e9d-04c4fc54566a"
    }
  ], 
  "end_x": 9529.013114579473, 
  "num": 8681, 
  "zoom": 14, 
  "start_x": 9527.915554902604
}