{
  "shown": [], 
  "end_x": 9530.110674256342, 
  "num": 8682, 
  "zoom": 14, 
  "start_x": 9529.013114579473
}