{
  "shown": [], 
  "end_x": 9535.598472640688, 
  "num": 8687, 
  "zoom": 14, 
  "start_x": 9534.50091296382
}