{
  "shown": [
    {
      "max_elev": 2629, 
      "uid": "14aea1f3-a327-453d-919e-66ba2c90c690", 
      "area": 3.6500000000000004, 
      "num_lifts": 13, 
      "source": "jsons/ski_area_elevations//europe-latest.json", 
      "min_elev": 938, 
      "cumarea": 953.795819314071
    }
  ], 
  "end_x": 954.8769188763117, 
  "num": 869, 
  "zoom": 14, 
  "start_x": 953.7793591994424
}