{
  "shown": [], 
  "end_x": 9554.256987147466, 
  "num": 8704, 
  "zoom": 14, 
  "start_x": 9553.159427470597
}