{
  "shown": [
    {
      "max_elev": 867, 
      "uid": "f0db98c9-a2d3-45de-bc89-37b2866111a0", 
      "area": 1.84, 
      "num_lifts": 2, 
      "source": "jsons/ski_area_elevations//europe-latest.json", 
      "min_elev": 676, 
      "cumarea": 9554.4302212833
    }
  ], 
  "end_x": 9555.354546824336, 
  "num": 8705, 
  "zoom": 14, 
  "start_x": 9554.256987147466
}