{
  "shown": [], 
  "end_x": 9556.452106501205, 
  "num": 8706, 
  "zoom": 14, 
  "start_x": 9555.354546824336
}