{
  "shown": [], 
  "end_x": 9558.647225854944, 
  "num": 8708, 
  "zoom": 14, 
  "start_x": 9557.549666178074
}