{
  "shown": [], 
  "end_x": 9567.4277032699, 
  "num": 8716, 
  "zoom": 14, 
  "start_x": 9566.33014359303
}