{
  "shown": [
    {
      "max_elev": 866, 
      "uid": "3bffc861-7283-4dd3-96f1-cf601e10defc", 
      "area": 1.81, 
      "num_lifts": 1, 
      "source": "jsons/ski_area_elevations//europe-latest.json", 
      "min_elev": 801, 
      "cumarea": 9570.581979190618
    }
  ], 
  "end_x": 9570.720382300506, 
  "num": 8719, 
  "zoom": 14, 
  "start_x": 9569.622822623638
}