{
  "shown": [], 
  "end_x": 9575.110621007982, 
  "num": 8723, 
  "zoom": 14, 
  "start_x": 9574.013061331112
}