{
  "shown": [], 
  "end_x": 9576.208180684851, 
  "num": 8724, 
  "zoom": 14, 
  "start_x": 9575.110621007982
}