{
  "shown": [], 
  "end_x": 960.3647172606585, 
  "num": 874, 
  "zoom": 14, 
  "start_x": 959.2671575837892
}