{
  "shown": [], 
  "end_x": 9594.866695191631, 
  "num": 8741, 
  "zoom": 14, 
  "start_x": 9593.769135514762
}