{
  "shown": [], 
  "end_x": 9602.549612929717, 
  "num": 8748, 
  "zoom": 14, 
  "start_x": 9601.452053252848
}