{
  "shown": [], 
  "end_x": 9603.647172606587, 
  "num": 8749, 
  "zoom": 14, 
  "start_x": 9602.549612929717
}