{
  "shown": [], 
  "end_x": 9619.013008082755, 
  "num": 8763, 
  "zoom": 14, 
  "start_x": 9617.915448405885
}