{
  "shown": [], 
  "end_x": 963.6573962912664, 
  "num": 877, 
  "zoom": 14, 
  "start_x": 962.5598366143971
}