{
  "shown": [], 
  "end_x": 9633.281283882057, 
  "num": 8776, 
  "zoom": 14, 
  "start_x": 9632.183724205188
}