{
  "shown": [], 
  "end_x": 9635.476403235796, 
  "num": 8778, 
  "zoom": 14, 
  "start_x": 9634.378843558927
}