{
  "shown": [], 
  "end_x": 9638.769082266404, 
  "num": 8781, 
  "zoom": 14, 
  "start_x": 9637.671522589535
}