{
  "shown": [], 
  "end_x": 9643.159320973878, 
  "num": 8785, 
  "zoom": 14, 
  "start_x": 9642.061761297009
}