{
  "shown": [], 
  "end_x": 9648.647119358226, 
  "num": 8790, 
  "zoom": 14, 
  "start_x": 9647.549559681356
}