{
  "shown": [], 
  "end_x": 9667.305633865006, 
  "num": 8807, 
  "zoom": 14, 
  "start_x": 9666.208074188136
}