{
  "shown": [], 
  "end_x": 9672.793432249353, 
  "num": 8812, 
  "zoom": 14, 
  "start_x": 9671.695872572483
}