{
  "shown": [], 
  "end_x": 9674.988551603092, 
  "num": 8814, 
  "zoom": 14, 
  "start_x": 9673.890991926222
}