{
  "shown": [], 
  "end_x": 9685.964148371786, 
  "num": 8824, 
  "zoom": 14, 
  "start_x": 9684.866588694917
}