{
  "shown": [
    {
      "max_elev": 854, 
      "uid": "259c3188-1cc1-465b-b91b-ede5b25004e1", 
      "area": 1.85, 
      "num_lifts": 1, 
      "source": "jsons/ski_area_elevations//europe-latest.json", 
      "min_elev": 738, 
      "cumarea": 9689.963697292045
    }
  ], 
  "end_x": 9690.354387079264, 
  "num": 8828, 
  "zoom": 14, 
  "start_x": 9689.256827402394
}