{
  "shown": [], 
  "end_x": 9706.817782232301, 
  "num": 8843, 
  "zoom": 14, 
  "start_x": 9705.720222555432
}