{
  "shown": [], 
  "end_x": 9721.086058031604, 
  "num": 8856, 
  "zoom": 14, 
  "start_x": 9719.988498354734
}