{
  "shown": [
    {
      "max_elev": 849, 
      "uid": "791f88ec-ac7e-4222-a259-d20da0ecbdb5", 
      "area": 1.8900000000000001, 
      "num_lifts": 2, 
      "source": "jsons/ski_area_elevations//europe-latest.json", 
      "min_elev": 624, 
      "cumarea": 9722.198702143256
    }
  ], 
  "end_x": 9723.281177385343, 
  "num": 8858, 
  "zoom": 14, 
  "start_x": 9722.183617708473
}