{
  "shown": [], 
  "end_x": 973.5354333830903, 
  "num": 886, 
  "zoom": 14, 
  "start_x": 972.4378737062209
}