{
  "shown": [], 
  "end_x": 974.6329930599596, 
  "num": 887, 
  "zoom": 14, 
  "start_x": 973.5354333830903
}