{
  "shown": [], 
  "end_x": 9737.549453184645, 
  "num": 8871, 
  "zoom": 14, 
  "start_x": 9736.451893507776
}