{
  "shown": [], 
  "end_x": 9739.744572538384, 
  "num": 8873, 
  "zoom": 14, 
  "start_x": 9738.647012861515
}