{
  "shown": [], 
  "end_x": 9756.207967691422, 
  "num": 8888, 
  "zoom": 14, 
  "start_x": 9755.110408014552
}