{
  "shown": [], 
  "end_x": 9759.50064672203, 
  "num": 8891, 
  "zoom": 14, 
  "start_x": 9758.40308704516
}