{
  "shown": [
    {
      "max_elev": 844, 
      "uid": "7fc8beea-f38a-4248-bce8-1724d022c44a", 
      "area": 1.86, 
      "num_lifts": 2, 
      "source": "jsons/ski_area_elevations//europe-latest.json", 
      "min_elev": 764, 
      "cumarea": 9767.891828040092
    }
  ], 
  "end_x": 9768.281124136985, 
  "num": 8899, 
  "zoom": 14, 
  "start_x": 9767.183564460116
}