{
  "shown": [], 
  "end_x": 977.9256720905677, 
  "num": 890, 
  "zoom": 14, 
  "start_x": 976.8281124136984
}