{
  "shown": [], 
  "end_x": 9770.476243490724, 
  "num": 8901, 
  "zoom": 14, 
  "start_x": 9769.378683813855
}