{
  "shown": [], 
  "end_x": 9775.964041875071, 
  "num": 8906, 
  "zoom": 14, 
  "start_x": 9774.866482198202
}