{
  "shown": [
    {
      "max_elev": 841, 
      "uid": "eb07969c-1745-42f3-83e6-0df02af0fadf", 
      "area": 1.84, 
      "num_lifts": 1, 
      "source": "jsons/ski_area_elevations//europe-latest.json", 
      "min_elev": 228, 
      "cumarea": 9792.328804016366
    }
  ], 
  "end_x": 9792.42743702811, 
  "num": 8921, 
  "zoom": 14, 
  "start_x": 9791.32987735124
}