{
  "shown": [], 
  "end_x": 9793.524996704979, 
  "num": 8922, 
  "zoom": 14, 
  "start_x": 9792.42743702811
}