{
  "shown": [
    {
      "max_elev": 841, 
      "uid": "f7fde875-7211-4cea-b9e7-7c9485bd9a99", 
      "area": 1.83, 
      "num_lifts": 1, 
      "source": "jsons/ski_area_elevations//europe-latest.json", 
      "min_elev": 795, 
      "cumarea": 9797.54288555484
    }
  ], 
  "end_x": 9797.915235412456, 
  "num": 8926, 
  "zoom": 14, 
  "start_x": 9796.817675735587
}