{
  "shown": [], 
  "end_x": 9800.110354766195, 
  "num": 8928, 
  "zoom": 14, 
  "start_x": 9799.012795089326
}