{
  "shown": [], 
  "end_x": 982.3159107980449, 
  "num": 894, 
  "zoom": 14, 
  "start_x": 981.2183511211756
}