{
  "shown": [], 
  "end_x": 9825.354227334188, 
  "num": 8951, 
  "zoom": 14, 
  "start_x": 9824.256667657319
}