{
  "shown": [], 
  "end_x": 9826.451787011058, 
  "num": 8952, 
  "zoom": 14, 
  "start_x": 9825.354227334188
}