{
  "shown": [], 
  "end_x": 9828.646906364796, 
  "num": 8954, 
  "zoom": 14, 
  "start_x": 9827.549346687927
}