{
  "shown": [], 
  "end_x": 9830.842025718535, 
  "num": 8956, 
  "zoom": 14, 
  "start_x": 9829.744466041666
}