{
  "shown": [], 
  "end_x": 9836.329824102882, 
  "num": 8961, 
  "zoom": 14, 
  "start_x": 9835.232264426013
}