{
  "shown": [], 
  "end_x": 9841.81762248723, 
  "num": 8966, 
  "zoom": 14, 
  "start_x": 9840.72006281036
}