{
  "shown": [], 
  "end_x": 9847.305420871577, 
  "num": 8971, 
  "zoom": 14, 
  "start_x": 9846.207861194707
}