{
  "shown": [], 
  "end_x": 9863.768816024614, 
  "num": 8986, 
  "zoom": 14, 
  "start_x": 9862.671256347745
}