{
  "shown": [], 
  "end_x": 9864.866375701484, 
  "num": 8987, 
  "zoom": 14, 
  "start_x": 9863.768816024614
}