{
  "shown": [], 
  "end_x": 9867.061495055223, 
  "num": 8989, 
  "zoom": 14, 
  "start_x": 9865.963935378353
}