{
  "shown": [], 
  "end_x": 9878.037091823917, 
  "num": 8999, 
  "zoom": 14, 
  "start_x": 9876.939532147047
}