{
  "shown": [], 
  "end_x": 9883.524890208264, 
  "num": 9004, 
  "zoom": 14, 
  "start_x": 9882.427330531395
}