{
  "shown": [], 
  "end_x": 9887.915128915738, 
  "num": 9008, 
  "zoom": 14, 
  "start_x": 9886.81756923887
}