{
  "shown": [
    {
      "max_elev": 833, 
      "uid": "910176da-5549-4e85-b881-0bbd502007e7", 
      "area": 1.87, 
      "num_lifts": 1, 
      "source": "jsons/ski_area_elevations//asia-latest.json", 
      "min_elev": 530, 
      "cumarea": 9888.917372979771
    }
  ], 
  "end_x": 9889.012688592607, 
  "num": 9009, 
  "zoom": 14, 
  "start_x": 9887.915128915738
}