{
  "shown": [], 
  "end_x": 989.9988285361301, 
  "num": 901, 
  "zoom": 14, 
  "start_x": 988.9012688592608
}