{
  "shown": [], 
  "end_x": 9914.256561160604, 
  "num": 9032, 
  "zoom": 14, 
  "start_x": 9913.159001483735
}