{
  "shown": [], 
  "end_x": 9918.646799868082, 
  "num": 9036, 
  "zoom": 14, 
  "start_x": 9917.549240191212
}