{
  "shown": [], 
  "end_x": 9920.84191922182, 
  "num": 9038, 
  "zoom": 14, 
  "start_x": 9919.744359544951
}