{
  "shown": [], 
  "end_x": 9921.939478898688, 
  "num": 9039, 
  "zoom": 14, 
  "start_x": 9920.84191922182
}