{
  "shown": [], 
  "end_x": 993.2915075667381, 
  "num": 904, 
  "zoom": 14, 
  "start_x": 992.1939478898688
}