{
  "shown": [], 
  "end_x": 9924.134598252425, 
  "num": 9041, 
  "zoom": 14, 
  "start_x": 9923.037038575556
}