{
  "shown": [], 
  "end_x": 9928.524836959903, 
  "num": 9045, 
  "zoom": 14, 
  "start_x": 9927.427277283034
}