{
  "shown": [
    {
      "max_elev": 827, 
      "uid": "1ceaa12f-ab44-42e5-b289-c86617515407", 
      "area": 1.82, 
      "num_lifts": 1, 
      "source": "jsons/ski_area_elevations//south-america-latest.json", 
      "min_elev": 693, 
      "cumarea": 9932.536591515389
    }
  ], 
  "end_x": 9932.91507566738, 
  "num": 9049, 
  "zoom": 14, 
  "start_x": 9931.817515990511
}