{
  "shown": [], 
  "end_x": 9950.476030497292, 
  "num": 9065, 
  "zoom": 14, 
  "start_x": 9949.378470820422
}