{
  "shown": [], 
  "end_x": 9959.256507912247, 
  "num": 9073, 
  "zoom": 14, 
  "start_x": 9958.158948235377
}