{
  "shown": [], 
  "end_x": 9962.549186942855, 
  "num": 9076, 
  "zoom": 14, 
  "start_x": 9961.451627265986
}