{
  "shown": [], 
  "end_x": 9964.744306296594, 
  "num": 9078, 
  "zoom": 14, 
  "start_x": 9963.646746619725
}