{
  "shown": [], 
  "end_x": 9966.939425650333, 
  "num": 9080, 
  "zoom": 14, 
  "start_x": 9965.841865973463
}