{
  "shown": [], 
  "end_x": 100.9754902719778, 
  "num": 91, 
  "zoom": 14, 
  "start_x": 99.87793059510848
}