{
  "shown": [], 
  "end_x": 999.8768656279541, 
  "num": 910, 
  "zoom": 14, 
  "start_x": 998.7793059510848
}