{
  "shown": [], 
  "end_x": 1000.9744253048234, 
  "num": 911, 
  "zoom": 14, 
  "start_x": 999.8768656279541
}