{
  "shown": [], 
  "end_x": 10005.354014340759, 
  "num": 9115, 
  "zoom": 14, 
  "start_x": 10004.25645466389
}