{
  "shown": [], 
  "end_x": 10007.549133694498, 
  "num": 9117, 
  "zoom": 14, 
  "start_x": 10006.451574017628
}