{
  "shown": [
    {
      "max_elev": 818, 
      "uid": "df59fd7a-a30c-4417-b7c5-63b75134d342", 
      "area": 1.9300000000000002, 
      "num_lifts": 4, 
      "source": "jsons/ski_area_elevations//europe-latest.json", 
      "min_elev": 729, 
      "cumarea": 10020.232945961749
    }
  ], 
  "end_x": 10020.719849816931, 
  "num": 9129, 
  "zoom": 14, 
  "start_x": 10019.622290140062
}