{
  "shown": [], 
  "end_x": 10028.402767555013, 
  "num": 9136, 
  "zoom": 14, 
  "start_x": 10027.305207878146
}