{
  "shown": [], 
  "end_x": 10036.0856852931, 
  "num": 9143, 
  "zoom": 14, 
  "start_x": 10034.98812561623
}