{
  "shown": [], 
  "end_x": 10047.061282061793, 
  "num": 9153, 
  "zoom": 14, 
  "start_x": 10045.963722384924
}