{
  "shown": [], 
  "end_x": 10051.451520769271, 
  "num": 9157, 
  "zoom": 14, 
  "start_x": 10050.353961092402
}