{
  "shown": [], 
  "end_x": 10052.54908044614, 
  "num": 9158, 
  "zoom": 14, 
  "start_x": 10051.451520769271
}