{
  "shown": [], 
  "end_x": 10056.939319153618, 
  "num": 9162, 
  "zoom": 14, 
  "start_x": 10055.841759476749
}