{
  "shown": [], 
  "end_x": 10058.036878830488, 
  "num": 9163, 
  "zoom": 14, 
  "start_x": 10056.939319153618
}