{
  "shown": [
    {
      "max_elev": 814, 
      "uid": "c5cdd60d-e6c1-44f3-b88c-41224f5900a6", 
      "area": 2.15, 
      "num_lifts": 1, 
      "source": "jsons/ski_area_elevations//north-america-latest.json", 
      "min_elev": 547, 
      "cumarea": 10071.465707255487
    }
  ], 
  "end_x": 10072.305154629787, 
  "num": 9176, 
  "zoom": 14, 
  "start_x": 10071.207594952917
}