{
  "shown": [], 
  "end_x": 10075.597833660395, 
  "num": 9179, 
  "zoom": 14, 
  "start_x": 10074.500273983525
}