{
  "shown": [], 
  "end_x": 10077.792953014134, 
  "num": 9181, 
  "zoom": 14, 
  "start_x": 10076.695393337264
}