{
  "shown": [
    {
      "max_elev": 813, 
      "uid": "61a9b1bd-a60b-402c-a936-76b8902ae719", 
      "area": 1.83, 
      "num_lifts": 0, 
      "source": "jsons/ski_area_elevations//europe-latest.json", 
      "min_elev": 813, 
      "cumarea": 10079.284104760814
    }
  ], 
  "end_x": 10079.988072367873, 
  "num": 9183, 
  "zoom": 14, 
  "start_x": 10078.890512691003
}