{
  "shown": [], 
  "end_x": 10081.085632044742, 
  "num": 9184, 
  "zoom": 14, 
  "start_x": 10079.988072367873
}