{
  "shown": [
    {
      "max_elev": 813, 
      "uid": "617a9669-9404-4d81-8c24-fccb4bcd04e5", 
      "area": 1.82, 
      "num_lifts": 2, 
      "source": "jsons/ski_area_elevations//europe-latest.json", 
      "min_elev": 781, 
      "cumarea": 10081.882941261903
    }
  ], 
  "end_x": 10082.183191721611, 
  "num": 9185, 
  "zoom": 14, 
  "start_x": 10081.085632044742
}