{
  "shown": [], 
  "end_x": 10111.817302997082, 
  "num": 9212, 
  "zoom": 14, 
  "start_x": 10110.719743320213
}