{
  "shown": [], 
  "end_x": 10115.10998202769, 
  "num": 9215, 
  "zoom": 14, 
  "start_x": 10114.012422350821
}