{
  "shown": [], 
  "end_x": 10117.30510138143, 
  "num": 9217, 
  "zoom": 14, 
  "start_x": 10116.20754170456
}