{
  "shown": [], 
  "end_x": 10129.378257826993, 
  "num": 9228, 
  "zoom": 14, 
  "start_x": 10128.280698150123
}