{
  "shown": [], 
  "end_x": 10135.963615888206, 
  "num": 9234, 
  "zoom": 14, 
  "start_x": 10134.866056211336
}