{
  "shown": [], 
  "end_x": 10151.329451364378, 
  "num": 9248, 
  "zoom": 14, 
  "start_x": 10150.231891687508
}