{
  "shown": [], 
  "end_x": 10160.109928779333, 
  "num": 9256, 
  "zoom": 14, 
  "start_x": 10159.012369102464
}