{
  "shown": [], 
  "end_x": 1017.4378204578633, 
  "num": 926, 
  "zoom": 14, 
  "start_x": 1016.340260780994
}