{
  "shown": [], 
  "end_x": 10167.792846517417, 
  "num": 9263, 
  "zoom": 14, 
  "start_x": 10166.69528684055
}