{
  "shown": [], 
  "end_x": 1018.5353801347326, 
  "num": 927, 
  "zoom": 14, 
  "start_x": 1017.4378204578633
}