{
  "shown": [], 
  "end_x": 10175.475764255501, 
  "num": 9270, 
  "zoom": 14, 
  "start_x": 10174.378204578632
}