{
  "shown": [], 
  "end_x": 10178.76844328611, 
  "num": 9273, 
  "zoom": 14, 
  "start_x": 10177.67088360924
}