{
  "shown": [], 
  "end_x": 10180.963562639849, 
  "num": 9275, 
  "zoom": 14, 
  "start_x": 10179.86600296298
}