{
  "shown": [
    {
      "max_elev": 803, 
      "uid": "2cdeb16d-a427-4882-965d-b69d9bfce636", 
      "area": 1.82, 
      "num_lifts": 1, 
      "source": "jsons/ski_area_elevations//europe-latest.json", 
      "min_elev": 608, 
      "cumarea": 10184.611100711514
    }
  ], 
  "end_x": 10185.353801347326, 
  "num": 9279, 
  "zoom": 14, 
  "start_x": 10184.256241670457
}