{
  "shown": [], 
  "end_x": 10186.451361024196, 
  "num": 9280, 
  "zoom": 14, 
  "start_x": 10185.353801347326
}