{
  "shown": [], 
  "end_x": 10196.32939811602, 
  "num": 9289, 
  "zoom": 14, 
  "start_x": 10195.231838439151
}