{
  "shown": [
    {
      "max_elev": 802, 
      "uid": "dfe4c2e3-114e-41ed-b7aa-14d6c06ec239", 
      "area": 1.92, 
      "num_lifts": 2, 
      "source": "jsons/ski_area_elevations//europe-latest.json", 
      "min_elev": 637, 
      "cumarea": 10200.578717683353
    }
  ], 
  "end_x": 10200.719636823498, 
  "num": 9293, 
  "zoom": 14, 
  "start_x": 10199.622077146629
}