{
  "shown": [], 
  "end_x": 10201.817196500368, 
  "num": 9294, 
  "zoom": 14, 
  "start_x": 10200.719636823498
}