{
  "shown": [], 
  "end_x": 10207.304994884711, 
  "num": 9299, 
  "zoom": 14, 
  "start_x": 10206.207435207842
}