{
  "shown": [], 
  "end_x": 10212.792793269058, 
  "num": 9304, 
  "zoom": 14, 
  "start_x": 10211.695233592189
}