{
  "shown": [], 
  "end_x": 10220.475711007144, 
  "num": 9311, 
  "zoom": 14, 
  "start_x": 10219.378151330275
}