{
  "shown": [], 
  "end_x": 10225.963509391491, 
  "num": 9316, 
  "zoom": 14, 
  "start_x": 10224.865949714622
}