{
  "shown": [], 
  "end_x": 10228.15862874523, 
  "num": 9318, 
  "zoom": 14, 
  "start_x": 10227.06106906836
}