{
  "shown": [], 
  "end_x": 1024.0231785190792, 
  "num": 932, 
  "zoom": 14, 
  "start_x": 1022.9256188422099
}