{
  "shown": [], 
  "end_x": 10244.622023898271, 
  "num": 9333, 
  "zoom": 14, 
  "start_x": 10243.524464221402
}