{
  "shown": [], 
  "end_x": 10246.81714325201, 
  "num": 9335, 
  "zoom": 14, 
  "start_x": 10245.71958357514
}