{
  "shown": [], 
  "end_x": 10247.91470292888, 
  "num": 9336, 
  "zoom": 14, 
  "start_x": 10246.81714325201
}