{
  "shown": [
    {
      "max_elev": 798, 
      "uid": "db2ff243-7630-4845-b112-b7dbbdad59e4", 
      "area": 1.85, 
      "num_lifts": 1, 
      "source": "jsons/ski_area_elevations//europe-latest.json", 
      "min_elev": 650, 
      "cumarea": 10248.09218013393
    }
  ], 
  "end_x": 10249.01226260575, 
  "num": 9337, 
  "zoom": 14, 
  "start_x": 10247.91470292888
}