{
  "shown": [], 
  "end_x": 1027.3158575496873, 
  "num": 935, 
  "zoom": 14, 
  "start_x": 1026.2182978728179
}