{
  "shown": [], 
  "end_x": 10269.865896466265, 
  "num": 9356, 
  "zoom": 14, 
  "start_x": 10268.768336789395
}