{
  "shown": [], 
  "end_x": 10272.061015820003, 
  "num": 9358, 
  "zoom": 14, 
  "start_x": 10270.963456143134
}