{
  "shown": [], 
  "end_x": 1028.4134172265567, 
  "num": 936, 
  "zoom": 14, 
  "start_x": 1027.3158575496873
}