{
  "shown": [], 
  "end_x": 10275.353694850612, 
  "num": 9361, 
  "zoom": 14, 
  "start_x": 10274.256135173742
}