{
  "shown": [], 
  "end_x": 10277.54881420435, 
  "num": 9363, 
  "zoom": 14, 
  "start_x": 10276.451254527481
}