{
  "shown": [], 
  "end_x": 10279.74393355809, 
  "num": 9365, 
  "zoom": 14, 
  "start_x": 10278.64637388122
}