{
  "shown": [
    {
      "max_elev": 796, 
      "uid": "ac2b9fc7-2a2b-4b8e-8903-5a728b58d971", 
      "area": 2.41, 
      "num_lifts": 6, 
      "source": "jsons/ski_area_elevations//asia-latest.json", 
      "min_elev": 518, 
      "cumarea": 10280.844930634212
    }
  ], 
  "end_x": 10281.939052911828, 
  "num": 9367, 
  "zoom": 14, 
  "start_x": 10280.841493234959
}