{
  "shown": [], 
  "end_x": 10285.231731942436, 
  "num": 9370, 
  "zoom": 14, 
  "start_x": 10284.134172265567
}