{
  "shown": [
    {
      "max_elev": 795, 
      "uid": "5b680a6f-67d2-4bbf-97ce-e7663c21e88c", 
      "area": 1.82, 
      "num_lifts": 1, 
      "source": "jsons/ski_area_elevations//europe-latest.json", 
      "min_elev": 726, 
      "cumarea": 10286.116711608543
    }
  ], 
  "end_x": 10286.329291619306, 
  "num": 9371, 
  "zoom": 14, 
  "start_x": 10285.231731942436
}