{
  "shown": [], 
  "end_x": 10294.012209357392, 
  "num": 9378, 
  "zoom": 14, 
  "start_x": 10292.914649680522
}