{
  "shown": [], 
  "end_x": 10298.40244806487, 
  "num": 9382, 
  "zoom": 14, 
  "start_x": 10297.304888388
}