{
  "shown": [], 
  "end_x": 10300.597567418608, 
  "num": 9384, 
  "zoom": 14, 
  "start_x": 10299.500007741739
}