{
  "shown": [], 
  "end_x": 10317.060962571646, 
  "num": 9399, 
  "zoom": 14, 
  "start_x": 10315.963402894777
}