{
  "shown": [], 
  "end_x": 10320.353641602254, 
  "num": 9402, 
  "zoom": 14, 
  "start_x": 10319.256081925385
}