{
  "shown": [], 
  "end_x": 10324.743880309732, 
  "num": 9406, 
  "zoom": 14, 
  "start_x": 10323.646320632863
}