{
  "shown": [], 
  "end_x": 10330.23167869408, 
  "num": 9411, 
  "zoom": 14, 
  "start_x": 10329.13411901721
}