{
  "shown": [], 
  "end_x": 10343.40239481651, 
  "num": 9423, 
  "zoom": 14, 
  "start_x": 10342.304835139643
}