{
  "shown": [], 
  "end_x": 10346.695073847117, 
  "num": 9426, 
  "zoom": 14, 
  "start_x": 10345.597514170247
}