{
  "shown": [], 
  "end_x": 10360.96334964642, 
  "num": 9439, 
  "zoom": 14, 
  "start_x": 10359.86578996955
}