{
  "shown": [], 
  "end_x": 10374.134065768852, 
  "num": 9451, 
  "zoom": 14, 
  "start_x": 10373.036506091983
}