{
  "shown": [], 
  "end_x": 10376.329185122591, 
  "num": 9453, 
  "zoom": 14, 
  "start_x": 10375.231625445722
}