{
  "shown": [], 
  "end_x": 10379.621864153196, 
  "num": 9456, 
  "zoom": 14, 
  "start_x": 10378.524304476328
}