{
  "shown": [], 
  "end_x": 10381.816983506935, 
  "num": 9458, 
  "zoom": 14, 
  "start_x": 10380.719423830065
}