{
  "shown": [], 
  "end_x": 10400.475498013715, 
  "num": 9475, 
  "zoom": 14, 
  "start_x": 10399.377938336846
}