{
  "shown": [], 
  "end_x": 10402.670617367454, 
  "num": 9477, 
  "zoom": 14, 
  "start_x": 10401.573057690584
}