{
  "shown": [], 
  "end_x": 10413.646214136146, 
  "num": 9487, 
  "zoom": 14, 
  "start_x": 10412.548654459279
}