{
  "shown": [], 
  "end_x": 10416.938893166753, 
  "num": 9490, 
  "zoom": 14, 
  "start_x": 10415.841333489883
}