{
  "shown": [], 
  "end_x": 10424.621810904839, 
  "num": 9497, 
  "zoom": 14, 
  "start_x": 10423.52425122797
}