{
  "shown": [], 
  "end_x": 10426.816930258577, 
  "num": 9499, 
  "zoom": 14, 
  "start_x": 10425.719370581708
}