{
  "shown": [
    {
      "max_elev": 782, 
      "uid": "ad6e7908-f3ed-43b2-8720-9b1a4f7e5453", 
      "area": 1.8, 
      "num_lifts": 1, 
      "source": "jsons/ski_area_elevations//europe-latest.json", 
      "min_elev": 774, 
      "cumarea": 10433.018052716086
    }
  ], 
  "end_x": 10433.402288319794, 
  "num": 9505, 
  "zoom": 14, 
  "start_x": 10432.304728642925
}