{
  "shown": [], 
  "end_x": 10434.499847996663, 
  "num": 9506, 
  "zoom": 14, 
  "start_x": 10433.402288319794
}