{
  "shown": [], 
  "end_x": 10447.670564119097, 
  "num": 9518, 
  "zoom": 14, 
  "start_x": 10446.573004442227
}