{
  "shown": [], 
  "end_x": 10453.15836250344, 
  "num": 9523, 
  "zoom": 14, 
  "start_x": 10452.06080282657
}