{
  "shown": [], 
  "end_x": 10455.353481857179, 
  "num": 9525, 
  "zoom": 14, 
  "start_x": 10454.25592218031
}