{
  "shown": [], 
  "end_x": 10460.841280241526, 
  "num": 9530, 
  "zoom": 14, 
  "start_x": 10459.743720564657
}