{
  "shown": [], 
  "end_x": 10464.133959272134, 
  "num": 9533, 
  "zoom": 14, 
  "start_x": 10463.036399595265
}