{
  "shown": [], 
  "end_x": 10466.329078625873, 
  "num": 9535, 
  "zoom": 14, 
  "start_x": 10465.231518949004
}