{
  "shown": [], 
  "end_x": 10468.524197979612, 
  "num": 9537, 
  "zoom": 14, 
  "start_x": 10467.426638302743
}