{
  "shown": [
    {
      "max_elev": 780, 
      "uid": "803b5b06-2a68-43f3-a5c6-1bdd1649d607", 
      "area": 2.02, 
      "num_lifts": 2, 
      "source": "jsons/ski_area_elevations//north-america-latest.json", 
      "min_elev": 594, 
      "cumarea": 10469.787569221357
    }
  ], 
  "end_x": 10470.71931733335, 
  "num": 9539, 
  "zoom": 14, 
  "start_x": 10469.621757656481
}