{
  "shown": [], 
  "end_x": 10477.304675394567, 
  "num": 9545, 
  "zoom": 14, 
  "start_x": 10476.207115717698
}