{
  "shown": [], 
  "end_x": 10479.499794748306, 
  "num": 9547, 
  "zoom": 14, 
  "start_x": 10478.402235071437
}