{
  "shown": [], 
  "end_x": 10484.98759313265, 
  "num": 9552, 
  "zoom": 14, 
  "start_x": 10483.890033455782
}