{
  "shown": [], 
  "end_x": 10488.280272163258, 
  "num": 9555, 
  "zoom": 14, 
  "start_x": 10487.182712486388
}