{
  "shown": [], 
  "end_x": 10491.572951193866, 
  "num": 9558, 
  "zoom": 14, 
  "start_x": 10490.475391516997
}