{
  "shown": [], 
  "end_x": 10502.54854796256, 
  "num": 9568, 
  "zoom": 14, 
  "start_x": 10501.450988285691
}