{
  "shown": [], 
  "end_x": 10521.20706246934, 
  "num": 9585, 
  "zoom": 14, 
  "start_x": 10520.109502792471
}