{
  "shown": [], 
  "end_x": 1053.657289794551, 
  "num": 959, 
  "zoom": 14, 
  "start_x": 1052.5597301176817
}