{
  "shown": [], 
  "end_x": 10531.085099561165, 
  "num": 9594, 
  "zoom": 14, 
  "start_x": 10529.987539884296
}