{
  "shown": [], 
  "end_x": 1054.7548494714201, 
  "num": 960, 
  "zoom": 14, 
  "start_x": 1053.657289794551
}