{
  "shown": [
    {
      "max_elev": 774, 
      "uid": "84e13500-5589-474a-a3d0-6837be87fd77", 
      "area": 1.81, 
      "num_lifts": 1, 
      "source": "jsons/ski_area_elevations//europe-latest.json", 
      "min_elev": 687, 
      "cumarea": 10537.454957009364
    }
  ], 
  "end_x": 10537.670457622378, 
  "num": 9600, 
  "zoom": 14, 
  "start_x": 10536.57289794551
}