{
  "shown": [], 
  "end_x": 10539.865576976117, 
  "num": 9602, 
  "zoom": 14, 
  "start_x": 10538.768017299248
}