{
  "shown": [
    {
      "max_elev": 773, 
      "uid": "9514242d-5338-4e63-a8b0-93e09c4aeeb6", 
      "area": 2.45, 
      "num_lifts": 5, 
      "source": "jsons/ski_area_elevations//europe-latest.json", 
      "min_elev": 588, 
      "cumarea": 10540.35104503392
    }
  ], 
  "end_x": 10540.963136652987, 
  "num": 9603, 
  "zoom": 14, 
  "start_x": 10539.865576976117
}