{
  "shown": [], 
  "end_x": 10542.060696329856, 
  "num": 9604, 
  "zoom": 14, 
  "start_x": 10540.963136652987
}