{
  "shown": [], 
  "end_x": 10547.548494714203, 
  "num": 9609, 
  "zoom": 14, 
  "start_x": 10546.450935037334
}