{
  "shown": [
    {
      "max_elev": 772, 
      "uid": "adc09ffa-9819-44dd-9a9b-27464b624648", 
      "area": 1.9000000000000001, 
      "num_lifts": 6, 
      "source": "jsons/ski_area_elevations//asia-latest.json", 
      "min_elev": 619, 
      "cumarea": 10556.220593139733
    }
  ], 
  "end_x": 10556.328972129159, 
  "num": 9617, 
  "zoom": 14, 
  "start_x": 10555.231412452289
}