{
  "shown": [], 
  "end_x": 10558.524091482897, 
  "num": 9619, 
  "zoom": 14, 
  "start_x": 10557.426531806028
}