{
  "shown": [], 
  "end_x": 1056.949968825159, 
  "num": 962, 
  "zoom": 14, 
  "start_x": 1055.8524091482896
}