{
  "shown": [], 
  "end_x": 10562.914330190375, 
  "num": 9623, 
  "zoom": 14, 
  "start_x": 10561.816770513506
}