{
  "shown": [
    {
      "max_elev": 771, 
      "uid": "86498cbe-7cbc-47ab-92f8-81b7252c4937", 
      "area": 1.82, 
      "num_lifts": 1, 
      "source": "jsons/ski_area_elevations//south-america-latest.json", 
      "min_elev": 623, 
      "cumarea": 10571.829812287044
    }
  ], 
  "end_x": 10572.7923672822, 
  "num": 9632, 
  "zoom": 14, 
  "start_x": 10571.69480760533
}