{
  "shown": [], 
  "end_x": 10573.88992695907, 
  "num": 9633, 
  "zoom": 14, 
  "start_x": 10572.7923672822
}