{
  "shown": [], 
  "end_x": 1059.1450881788978, 
  "num": 964, 
  "zoom": 14, 
  "start_x": 1058.0475285020284
}