{
  "shown": [], 
  "end_x": 10581.572844697155, 
  "num": 9640, 
  "zoom": 14, 
  "start_x": 10580.475285020286
}