{
  "shown": [], 
  "end_x": 10587.060643081502, 
  "num": 9645, 
  "zoom": 14, 
  "start_x": 10585.963083404633
}