{
  "shown": [], 
  "end_x": 1060.242647855767, 
  "num": 965, 
  "zoom": 14, 
  "start_x": 1059.1450881788978
}