{
  "shown": [], 
  "end_x": 10598.036239850193, 
  "num": 9655, 
  "zoom": 14, 
  "start_x": 10596.938680173324
}