{
  "shown": [], 
  "end_x": 10605.719157588279, 
  "num": 9662, 
  "zoom": 14, 
  "start_x": 10604.62159791141
}