{
  "shown": [], 
  "end_x": 10621.08499306445, 
  "num": 9676, 
  "zoom": 14, 
  "start_x": 10619.987433387581
}