{
  "shown": [], 
  "end_x": 1063.535326886375, 
  "num": 968, 
  "zoom": 14, 
  "start_x": 1062.4377672095056
}