{
  "shown": [
    {
      "max_elev": 766, 
      "uid": "58715f92-81c1-4d1a-a5a7-2a1727ff55d2", 
      "area": 2.09, 
      "num_lifts": 1, 
      "source": "jsons/ski_area_elevations//north-america-latest.json", 
      "min_elev": 527, 
      "cumarea": 10628.05013291452
    }
  ], 
  "end_x": 10628.767910802533, 
  "num": 9683, 
  "zoom": 14, 
  "start_x": 10627.670351125664
}