{
  "shown": [], 
  "end_x": 10633.15814951001, 
  "num": 9687, 
  "zoom": 14, 
  "start_x": 10632.060589833141
}