{
  "shown": [], 
  "end_x": 10635.35326886375, 
  "num": 9689, 
  "zoom": 14, 
  "start_x": 10634.25570918688
}