{
  "shown": [
    {
      "max_elev": 765, 
      "uid": "78731001-2dc9-4f9a-9d51-f58fc8828200", 
      "area": 1.9000000000000001, 
      "num_lifts": 5, 
      "source": "jsons/ski_area_elevations//europe-latest.json", 
      "min_elev": 250, 
      "cumarea": 10638.632216848473
    }
  ], 
  "end_x": 10638.645947894358, 
  "num": 9692, 
  "zoom": 14, 
  "start_x": 10637.548388217489
}