{
  "shown": [], 
  "end_x": 10640.841067248097, 
  "num": 9694, 
  "zoom": 14, 
  "start_x": 10639.743507571227
}