{
  "shown": [], 
  "end_x": 10645.231305955574, 
  "num": 9698, 
  "zoom": 14, 
  "start_x": 10644.133746278705
}