{
  "shown": [], 
  "end_x": 10646.328865632444, 
  "num": 9699, 
  "zoom": 14, 
  "start_x": 10645.231305955574
}