{
  "shown": [], 
  "end_x": 10648.523984986183, 
  "num": 9701, 
  "zoom": 14, 
  "start_x": 10647.426425309313
}