{
  "shown": [], 
  "end_x": 10656.206902724269, 
  "num": 9708, 
  "zoom": 14, 
  "start_x": 10655.1093430474
}