{
  "shown": [], 
  "end_x": 10658.402022078008, 
  "num": 9710, 
  "zoom": 14, 
  "start_x": 10657.304462401138
}