{
  "shown": [], 
  "end_x": 10659.499581754875, 
  "num": 9711, 
  "zoom": 14, 
  "start_x": 10658.402022078008
}