{
  "shown": [], 
  "end_x": 10661.694701108612, 
  "num": 9713, 
  "zoom": 14, 
  "start_x": 10660.597141431743
}