{
  "shown": [], 
  "end_x": 10663.889820462351, 
  "num": 9715, 
  "zoom": 14, 
  "start_x": 10662.792260785482
}