{
  "shown": [], 
  "end_x": 10666.08493981609, 
  "num": 9717, 
  "zoom": 14, 
  "start_x": 10664.98738013922
}