{
  "shown": [
    {
      "max_elev": 762, 
      "uid": "8d47b45c-e69c-4a65-80e3-51b2d142c98a", 
      "area": 2.2800000000000002, 
      "num_lifts": 7, 
      "source": "jsons/ski_area_elevations//asia-latest.json", 
      "min_elev": 262, 
      "cumarea": 10670.732417254889
    }
  ], 
  "end_x": 10671.572738200437, 
  "num": 9722, 
  "zoom": 14, 
  "start_x": 10670.475178523568
}