{
  "shown": [], 
  "end_x": 10674.865417231045, 
  "num": 9725, 
  "zoom": 14, 
  "start_x": 10673.767857554176
}