{
  "shown": [], 
  "end_x": 10675.962976907915, 
  "num": 9726, 
  "zoom": 14, 
  "start_x": 10674.865417231045
}