{
  "shown": [], 
  "end_x": 1069.0231252707215, 
  "num": 973, 
  "zoom": 14, 
  "start_x": 1067.9255655938523
}