{
  "shown": [], 
  "end_x": 10691.328812384087, 
  "num": 9740, 
  "zoom": 14, 
  "start_x": 10690.231252707217
}