{
  "shown": [], 
  "end_x": 10693.523931737825, 
  "num": 9742, 
  "zoom": 14, 
  "start_x": 10692.426372060956
}