{
  "shown": [], 
  "end_x": 10699.011730122169, 
  "num": 9747, 
  "zoom": 14, 
  "start_x": 10697.9141704453
}