{
  "shown": [], 
  "end_x": 10709.987326890863, 
  "num": 9757, 
  "zoom": 14, 
  "start_x": 10708.889767213994
}