{
  "shown": [
    {
      "max_elev": 755, 
      "cumarea": 10710.70670869359, 
      "area": 1.9000000000000001, 
      "num_lifts": 1, 
      "name": "(urban, Telemaco Borba)", 
      "source": "jsons/ski_area_elevations//south-america-latest.json", 
      "min_elev": 755, 
      "uid": "9ab43ceb-50ed-4824-8ae4-6ddaf6176b89"
    }
  ], 
  "end_x": 10711.084886567733, 
  "num": 9758, 
  "zoom": 14, 
  "start_x": 10709.987326890863
}