{
  "shown": [], 
  "end_x": 1072.3158043013295, 
  "num": 976, 
  "zoom": 14, 
  "start_x": 1071.21824462446
}