{
  "shown": [], 
  "end_x": 1073.4133639781987, 
  "num": 977, 
  "zoom": 14, 
  "start_x": 1072.3158043013295
}