{
  "shown": [], 
  "end_x": 10725.353162367035, 
  "num": 9771, 
  "zoom": 14, 
  "start_x": 10724.255602690166
}