{
  "shown": [], 
  "end_x": 10726.450722043905, 
  "num": 9772, 
  "zoom": 14, 
  "start_x": 10725.353162367035
}