{
  "shown": [], 
  "end_x": 1074.510923655068, 
  "num": 978, 
  "zoom": 14, 
  "start_x": 1073.4133639781987
}