{
  "shown": [], 
  "end_x": 10739.621438166334, 
  "num": 9784, 
  "zoom": 14, 
  "start_x": 10738.523878489465
}