{
  "shown": [], 
  "end_x": 10741.816557520073, 
  "num": 9786, 
  "zoom": 14, 
  "start_x": 10740.718997843203
}