{
  "shown": [], 
  "end_x": 10744.011676873812, 
  "num": 9788, 
  "zoom": 14, 
  "start_x": 10742.914117196942
}