{
  "shown": [
    {
      "max_elev": 2572, 
      "cumarea": 1075.0245280153583, 
      "area": 29.400000000000002, 
      "num_lifts": 173, 
      "name": "Les Sybelles", 
      "source": "jsons/ski_area_elevations//europe-latest.json", 
      "min_elev": 1085, 
      "uid": "44ae0a02-b7bb-42a0-9459-489c97a39b4b"
    }
  ], 
  "end_x": 1075.6084833319374, 
  "num": 979, 
  "zoom": 14, 
  "start_x": 1074.510923655068
}