{
  "shown": [
    {
      "max_elev": 750, 
      "uid": "62ce3e1c-a285-46dc-98bf-846afc516090", 
      "area": 1.81, 
      "num_lifts": 1, 
      "source": "jsons/ski_area_elevations//europe-latest.json", 
      "min_elev": 717, 
      "cumarea": 10750.682962348445
    }
  ], 
  "end_x": 10751.694594611898, 
  "num": 9795, 
  "zoom": 14, 
  "start_x": 10750.597034935028
}