{
  "shown": [], 
  "end_x": 10765.962870411196, 
  "num": 9808, 
  "zoom": 14, 
  "start_x": 10764.865310734329
}