{
  "shown": [], 
  "end_x": 10771.450668795544, 
  "num": 9813, 
  "zoom": 14, 
  "start_x": 10770.353109118674
}