{
  "shown": [], 
  "end_x": 10775.840907503021, 
  "num": 9817, 
  "zoom": 14, 
  "start_x": 10774.743347826152
}