{
  "shown": [], 
  "end_x": 10781.328705887368, 
  "num": 9822, 
  "zoom": 14, 
  "start_x": 10780.231146210499
}