{
  "shown": [], 
  "end_x": 10803.279899424757, 
  "num": 9842, 
  "zoom": 14, 
  "start_x": 10802.182339747887
}