{
  "shown": [], 
  "end_x": 1082.1938413931532, 
  "num": 985, 
  "zoom": 14, 
  "start_x": 1081.096281716284
}