{
  "shown": [], 
  "end_x": 10813.157936516582, 
  "num": 9851, 
  "zoom": 14, 
  "start_x": 10812.060376839712
}