{
  "shown": [], 
  "end_x": 10820.840854254664, 
  "num": 9858, 
  "zoom": 14, 
  "start_x": 10819.743294577795
}