{
  "shown": [], 
  "end_x": 1084.3889607468918, 
  "num": 987, 
  "zoom": 14, 
  "start_x": 1083.2914010700224
}