{
  "shown": [], 
  "end_x": 10837.304249407705, 
  "num": 9873, 
  "zoom": 14, 
  "start_x": 10836.206689730836
}