{
  "shown": [], 
  "end_x": 10841.694488115183, 
  "num": 9877, 
  "zoom": 14, 
  "start_x": 10840.596928438314
}