{
  "shown": [], 
  "end_x": 10843.889607468922, 
  "num": 9879, 
  "zoom": 14, 
  "start_x": 10842.792047792052
}