{
  "shown": [], 
  "end_x": 10847.18228649953, 
  "num": 9882, 
  "zoom": 14, 
  "start_x": 10846.08472682266
}