{
  "shown": [], 
  "end_x": 10858.157883268224, 
  "num": 9892, 
  "zoom": 14, 
  "start_x": 10857.060323591355
}