{
  "shown": [
    {
      "max_elev": 740, 
      "uid": "e06cfb67-4e13-474d-94ea-f0dd2ae4fd20", 
      "area": 1.84, 
      "num_lifts": 2, 
      "source": "jsons/ski_area_elevations//europe-latest.json", 
      "min_elev": 661, 
      "cumarea": 10859.073893835923
    }
  ], 
  "end_x": 10859.255442945094, 
  "num": 9893, 
  "zoom": 14, 
  "start_x": 10858.157883268224
}