{
  "shown": [], 
  "end_x": 109.7559676869324, 
  "num": 99, 
  "zoom": 14, 
  "start_x": 108.65840801006307
}