{
  "shown": [], 
  "end_x": 10866.93836068318, 
  "num": 9900, 
  "zoom": 14, 
  "start_x": 10865.84080100631
}