{
  "shown": [], 
  "end_x": 10869.133480036919, 
  "num": 9902, 
  "zoom": 14, 
  "start_x": 10868.03592036005
}