{
  "shown": [
    {
      "max_elev": 738, 
      "uid": "298ef31f-3da2-4a28-b80d-11b7ebcb7fc4", 
      "area": 1.82, 
      "num_lifts": 1, 
      "source": "jsons/ski_area_elevations//europe-latest.json", 
      "min_elev": 660, 
      "cumarea": 10885.985513009775
    }
  ], 
  "end_x": 10886.694434866826, 
  "num": 9918, 
  "zoom": 14, 
  "start_x": 10885.596875189956
}