{
  "shown": [], 
  "end_x": 10887.791994543695, 
  "num": 9919, 
  "zoom": 14, 
  "start_x": 10886.694434866826
}