{
  "shown": [], 
  "end_x": 10895.474912281781, 
  "num": 9926, 
  "zoom": 14, 
  "start_x": 10894.377352604912
}