{
  "shown": [
    {
      "max_elev": 737, 
      "uid": "3780c5f0-2adf-4861-8be2-69de29812b14", 
      "area": 1.83, 
      "num_lifts": 2, 
      "source": "jsons/ski_area_elevations//europe-latest.json", 
      "min_elev": 695, 
      "cumarea": 10899.105213755138
    }
  ], 
  "end_x": 10899.865150989259, 
  "num": 9930, 
  "zoom": 14, 
  "start_x": 10898.76759131239
}