{
  "shown": [], 
  "end_x": 10904.255389696737, 
  "num": 9934, 
  "zoom": 14, 
  "start_x": 10903.157830019867
}