{
  "shown": [], 
  "end_x": 10908.64562840421, 
  "num": 9938, 
  "zoom": 14, 
  "start_x": 10907.548068727341
}