{
  "shown": [], 
  "end_x": 10910.84074775795, 
  "num": 9940, 
  "zoom": 14, 
  "start_x": 10909.74318808108
}