{
  "shown": [], 
  "end_x": 10911.938307434819, 
  "num": 9941, 
  "zoom": 14, 
  "start_x": 10910.84074775795
}