{
  "shown": [], 
  "end_x": 10925.109023557252, 
  "num": 9953, 
  "zoom": 14, 
  "start_x": 10924.011463880383
}