{
  "shown": [], 
  "end_x": 10937.182180002816, 
  "num": 9964, 
  "zoom": 14, 
  "start_x": 10936.084620325946
}