{
  "shown": [], 
  "end_x": 10940.474859033422, 
  "num": 9967, 
  "zoom": 14, 
  "start_x": 10939.377299356554
}