{
  "shown": [
    {
      "max_elev": 733, 
      "uid": "5658de79-5b8e-4555-a204-26b6af5d332f", 
      "area": 1.81, 
      "num_lifts": 1, 
      "source": "jsons/ski_area_elevations//europe-latest.json", 
      "min_elev": 688, 
      "cumarea": 10949.413443189049
    }
  ], 
  "end_x": 10950.352896125245, 
  "num": 9976, 
  "zoom": 14, 
  "start_x": 10949.255336448376
}