{
  "shown": [], 
  "end_x": 10953.645575155853, 
  "num": 9979, 
  "zoom": 14, 
  "start_x": 10952.548015478984
}