{
  "shown": [], 
  "end_x": 10964.621171924548, 
  "num": 9989, 
  "zoom": 14, 
  "start_x": 10963.523612247678
}