{
  "shown": [
    {
      "max_elev": 731, 
      "uid": "ec57cd58-b2fd-4767-9138-ac14d8cd76ba", 
      "area": 1.81, 
      "num_lifts": 1, 
      "source": "jsons/ski_area_elevations//europe-latest.json", 
      "min_elev": 673, 
      "cumarea": 10970.214943837153
    }
  ], 
  "end_x": 10971.206529985764, 
  "num": 9995, 
  "zoom": 14, 
  "start_x": 10970.108970308895
}