{
  "shown": [], 
  "end_x": 10972.304089662633, 
  "num": 9996, 
  "zoom": 14, 
  "start_x": 10971.206529985764
}