{
  "shown": [
    {
      "max_elev": 730, 
      "uid": "f89dcb4c-531f-4a77-9d05-6b35d9a03c1a", 
      "area": 1.9000000000000001, 
      "num_lifts": 3, 
      "source": "jsons/ski_area_elevations//europe-latest.json", 
      "min_elev": 283, 
      "cumarea": 10972.856797723325
    }
  ], 
  "end_x": 10973.401649339503, 
  "num": 9997, 
  "zoom": 14, 
  "start_x": 10972.304089662633
}