{
  "shown": [], 
  "end_x": 10974.499209016372, 
  "num": 9998, 
  "zoom": 14, 
  "start_x": 10973.401649339503
}