{
  "shown": [], 
  "end_x": 2197.314473092387, 
  "num": 1000, 
  "zoom": 13, 
  "start_x": 2195.119353738648
}