{
  "shown": [
    {
      "max_elev": 2198, 
      "uid": "984ece06-c4ec-4e94-b1e0-8854794e879f", 
      "area": 1.92, 
      "num_lifts": 2, 
      "source": "jsons/ski_area_elevations//north-america-latest.json", 
      "min_elev": 1570, 
      "cumarea": 2210.3404613199477
    }
  ], 
  "end_x": 2210.485189214818, 
  "num": 1006, 
  "zoom": 13, 
  "start_x": 2208.2900698610797
}