{
  "shown": [], 
  "end_x": 2212.680308568557, 
  "num": 1007, 
  "zoom": 13, 
  "start_x": 2210.485189214818
}