{
  "shown": [], 
  "end_x": 2252.1924569358525, 
  "num": 1025, 
  "zoom": 13, 
  "start_x": 2249.9973375821137
}