{
  "shown": [
    {
      "max_elev": 2189, 
      "uid": "37a1c785-2546-4854-8c7f-cb0986eab52f", 
      "area": 2.3600000000000003, 
      "num_lifts": 4, 
      "source": "jsons/ski_area_elevations//north-america-latest.json", 
      "min_elev": 1764, 
      "cumarea": 2255.2426455714967
    }
  ], 
  "end_x": 2256.58269564333, 
  "num": 1027, 
  "zoom": 13, 
  "start_x": 2254.3875762895914
}