{
  "shown": [], 
  "end_x": 2260.9729343508075, 
  "num": 1029, 
  "zoom": 13, 
  "start_x": 2258.777814997069
}