{
  "shown": [
    {
      "max_elev": 2188, 
      "uid": "624f9ee1-5640-4db7-b1a3-c5e6107b9efb", 
      "area": 2.11, 
      "num_lifts": 3, 
      "source": "jsons/ski_area_elevations//europe-latest.json", 
      "min_elev": 1847, 
      "cumarea": 2261.424418044274
    }
  ], 
  "end_x": 2263.168053704546, 
  "num": 1030, 
  "zoom": 13, 
  "start_x": 2260.9729343508075
}