{
  "shown": [
    {
      "max_elev": 2185, 
      "uid": "efe002c4-9067-417e-9404-549a09c03a5f", 
      "area": 1.9000000000000001, 
      "num_lifts": 4, 
      "source": "jsons/ski_area_elevations//north-america-latest.json", 
      "min_elev": 2045, 
      "cumarea": 2271.985130901968
    }
  ], 
  "end_x": 2274.143650473239, 
  "num": 1035, 
  "zoom": 13, 
  "start_x": 2271.9485311195003
}