{
  "shown": [], 
  "end_x": 2289.5094859494093, 
  "num": 1042, 
  "zoom": 13, 
  "start_x": 2287.314366595671
}