{
  "shown": [], 
  "end_x": 2307.070440779319, 
  "num": 1050, 
  "zoom": 13, 
  "start_x": 2304.8753214255803
}