{
  "shown": [
    {
      "max_elev": 2154, 
      "uid": "9149d876-f9ff-45d6-8389-c8aa7b0e094d", 
      "area": 3.8200000000000003, 
      "num_lifts": 23, 
      "source": "jsons/ski_area_elevations//europe-latest.json", 
      "min_elev": 1066, 
      "cumarea": 2341.966069315843
    }
  ], 
  "end_x": 2342.192350439137, 
  "num": 1066, 
  "zoom": 13, 
  "start_x": 2339.9972310853987
}