{
  "shown": [], 
  "end_x": 2353.167947207831, 
  "num": 1071, 
  "zoom": 13, 
  "start_x": 2350.9728278540924
}