{
  "shown": [
    {
      "max_elev": 3380, 
      "uid": "ad752864-dfa8-485b-a8ae-2c922a44ad14", 
      "area": 3.64, 
      "num_lifts": 15, 
      "source": "jsons/ski_area_elevations//europe-latest.json", 
      "min_elev": 2777, 
      "cumarea": 237.12973780590443
    }
  ], 
  "end_x": 239.2680095575126, 
  "num": 108, 
  "zoom": 13, 
  "start_x": 237.07289020377397
}