{
  "shown": [
    {
      "max_elev": 2141, 
      "uid": "31caa8cf-93b4-4461-91cf-23c1a0424e9c", 
      "area": 2.04, 
      "num_lifts": 2, 
      "source": "jsons/ski_area_elevations//europe-latest.json", 
      "min_elev": 1742, 
      "cumarea": 2375.8399391560133
    }
  ], 
  "end_x": 2377.314260098956, 
  "num": 1082, 
  "zoom": 13, 
  "start_x": 2375.1191407452175
}