{
  "shown": [], 
  "end_x": 2392.6800955751264, 
  "num": 1089, 
  "zoom": 13, 
  "start_x": 2390.484976221388
}