{
  "shown": [], 
  "end_x": 2403.6556923438193, 
  "num": 1094, 
  "zoom": 13, 
  "start_x": 2401.460572990081
}