{
  "shown": [], 
  "end_x": 2421.216647173729, 
  "num": 1102, 
  "zoom": 13, 
  "start_x": 2419.0215278199903
}