{
  "shown": [
    {
      "max_elev": 2113, 
      "cumarea": 2444.5701160679955, 
      "area": 2.9000000000000004, 
      "num_lifts": 14, 
      "name": "Caviahue", 
      "source": "jsons/ski_area_elevations//south-america-latest.json", 
      "min_elev": 1687, 
      "uid": "e4685f09-ee71-47ea-a60c-9596e2be9e00"
    }
  ], 
  "end_x": 2445.362960064854, 
  "num": 1113, 
  "zoom": 13, 
  "start_x": 2443.167840711116
}