{
  "shown": [], 
  "end_x": 2447.5580794185926, 
  "num": 1114, 
  "zoom": 13, 
  "start_x": 2445.362960064854
}