{
  "shown": [], 
  "end_x": 2471.7043923097176, 
  "num": 1125, 
  "zoom": 13, 
  "start_x": 2469.509272955979
}