{
  "shown": [
    {
      "max_elev": 2107, 
      "uid": "1f0ba92e-01ff-4d7a-ae25-51f58055f6c2", 
      "area": 1.85, 
      "num_lifts": 1, 
      "source": "jsons/ski_area_elevations//europe-latest.json", 
      "min_elev": 1836, 
      "cumarea": 2478.5739470115755
    }
  ], 
  "end_x": 2480.484869724672, 
  "num": 1129, 
  "zoom": 13, 
  "start_x": 2478.2897503709337
}