{
  "shown": [], 
  "end_x": 2493.6555858471042, 
  "num": 1135, 
  "zoom": 13, 
  "start_x": 2491.460466493366
}