{
  "shown": [], 
  "end_x": 252.4387256799445, 
  "num": 114, 
  "zoom": 13, 
  "start_x": 250.24360632620585
}