{
  "shown": [
    {
      "max_elev": 2097, 
      "uid": "2faa55db-b9ce-4f72-ba0b-f2f7b2d8eee9", 
      "area": 2.77, 
      "num_lifts": 11, 
      "source": "jsons/ski_area_elevations//asia-latest.json", 
      "min_elev": 1244, 
      "cumarea": 2537.9738806490577
    }
  ], 
  "end_x": 2539.753092275616, 
  "num": 1156, 
  "zoom": 13, 
  "start_x": 2537.557972921877
}