{
  "shown": [], 
  "end_x": 259.02408374116044, 
  "num": 117, 
  "zoom": 13, 
  "start_x": 256.8289643874218
}