{
  "shown": [
    {
      "max_elev": 2083, 
      "uid": "69d172c9-c378-4a2a-a1eb-f7074ac2333a", 
      "area": 3.0700000000000003, 
      "num_lifts": 7, 
      "source": "jsons/ski_area_elevations//asia-latest.json", 
      "min_elev": 1392, 
      "cumarea": 2588.9413631503444
    }
  ], 
  "end_x": 2590.240837411605, 
  "num": 1179, 
  "zoom": 13, 
  "start_x": 2588.045718057866
}