{
  "shown": [], 
  "end_x": 2603.4115535340366, 
  "num": 1185, 
  "zoom": 13, 
  "start_x": 2601.216434180298
}