{
  "shown": [], 
  "end_x": 2609.9969115952526, 
  "num": 1188, 
  "zoom": 13, 
  "start_x": 2607.801792241514
}