{
  "shown": [
    {
      "max_elev": 3321, 
      "uid": "8ba45698-3d45-42ab-a8c4-01e761dfba88", 
      "area": 1.82, 
      "num_lifts": 2, 
      "source": "jsons/ski_area_elevations//north-america-latest.json", 
      "min_elev": 3163, 
      "cumarea": 262.3710110518444
    }
  ], 
  "end_x": 263.41432244863773, 
  "num": 119, 
  "zoom": 13, 
  "start_x": 261.21920309489906
}