{
  "shown": [
    {
      "max_elev": 2071, 
      "cumarea": 2615.750626629311, 
      "area": 3.0300000000000002, 
      "num_lifts": 15, 
      "name": "Monte Terminillo", 
      "source": "jsons/ski_area_elevations//europe-latest.json", 
      "min_elev": 1532, 
      "uid": "28e44d82-5356-43ed-8aac-e4b9bc157ee3"
    }
  ], 
  "end_x": 2616.5822696564683, 
  "num": 1191, 
  "zoom": 13, 
  "start_x": 2614.3871503027294
}