{
  "shown": [
    {
      "max_elev": 2065, 
      "cumarea": 2643.932258611989, 
      "area": 11.92, 
      "num_lifts": 72, 
      "name": "Whitefish", 
      "source": "jsons/ski_area_elevations//north-america-latest.json", 
      "min_elev": 1367, 
      "uid": "40594831-87ca-435e-90e6-8164f7a67f35"
    }
  ], 
  "end_x": 2645.1188212550715, 
  "num": 1204, 
  "zoom": 13, 
  "start_x": 2642.9237019013326
}