{
  "shown": [], 
  "end_x": 2647.31394060881, 
  "num": 1205, 
  "zoom": 13, 
  "start_x": 2645.1188212550715
}