{
  "shown": [
    {
      "max_elev": 2057, 
      "uid": "b8910cfb-10d5-427d-86e6-3bf24e1655d7", 
      "area": 4.31, 
      "num_lifts": 26, 
      "source": "jsons/ski_area_elevations//asia-latest.json", 
      "min_elev": 1625, 
      "cumarea": 2682.6517148525586
    }
  ], 
  "end_x": 2684.630969622366, 
  "num": 1222, 
  "zoom": 13, 
  "start_x": 2682.4358502686277
}