{
  "shown": [], 
  "end_x": 2689.021208329844, 
  "num": 1224, 
  "zoom": 13, 
  "start_x": 2686.826088976105
}