{
  "shown": [
    {
      "max_elev": 2050, 
      "uid": "94e241e1-2b66-4b2c-a5b5-e4076a051d29", 
      "area": 4.97, 
      "num_lifts": 33, 
      "source": "jsons/ski_area_elevations//europe-latest.json", 
      "min_elev": 989, 
      "cumarea": 2699.677196208874
    }
  ], 
  "end_x": 2699.996805098537, 
  "num": 1229, 
  "zoom": 13, 
  "start_x": 2697.8016857447983
}