{
  "shown": [
    {
      "max_elev": 2050, 
      "uid": "1c2ac31c-160b-4e6a-ba07-58e9e6b921c3", 
      "area": 1.82, 
      "num_lifts": 1, 
      "source": "jsons/ski_area_elevations//europe-latest.json", 
      "min_elev": 1555, 
      "cumarea": 2711.9788908060223
    }
  ], 
  "end_x": 2713.1675212209693, 
  "num": 1235, 
  "zoom": 13, 
  "start_x": 2710.9724018672305
}