{
  "shown": [], 
  "end_x": 2717.5577599284466, 
  "num": 1237, 
  "zoom": 13, 
  "start_x": 2715.362640574708
}