{
  "shown": [], 
  "end_x": 2721.947998635924, 
  "num": 1239, 
  "zoom": 13, 
  "start_x": 2719.752879282185
}