{
  "shown": [], 
  "end_x": 2735.1187147583555, 
  "num": 1245, 
  "zoom": 13, 
  "start_x": 2732.923595404617
}