{
  "shown": [], 
  "end_x": 2750.484550234526, 
  "num": 1252, 
  "zoom": 13, 
  "start_x": 2748.289430880787
}