{
  "shown": [], 
  "end_x": 2779.0211018331283, 
  "num": 1265, 
  "zoom": 13, 
  "start_x": 2776.8259824793895
}