{
  "shown": [
    {
      "max_elev": 2036, 
      "uid": "8cc4bc71-06f6-48b8-af03-2dcd49c5bf00", 
      "area": 1.85, 
      "num_lifts": 1, 
      "source": "jsons/ski_area_elevations//europe-latest.json", 
      "min_elev": 1680, 
      "cumarea": 2781.9482855586475
    }
  ], 
  "end_x": 2783.411340540606, 
  "num": 1267, 
  "zoom": 13, 
  "start_x": 2781.216221186867
}