{
  "shown": [], 
  "end_x": 2796.5820566630377, 
  "num": 1273, 
  "zoom": 13, 
  "start_x": 2794.3869373092994
}