{
  "shown": [
    {
      "max_elev": 2033, 
      "uid": "52dc3231-86e0-46a7-8e1c-69ea2f4b31ac", 
      "area": 2.3, 
      "num_lifts": 6, 
      "source": "jsons/ski_area_elevations//europe-latest.json", 
      "min_elev": 1453, 
      "cumarea": 2799.9314931327926
    }
  ], 
  "end_x": 2800.972295370515, 
  "num": 1275, 
  "zoom": 13, 
  "start_x": 2798.777176016776
}