{
  "shown": [], 
  "end_x": 2809.7527727854695, 
  "num": 1279, 
  "zoom": 13, 
  "start_x": 2807.5576534317306
}