{
  "shown": [
    {
      "max_elev": 2031, 
      "cumarea": 2815.535443629346, 
      "area": 41.059999999999995, 
      "num_lifts": 231, 
      "name": "Espace Diamant", 
      "source": "jsons/ski_area_elevations//europe-latest.json", 
      "min_elev": 954, 
      "uid": "00cc16ad-f5de-447d-96f2-e5057673a906"
    }
  ], 
  "end_x": 2816.338130846685, 
  "num": 1282, 
  "zoom": 13, 
  "start_x": 2814.1430114929467
}