{
  "shown": [], 
  "end_x": 2840.4844437378106, 
  "num": 1293, 
  "zoom": 13, 
  "start_x": 2838.2893243840717
}