{
  "shown": [], 
  "end_x": 2851.460040506504, 
  "num": 1298, 
  "zoom": 13, 
  "start_x": 2849.264921152765
}