{
  "shown": [
    {
      "max_elev": 2026, 
      "uid": "55732da4-34f1-4634-b26c-a5db23142d53", 
      "area": 4.46, 
      "num_lifts": 17, 
      "source": "jsons/ski_area_elevations//europe-latest.json", 
      "min_elev": 886, 
      "cumarea": 2851.5622121490146
    }
  ], 
  "end_x": 2853.6551598602427, 
  "num": 1299, 
  "zoom": 13, 
  "start_x": 2851.460040506504
}