{
  "shown": [], 
  "end_x": 2860.2405179214584, 
  "num": 1302, 
  "zoom": 13, 
  "start_x": 2858.04539856772
}