{
  "shown": [
    {
      "max_elev": 2021, 
      "cumarea": 2873.061973176893, 
      "area": 11.530000000000001, 
      "num_lifts": 70, 
      "name": "Le Grand-Bornand", 
      "source": "jsons/ski_area_elevations//europe-latest.json", 
      "min_elev": 936, 
      "uid": "9d492f65-8ba2-427a-8c0a-ac620a3e3c54"
    }
  ], 
  "end_x": 2873.4112340438905, 
  "num": 1308, 
  "zoom": 13, 
  "start_x": 2871.2161146901517
}