{
  "shown": [], 
  "end_x": 2875.606353397629, 
  "num": 1309, 
  "zoom": 13, 
  "start_x": 2873.4112340438905
}