{
  "shown": [
    {
      "max_elev": 3285, 
      "cumarea": 289.4119308429745, 
      "area": 42.599999999999994, 
      "num_lifts": 254, 
      "name": "Alpe d'Huez", 
      "source": "jsons/ski_area_elevations//europe-latest.json", 
      "min_elev": 1127, 
      "uid": "254f7968-1636-4a75-b272-c5cb306514a3"
    }
  ], 
  "end_x": 289.75575469350156, 
  "num": 131, 
  "zoom": 13, 
  "start_x": 287.5606353397629
}