{
  "shown": [], 
  "end_x": 2884.3868308125834, 
  "num": 1313, 
  "zoom": 13, 
  "start_x": 2882.191711458845
}