{
  "shown": [], 
  "end_x": 2926.0940985336183, 
  "num": 1332, 
  "zoom": 13, 
  "start_x": 2923.8989791798795
}