{
  "shown": [
    {
      "max_elev": 2005, 
      "uid": "fd3afbe5-9438-4288-b4c8-030324f772c7", 
      "area": 2.11, 
      "num_lifts": 5, 
      "source": "jsons/ski_area_elevations//north-america-latest.json", 
      "min_elev": 1811, 
      "cumarea": 2938.159979665613
    }
  ], 
  "end_x": 2939.2648146560496, 
  "num": 1338, 
  "zoom": 13, 
  "start_x": 2937.069695302311
}