{
  "shown": [], 
  "end_x": 296.3411127547175, 
  "num": 134, 
  "zoom": 13, 
  "start_x": 294.14599340097885
}