{
  "shown": [], 
  "end_x": 2945.8501727172657, 
  "num": 1341, 
  "zoom": 13, 
  "start_x": 2943.6550533635273
}