{
  "shown": [], 
  "end_x": 2976.5818436696063, 
  "num": 1355, 
  "zoom": 13, 
  "start_x": 2974.3867243158675
}