{
  "shown": [
    {
      "max_elev": 1990, 
      "uid": "b904a0a6-0542-4831-be28-6a7096e080a7", 
      "area": 3.76, 
      "num_lifts": 8, 
      "source": "jsons/ski_area_elevations//europe-latest.json", 
      "min_elev": 1507, 
      "cumarea": 2993.5279699479834
    }
  ], 
  "end_x": 2994.142798499516, 
  "num": 1363, 
  "zoom": 13, 
  "start_x": 2991.9476791457773
}