{
  "shown": [], 
  "end_x": 2998.5330372069934, 
  "num": 1365, 
  "zoom": 13, 
  "start_x": 2996.337917853255
}