{
  "shown": [], 
  "end_x": 3007.313514621948, 
  "num": 1369, 
  "zoom": 13, 
  "start_x": 3005.1183952682095
}