{
  "shown": [], 
  "end_x": 302.92647081593344, 
  "num": 137, 
  "zoom": 13, 
  "start_x": 300.73135146219477
}