{
  "shown": [], 
  "end_x": 3029.264708159334, 
  "num": 1379, 
  "zoom": 13, 
  "start_x": 3027.0695888055952
}