{
  "shown": [
    {
      "max_elev": 1978, 
      "cumarea": 3051.043394316306, 
      "area": 8.09, 
      "num_lifts": 56, 
      "name": "Passo del Lupo", 
      "source": "jsons/ski_area_elevations//europe-latest.json", 
      "min_elev": 878, 
      "uid": "85360764-64a7-4457-b710-177670ad125c"
    }
  ], 
  "end_x": 3051.2159016967207, 
  "num": 1389, 
  "zoom": 13, 
  "start_x": 3049.020782342982
}