{
  "shown": [], 
  "end_x": 3053.4110210504596, 
  "num": 1390, 
  "zoom": 13, 
  "start_x": 3051.2159016967207
}