{
  "shown": [
    {
      "max_elev": 1977, 
      "uid": "bf276fcc-f5ec-46b7-ab62-c792d5343a28", 
      "area": 2.85, 
      "num_lifts": 16, 
      "source": "jsons/ski_area_elevations//europe-latest.json", 
      "min_elev": 1451, 
      "cumarea": 3056.6784999754886
    }
  ], 
  "end_x": 3057.8012597579364, 
  "num": 1392, 
  "zoom": 13, 
  "start_x": 3055.606140404198
}