{
  "shown": [], 
  "end_x": 3097.313408125232, 
  "num": 1410, 
  "zoom": 13, 
  "start_x": 3095.1182887714936
}