{
  "shown": [], 
  "end_x": 313.9020675846267, 
  "num": 142, 
  "zoom": 13, 
  "start_x": 311.70694823088803
}