{
  "shown": [], 
  "end_x": 3163.166988737392, 
  "num": 1440, 
  "zoom": 13, 
  "start_x": 3160.971869383653
}