{
  "shown": [], 
  "end_x": 3176.337704859823, 
  "num": 1446, 
  "zoom": 13, 
  "start_x": 3174.1425855060847
}