{
  "shown": [], 
  "end_x": 3193.898659689733, 
  "num": 1454, 
  "zoom": 13, 
  "start_x": 3191.703540335994
}