{
  "shown": [], 
  "end_x": 3200.4840177509486, 
  "num": 1457, 
  "zoom": 13, 
  "start_x": 3198.28889839721
}