{
  "shown": [
    {
      "max_elev": 1944, 
      "cumarea": 3208.8447963677518, 
      "area": 6.3999999999999995, 
      "num_lifts": 43, 
      "name": "Ravascletto / Zoncolan", 
      "source": "jsons/ski_area_elevations//europe-latest.json", 
      "min_elev": 807, 
      "uid": "1d7ee534-9a4e-4aa8-89d2-cae2209a02aa"
    }
  ], 
  "end_x": 3209.2644951659036, 
  "num": 1461, 
  "zoom": 13, 
  "start_x": 3207.069375812165
}