{
  "shown": [], 
  "end_x": 3244.3864048257215, 
  "num": 1477, 
  "zoom": 13, 
  "start_x": 3242.191285471983
}