{
  "shown": [], 
  "end_x": 3253.166882240676, 
  "num": 1481, 
  "zoom": 13, 
  "start_x": 3250.9717628869375
}