{
  "shown": [
    {
      "max_elev": 1930, 
      "uid": "3f5d01b9-1cdc-4174-a7f8-8abd00ddc1df", 
      "area": 1.82, 
      "num_lifts": 1, 
      "source": "jsons/ski_area_elevations//africa-latest.json", 
      "min_elev": 1896, 
      "cumarea": 3258.672856240034
    }
  ], 
  "end_x": 3259.752240301892, 
  "num": 1484, 
  "zoom": 13, 
  "start_x": 3257.557120948153
}