{
  "shown": [], 
  "end_x": 3286.0936725467564, 
  "num": 1496, 
  "zoom": 13, 
  "start_x": 3283.8985531930175
}