{
  "shown": [
    {
      "max_elev": 1922, 
      "uid": "0916b0bb-15e9-40f1-a232-3317af6d92cc", 
      "area": 1.84, 
      "num_lifts": 1, 
      "source": "jsons/ski_area_elevations//north-america-latest.json", 
      "min_elev": 1754, 
      "cumarea": 3297.405876340013
    }
  ], 
  "end_x": 3299.2643886691876, 
  "num": 1502, 
  "zoom": 13, 
  "start_x": 3297.069269315449
}