{
  "shown": [], 
  "end_x": 3305.8497467304037, 
  "num": 1505, 
  "zoom": 13, 
  "start_x": 3303.6546273766653
}