{
  "shown": [
    {
      "max_elev": 1918, 
      "uid": "4752a138-52d3-4a5f-bd44-45bc59aa79f8", 
      "area": 1.8800000000000001, 
      "num_lifts": 1, 
      "source": "jsons/ski_area_elevations//europe-latest.json", 
      "min_elev": 1761, 
      "cumarea": 3308.8179237348213
    }
  ], 
  "end_x": 3310.239985437881, 
  "num": 1507, 
  "zoom": 13, 
  "start_x": 3308.044866084142
}