{
  "shown": [
    {
      "max_elev": 1917, 
      "uid": "8b06ddb4-3582-4374-a2dd-7f47c2e866fb", 
      "area": 2.91, 
      "num_lifts": 13, 
      "source": "jsons/ski_area_elevations//europe-latest.json", 
      "min_elev": 1510, 
      "cumarea": 3311.886076816005
    }
  ], 
  "end_x": 3312.43510479162, 
  "num": 1508, 
  "zoom": 13, 
  "start_x": 3310.239985437881
}