{
  "shown": [], 
  "end_x": 3316.8253434990966, 
  "num": 1510, 
  "zoom": 13, 
  "start_x": 3314.630224145358
}