{
  "shown": [], 
  "end_x": 3325.605820914051, 
  "num": 1514, 
  "zoom": 13, 
  "start_x": 3323.4107015603126
}