{
  "shown": [], 
  "end_x": 3332.1911789752676, 
  "num": 1517, 
  "zoom": 13, 
  "start_x": 3329.9960596215287
}