{
  "shown": [], 
  "end_x": 3338.776537036483, 
  "num": 1520, 
  "zoom": 13, 
  "start_x": 3336.581417682745
}