{
  "shown": [
    {
      "max_elev": 1903, 
      "uid": "dabab7c2-0492-4001-93fc-a243b80999cc", 
      "area": 4.31, 
      "num_lifts": 14, 
      "source": "jsons/ski_area_elevations//europe-latest.json", 
      "min_elev": 633, 
      "cumarea": 3342.2648280692947
    }
  ], 
  "end_x": 3343.166775743961, 
  "num": 1522, 
  "zoom": 13, 
  "start_x": 3340.971656390222
}