{
  "shown": [
    {
      "max_elev": 1881, 
      "uid": "218814f5-0def-42de-a9a6-237834519539", 
      "area": 2.16, 
      "num_lifts": 8, 
      "source": "jsons/ski_area_elevations//asia-latest.json", 
      "min_elev": 1643, 
      "cumarea": 3405.741204747323
    }
  ], 
  "end_x": 3406.8252370023815, 
  "num": 1551, 
  "zoom": 13, 
  "start_x": 3404.630117648643
}