{
  "shown": [], 
  "end_x": 3419.9959531248137, 
  "num": 1557, 
  "zoom": 13, 
  "start_x": 3417.8008337710753
}