{
  "shown": [
    {
      "max_elev": 3216, 
      "cumarea": 343.0265432780363, 
      "area": 115.13, 
      "num_lifts": 729, 
      "name": "Les 3 Vall\u00e9es", 
      "source": "jsons/ski_area_elevations//europe-latest.json", 
      "min_elev": 628, 
      "uid": "ece7b2d5-86aa-461b-ad16-1a9a3cc98e80"
    }
  ], 
  "end_x": 344.6337385369677, 
  "num": 156, 
  "zoom": 13, 
  "start_x": 342.4386191832291
}