{
  "shown": [
    {
      "max_elev": 1877, 
      "uid": "65a04cd4-91df-4dd2-a6e9-41e4c68cbb2a", 
      "area": 2.0100000000000002, 
      "num_lifts": 2, 
      "source": "jsons/ski_area_elevations//europe-latest.json", 
      "min_elev": 1484, 
      "cumarea": 3429.149189645386
    }
  ], 
  "end_x": 3430.9715498935066, 
  "num": 1562, 
  "zoom": 13, 
  "start_x": 3428.776430539768
}