{
  "shown": [
    {
      "max_elev": 1877, 
      "uid": "c93ec870-f1a9-4767-aa1d-5ee2b7b1d21e", 
      "area": 1.83, 
      "num_lifts": 1, 
      "source": "jsons/ski_area_elevations//europe-latest.json", 
      "min_elev": 1656, 
      "cumarea": 3431.753505612239
    }
  ], 
  "end_x": 3433.1666692472454, 
  "num": 1563, 
  "zoom": 13, 
  "start_x": 3430.9715498935066
}