{
  "shown": [], 
  "end_x": 346.8288578907064, 
  "num": 157, 
  "zoom": 13, 
  "start_x": 344.6337385369677
}