{
  "shown": [], 
  "end_x": 3448.5325047234155, 
  "num": 1570, 
  "zoom": 13, 
  "start_x": 3446.337385369677
}