{
  "shown": [
    {
      "max_elev": 1870, 
      "uid": "e382804c-2e9e-47c0-a6c5-6c8508db0a60", 
      "area": 2.0700000000000003, 
      "num_lifts": 2, 
      "source": "jsons/ski_area_elevations//europe-latest.json", 
      "min_elev": 1599, 
      "cumarea": 3486.0394592267153
    }
  ], 
  "end_x": 3488.044653090712, 
  "num": 1588, 
  "zoom": 13, 
  "start_x": 3485.849533736973
}