{
  "shown": [
    {
      "max_elev": 1869, 
      "uid": "f23cb2b8-09ec-4244-ad0a-2875305270fb", 
      "area": 1.8900000000000001, 
      "num_lifts": 1, 
      "source": "jsons/ski_area_elevations//europe-latest.json", 
      "min_elev": 1422, 
      "cumarea": 3491.5473294217304
    }
  ], 
  "end_x": 3492.434891798189, 
  "num": 1590, 
  "zoom": 13, 
  "start_x": 3490.2397724444504
}