{
  "shown": [
    {
      "max_elev": 1869, 
      "uid": "9002ae09-447d-41ee-bca2-daf9bad4cd2e", 
      "area": 1.81, 
      "num_lifts": 1, 
      "source": "jsons/ski_area_elevations//europe-latest.json", 
      "min_elev": 1178, 
      "cumarea": 3496.7558419060983
    }
  ], 
  "end_x": 3496.8251305056665, 
  "num": 1592, 
  "zoom": 13, 
  "start_x": 3494.6300111519276
}