{
  "shown": [], 
  "end_x": 353.4142159519223, 
  "num": 160, 
  "zoom": 13, 
  "start_x": 351.2190965981837
}