{
  "shown": [
    {
      "max_elev": 1863, 
      "uid": "40077acb-0d75-4556-a21c-082a9a1655dc", 
      "area": 1.85, 
      "num_lifts": 1, 
      "source": "jsons/ski_area_elevations//europe-latest.json", 
      "min_elev": 1497, 
      "cumarea": 3517.1243897320232
    }
  ], 
  "end_x": 3518.776324043052, 
  "num": 1602, 
  "zoom": 13, 
  "start_x": 3516.581204689314
}