{
  "shown": [], 
  "end_x": 3525.3616821042683, 
  "num": 1605, 
  "zoom": 13, 
  "start_x": 3523.16656275053
}