{
  "shown": [
    {
      "max_elev": 1861, 
      "uid": "c7a25087-89a4-4b2f-bfb5-a59d3df98b25", 
      "area": 2.63, 
      "num_lifts": 5, 
      "source": "jsons/ski_area_elevations//europe-latest.json", 
      "min_elev": 996, 
      "cumarea": 3528.9927594573724
    }
  ], 
  "end_x": 3529.7519208117455, 
  "num": 1607, 
  "zoom": 13, 
  "start_x": 3527.5568014580067
}