{
  "shown": [
    {
      "max_elev": 1858, 
      "uid": "17334542-02c0-4e91-abe1-06595a9d04c0", 
      "area": 3.7800000000000002, 
      "num_lifts": 24, 
      "source": "jsons/ski_area_elevations//europe-latest.json", 
      "min_elev": 1370, 
      "cumarea": 3538.3832644789463
    }
  ], 
  "end_x": 3538.5323982267, 
  "num": 1611, 
  "zoom": 13, 
  "start_x": 3536.337278872961
}