{
  "shown": [], 
  "end_x": 3567.068949825303, 
  "num": 1624, 
  "zoom": 13, 
  "start_x": 3564.8738304715644
}