{
  "shown": [
    {
      "max_elev": 3199, 
      "cumarea": 360.69342950832225, 
      "area": 141.25, 
      "num_lifts": 564, 
      "name": "Sella Ronda", 
      "source": "jsons/ski_area_elevations//europe-latest.json", 
      "min_elev": 1003, 
      "uid": "c4585162-ee23-4631-a0cd-d8e63ac02f3e"
    }
  ], 
  "end_x": 362.1946933668769, 
  "num": 164, 
  "zoom": 13, 
  "start_x": 359.9995740131383
}