{
  "shown": [], 
  "end_x": 3606.581098192598, 
  "num": 1642, 
  "zoom": 13, 
  "start_x": 3604.3859788388595
}