{
  "shown": [
    {
      "max_elev": 1843, 
      "uid": "f88aa52c-da71-4bdc-887f-1207cff5e46c", 
      "area": 1.81, 
      "num_lifts": 1, 
      "source": "jsons/ski_area_elevations//africa-latest.json", 
      "min_elev": 1654, 
      "cumarea": 3615.316537110473
    }
  ], 
  "end_x": 3615.3615756075533, 
  "num": 1646, 
  "zoom": 13, 
  "start_x": 3613.1664562538144
}