{
  "shown": [
    {
      "max_elev": 1842, 
      "cumarea": 3618.009684291033, 
      "area": 2.0, 
      "num_lifts": 2, 
      "name": "(urban, Medell\u00edn)", 
      "source": "jsons/ski_area_elevations//south-america-latest.json", 
      "min_elev": 1527, 
      "uid": "560beb4b-2599-4206-81a1-96a3c17cd222"
    }
  ], 
  "end_x": 3619.75181431503, 
  "num": 1648, 
  "zoom": 13, 
  "start_x": 3617.5566949612917
}