{
  "shown": [], 
  "end_x": 3635.117649791201, 
  "num": 1655, 
  "zoom": 13, 
  "start_x": 3632.9225304374622
}