{
  "shown": [
    {
      "max_elev": 1831, 
      "uid": "6ef3dc3e-2326-4dde-999f-d66836bdc223", 
      "area": 2.09, 
      "num_lifts": 2, 
      "source": "jsons/ski_area_elevations//europe-latest.json", 
      "min_elev": 1269, 
      "cumarea": 3664.805493792622
    }
  ], 
  "end_x": 3665.8493207435417, 
  "num": 1669, 
  "zoom": 13, 
  "start_x": 3663.6542013898033
}