{
  "shown": [
    {
      "max_elev": 1831, 
      "cumarea": 3671.241437763361, 
      "area": 5.89, 
      "num_lifts": 18, 
      "name": "Kagura", 
      "source": "jsons/ski_area_elevations//asia-latest.json", 
      "min_elev": 629, 
      "uid": "5c73ac53-95d6-4b3d-8e17-87c207a57239"
    }
  ], 
  "end_x": 3672.434678804758, 
  "num": 1672, 
  "zoom": 13, 
  "start_x": 3670.239559451019
}