{
  "shown": [], 
  "end_x": 3722.9224239407467, 
  "num": 1695, 
  "zoom": 13, 
  "start_x": 3720.727304587008
}