{
  "shown": [], 
  "end_x": 3731.702901355701, 
  "num": 1699, 
  "zoom": 13, 
  "start_x": 3729.5077820019624
}