{
  "shown": [
    {
      "max_elev": 1818, 
      "uid": "98255045-83dd-4e10-9ff6-a6df906a565a", 
      "area": 2.9699999999999998, 
      "num_lifts": 15, 
      "source": "jsons/ski_area_elevations//europe-latest.json", 
      "min_elev": 1171, 
      "cumarea": 3756.8837252644257
    }
  ], 
  "end_x": 3758.044333600565, 
  "num": 1711, 
  "zoom": 13, 
  "start_x": 3755.8492142468267
}