{
  "shown": [
    {
      "max_elev": 1816, 
      "uid": "04dc7174-33fd-4296-abbc-1e8e272a8023", 
      "area": 2.04, 
      "num_lifts": 4, 
      "source": "jsons/ski_area_elevations//asia-latest.json", 
      "min_elev": 942, 
      "cumarea": 3766.352600733625
    }
  ], 
  "end_x": 3766.82481101552, 
  "num": 1715, 
  "zoom": 13, 
  "start_x": 3764.629691661781
}