{
  "shown": [
    {
      "max_elev": 1815, 
      "cumarea": 3770.5170725244893, 
      "area": 8.71, 
      "num_lifts": 82, 
      "name": "Le Lioran", 
      "source": "jsons/ski_area_elevations//europe-latest.json", 
      "min_elev": 1161, 
      "uid": "3c830e77-d625-48e7-9ed1-f858f3389675"
    }
  ], 
  "end_x": 3771.2150497229973, 
  "num": 1717, 
  "zoom": 13, 
  "start_x": 3769.019930369259
}