{
  "shown": [
    {
      "max_elev": 1803, 
      "uid": "f2018513-f843-4109-af83-bcf6ebbcd17d", 
      "area": 1.84, 
      "num_lifts": 1, 
      "source": "jsons/ski_area_elevations//europe-latest.json", 
      "min_elev": 1349, 
      "cumarea": 3835.904954057964
    }
  ], 
  "end_x": 3837.0686303351567, 
  "num": 1747, 
  "zoom": 13, 
  "start_x": 3834.873510981418
}