{
  "shown": [], 
  "end_x": 3848.04422710385, 
  "num": 1752, 
  "zoom": 13, 
  "start_x": 3845.849107750111
}