{
  "shown": [
    {
      "max_elev": 1802, 
      "uid": "cdb9a8c9-8b0b-4f53-9f65-97b2f21df502", 
      "area": 1.81, 
      "num_lifts": 2, 
      "source": "jsons/ski_area_elevations//europe-latest.json", 
      "min_elev": 1790, 
      "cumarea": 3851.059750108152
    }
  ], 
  "end_x": 3852.434465811327, 
  "num": 1754, 
  "zoom": 13, 
  "start_x": 3850.2393464575885
}