{
  "shown": [], 
  "end_x": 3865.605181933759, 
  "num": 1760, 
  "zoom": 13, 
  "start_x": 3863.41006258002
}