{
  "shown": [
    {
      "max_elev": 1795, 
      "uid": "a3742975-9e4a-4ccb-a9c9-536700363208", 
      "area": 1.98, 
      "num_lifts": 1, 
      "source": "jsons/ski_area_elevations//europe-latest.json", 
      "min_elev": 890, 
      "cumarea": 3894.5869365285735
    }
  ], 
  "end_x": 3896.3368528861, 
  "num": 1774, 
  "zoom": 13, 
  "start_x": 3894.1417335323613
}