{
  "shown": [], 
  "end_x": 392.926364319218, 
  "num": 178, 
  "zoom": 13, 
  "start_x": 390.73124496547933
}