{
  "shown": [
    {
      "max_elev": 1793, 
      "uid": "f6a19177-361f-4180-9500-8e5f41cce93f", 
      "area": 2.18, 
      "num_lifts": 2, 
      "source": "jsons/ski_area_elevations//europe-latest.json", 
      "min_elev": 814, 
      "cumarea": 3908.1023778779722
    }
  ], 
  "end_x": 3909.5075690085323, 
  "num": 1780, 
  "zoom": 13, 
  "start_x": 3907.3124496547935
}