{
  "shown": [], 
  "end_x": 3922.6782851309636, 
  "num": 1786, 
  "zoom": 13, 
  "start_x": 3920.483165777225
}