{
  "shown": [], 
  "end_x": 3929.2636431921796, 
  "num": 1789, 
  "zoom": 13, 
  "start_x": 3927.0685238384413
}