{
  "shown": [
    {
      "max_elev": 1788, 
      "uid": "f4549e48-c740-4bd2-bcd5-075bcac6ec88", 
      "area": 2.63, 
      "num_lifts": 8, 
      "source": "jsons/ski_area_elevations//asia-latest.json", 
      "min_elev": 1346, 
      "cumarea": 3932.349046295824
    }
  ], 
  "end_x": 3933.653881899657, 
  "num": 1791, 
  "zoom": 13, 
  "start_x": 3931.458762545918
}