{
  "shown": [], 
  "end_x": 397.31660302669525, 
  "num": 180, 
  "zoom": 13, 
  "start_x": 395.12148367295663
}