{
  "shown": [], 
  "end_x": 3968.7757915594752, 
  "num": 1807, 
  "zoom": 13, 
  "start_x": 3966.580672205737
}