{
  "shown": [
    {
      "max_elev": 1779, 
      "uid": "f006b3b9-f649-47cd-b1ed-6305eee111f1", 
      "area": 2.48, 
      "num_lifts": 11, 
      "source": "jsons/ski_area_elevations//europe-latest.json", 
      "min_elev": 1500, 
      "cumarea": 3983.8438667888477
    }
  ], 
  "end_x": 3984.141627035646, 
  "num": 1814, 
  "zoom": 13, 
  "start_x": 3981.9465076819074
}