{
  "shown": [
    {
      "max_elev": 1776, 
      "uid": "8e6e0983-1da7-4b71-81a8-38b8ea8ef5a9", 
      "area": 3.33, 
      "num_lifts": 13, 
      "source": "jsons/ski_area_elevations//europe-latest.json", 
      "min_elev": 625, 
      "cumarea": 3990.489041085898
    }
  ], 
  "end_x": 3990.726985096862, 
  "num": 1817, 
  "zoom": 13, 
  "start_x": 3988.5318657431235
}