{
  "shown": [], 
  "end_x": 3992.9221044506003, 
  "num": 1818, 
  "zoom": 13, 
  "start_x": 3990.726985096862
}