{
  "shown": [
    {
      "max_elev": 1773, 
      "uid": "e2523ef4-68f3-4b63-ab80-c2ab5ad63c54", 
      "area": 1.9000000000000001, 
      "num_lifts": 1, 
      "source": "jsons/ski_area_elevations//europe-latest.json", 
      "min_elev": 1482, 
      "cumarea": 4001.411970994622
    }
  ], 
  "end_x": 4001.7025818655547, 
  "num": 1822, 
  "zoom": 13, 
  "start_x": 3999.5074625118164
}