{
  "shown": [], 
  "end_x": 4023.6537754029414, 
  "num": 1832, 
  "zoom": 13, 
  "start_x": 4021.4586560492025
}