{
  "shown": [
    {
      "max_elev": 1767, 
      "uid": "8e34f1cf-46d1-47d3-bf4f-9b2de3474cf5", 
      "area": 1.82, 
      "num_lifts": 1, 
      "source": "jsons/ski_area_elevations//north-america-latest.json", 
      "min_elev": 1607, 
      "cumarea": 4037.8318592695305
    }
  ], 
  "end_x": 4039.019610879112, 
  "num": 1839, 
  "zoom": 13, 
  "start_x": 4036.8244915253736
}