{
  "shown": [
    {
      "max_elev": 1762, 
      "cumarea": 4056.0272165792903, 
      "area": 5.21, 
      "num_lifts": 27, 
      "name": "Stuhleck", 
      "source": "jsons/ski_area_elevations//europe-latest.json", 
      "min_elev": 786, 
      "uid": "50ffd85b-ae1f-4fdd-9076-47bd063296d6"
    }
  ], 
  "end_x": 4056.5805657090214, 
  "num": 1847, 
  "zoom": 13, 
  "start_x": 4054.3854463552825
}