{
  "shown": [
    {
      "max_elev": 1757, 
      "uid": "ba2b6a41-4f5b-499f-991e-7574e3216265", 
      "area": 4.56, 
      "num_lifts": 41, 
      "source": "jsons/ski_area_elevations//europe-latest.json", 
      "min_elev": 986, 
      "cumarea": 4074.028609858385
    }
  ], 
  "end_x": 4074.1415205389303, 
  "num": 1855, 
  "zoom": 13, 
  "start_x": 4071.9464011851915
}