{
  "shown": [], 
  "end_x": 4091.7024753688397, 
  "num": 1863, 
  "zoom": 13, 
  "start_x": 4089.5073560151013
}