{
  "shown": [], 
  "end_x": 4111.458549552488, 
  "num": 1872, 
  "zoom": 13, 
  "start_x": 4109.263430198749
}