{
  "shown": [], 
  "end_x": 4159.751175334737, 
  "num": 1894, 
  "zoom": 13, 
  "start_x": 4157.556055980998
}