{
  "shown": [], 
  "end_x": 419.2677965640818, 
  "num": 190, 
  "zoom": 13, 
  "start_x": 417.0726772103431
}