{
  "shown": [], 
  "end_x": 4181.702368872124, 
  "num": 1904, 
  "zoom": 13, 
  "start_x": 4179.507249518385
}