{
  "shown": [
    {
      "max_elev": 1727, 
      "cumarea": 4224.24799135983, 
      "area": 4.44, 
      "num_lifts": 21, 
      "name": "Pila", 
      "source": "jsons/ski_area_elevations//europe-latest.json", 
      "min_elev": 694, 
      "uid": "7d452ac7-2b16-42c2-a230-4e9791e94edd"
    }
  ], 
  "end_x": 4225.604755946897, 
  "num": 1924, 
  "zoom": 13, 
  "start_x": 4223.409636593158
}