{
  "shown": [], 
  "end_x": 4227.799875300636, 
  "num": 1925, 
  "zoom": 13, 
  "start_x": 4225.604755946897
}