{
  "shown": [], 
  "end_x": 4258.531546252977, 
  "num": 1939, 
  "zoom": 13, 
  "start_x": 4256.336426899239
}