{
  "shown": [], 
  "end_x": 4282.677859144102, 
  "num": 1950, 
  "zoom": 13, 
  "start_x": 4280.482739790363
}