{
  "shown": [], 
  "end_x": 4361.702155878693, 
  "num": 1986, 
  "zoom": 13, 
  "start_x": 4359.507036524954
}