{
  "shown": [], 
  "end_x": 6.585358061215944, 
  "num": 2, 
  "zoom": 13, 
  "start_x": 4.3902387074772955
}