{
  "shown": [], 
  "end_x": 4396.8240655385125, 
  "num": 2002, 
  "zoom": 13, 
  "start_x": 4394.628946184774
}