{
  "shown": [
    {
      "max_elev": 1694, 
      "uid": "9d22241d-9656-413b-b92e-8b8dd180104c", 
      "area": 2.0100000000000002, 
      "num_lifts": 2, 
      "source": "jsons/ski_area_elevations//europe-latest.json", 
      "min_elev": 1566, 
      "cumarea": 4396.938787247122
    }
  ], 
  "end_x": 4399.01918489225, 
  "num": 2003, 
  "zoom": 13, 
  "start_x": 4396.8240655385125
}