{
  "shown": [
    {
      "max_elev": 1694, 
      "uid": "995fbd5f-b3f6-497c-88f4-9366776244dd", 
      "area": 1.9100000000000001, 
      "num_lifts": 1, 
      "source": "jsons/ski_area_elevations//europe-latest.json", 
      "min_elev": 1090, 
      "cumarea": 4399.58589048918
    }
  ], 
  "end_x": 4401.214304245988, 
  "num": 2004, 
  "zoom": 13, 
  "start_x": 4399.01918489225
}