{
  "shown": [
    {
      "max_elev": 1689, 
      "uid": "9280a9d5-529b-4b2f-9a0a-a0f5321142b3", 
      "area": 1.84, 
      "num_lifts": 1, 
      "source": "jsons/ski_area_elevations//europe-latest.json", 
      "min_elev": 1573, 
      "cumarea": 4412.832219783963
    }
  ], 
  "end_x": 4414.3850203684215, 
  "num": 2010, 
  "zoom": 13, 
  "start_x": 4412.189901014683
}