{
  "shown": [], 
  "end_x": 4423.165497783375, 
  "num": 2014, 
  "zoom": 13, 
  "start_x": 4420.970378429636
}