{
  "shown": [
    {
      "max_elev": 1688, 
      "uid": "c4ad7cf3-54d1-47aa-a906-cadbb953c39d", 
      "area": 3.83, 
      "num_lifts": 34, 
      "source": "jsons/ski_area_elevations//north-america-latest.json", 
      "min_elev": 1377, 
      "cumarea": 4426.682028541958
    }
  ], 
  "end_x": 4427.555736490853, 
  "num": 2016, 
  "zoom": 13, 
  "start_x": 4425.360617137114
}