{
  "shown": [
    {
      "max_elev": 1673, 
      "uid": "4c0f052f-2bce-430b-a4b8-04ef41794719", 
      "area": 1.87, 
      "num_lifts": 1, 
      "source": "jsons/ski_area_elevations//europe-latest.json", 
      "min_elev": 1315, 
      "cumarea": 4501.75223488309
    }
  ], 
  "end_x": 4502.189794517966, 
  "num": 2050, 
  "zoom": 13, 
  "start_x": 4499.994675164227
}