{
  "shown": [
    {
      "max_elev": 1667, 
      "uid": "1f284d39-228c-43e1-ac2c-830d53d4e741", 
      "area": 2.5700000000000003, 
      "num_lifts": 6, 
      "source": "jsons/ski_area_elevations//europe-latest.json", 
      "min_elev": 393, 
      "cumarea": 4536.2712057406225
    }
  ], 
  "end_x": 4537.311704177786, 
  "num": 2066, 
  "zoom": 13, 
  "start_x": 4535.116584824047
}