{
  "shown": [
    {
      "max_elev": 1666, 
      "uid": "4329d0e1-afad-4406-9ba0-1cd5ab1d63a9", 
      "area": 3.42, 
      "num_lifts": 14, 
      "source": "jsons/ski_area_elevations//europe-latest.json", 
      "min_elev": 639, 
      "cumarea": 4542.759307281307
    }
  ], 
  "end_x": 4543.897062239001, 
  "num": 2069, 
  "zoom": 13, 
  "start_x": 4541.701942885262
}