{
  "shown": [
    {
      "max_elev": 1664, 
      "cumarea": 4562.021862522773, 
      "area": 9.57, 
      "num_lifts": 34, 
      "name": "Zao Liza World", 
      "source": "jsons/ski_area_elevations//asia-latest.json", 
      "min_elev": 798, 
      "uid": "0810c1e4-ce13-4da2-aea4-e3acc2eea5fb"
    }
  ], 
  "end_x": 4563.6531364226485, 
  "num": 2078, 
  "zoom": 13, 
  "start_x": 4561.45801706891
}