{
  "shown": [], 
  "end_x": 4570.238494483865, 
  "num": 2081, 
  "zoom": 13, 
  "start_x": 4568.043375130126
}