{
  "shown": [
    {
      "max_elev": 1662, 
      "uid": "19098dc8-4ff0-4520-95b7-f8e50a2c0a99", 
      "area": 1.84, 
      "num_lifts": 1, 
      "source": "jsons/ski_area_elevations//europe-latest.json", 
      "min_elev": 1307, 
      "cumarea": 4575.738866786793
    }
  ], 
  "end_x": 4576.82385254508, 
  "num": 2084, 
  "zoom": 13, 
  "start_x": 4574.628733191342
}