{
  "shown": [
    {
      "max_elev": 1660, 
      "uid": "916aae9d-06c9-4eec-a17f-fa72e9fe4346", 
      "area": 1.83, 
      "num_lifts": 1, 
      "source": "jsons/ski_area_elevations//europe-latest.json", 
      "min_elev": 1155, 
      "cumarea": 4589.373796338755
    }
  ], 
  "end_x": 4589.994568667513, 
  "num": 2090, 
  "zoom": 13, 
  "start_x": 4587.799449313774
}