{
  "shown": [], 
  "end_x": 4629.506717034808, 
  "num": 2108, 
  "zoom": 13, 
  "start_x": 4627.31159768107
}