{
  "shown": [
    {
      "max_elev": 1650, 
      "cumarea": 4641.837072313582, 
      "area": 3.08, 
      "num_lifts": 16, 
      "name": "Spitzingsee-Tegernsee", 
      "source": "jsons/ski_area_elevations//europe-latest.json", 
      "min_elev": 1093, 
      "uid": "8064e085-210e-4abe-a1b4-3444e1a09d82"
    }
  ], 
  "end_x": 4642.6774331572415, 
  "num": 2114, 
  "zoom": 13, 
  "start_x": 4640.482313803503
}