{
  "shown": [
    {
      "max_elev": 1650, 
      "cumarea": 4647.7398512563195, 
      "area": 2.65, 
      "num_lifts": 10, 
      "name": "Volc\u00e1n Osorno", 
      "source": "jsons/ski_area_elevations//south-america-latest.json", 
      "min_elev": 1194, 
      "uid": "5d88f25c-5f1e-40ba-968e-9cf88c8d319d"
    }
  ], 
  "end_x": 4649.262791218456, 
  "num": 2117, 
  "zoom": 13, 
  "start_x": 4647.067671864717
}