{
  "shown": [
    {
      "max_elev": 3051, 
      "cumarea": 465.42680479797417, 
      "area": 4.16, 
      "num_lifts": 8, 
      "name": "Solitude", 
      "source": "jsons/ski_area_elevations//north-america-latest.json", 
      "min_elev": 2438, 
      "uid": "9a3c5104-bccf-4ecb-8595-b0da1ef3df49"
    }
  ], 
  "end_x": 467.56042234633196, 
  "num": 212, 
  "zoom": 13, 
  "start_x": 465.36530299259334
}