{
  "shown": [
    {
      "max_elev": 1648, 
      "uid": "86bd6a6f-b555-41a2-ba7e-db762a2ddb72", 
      "area": 1.8, 
      "num_lifts": 1, 
      "source": "jsons/ski_area_elevations//europe-latest.json", 
      "min_elev": 1633, 
      "cumarea": 4661.55070813732
    }
  ], 
  "end_x": 4662.433507340888, 
  "num": 2123, 
  "zoom": 13, 
  "start_x": 4660.23838798715
}