{
  "shown": [
    {
      "max_elev": 1647, 
      "uid": "46df6943-b89d-445c-ae8a-6d56bea412ee", 
      "area": 2.38, 
      "num_lifts": 2, 
      "source": "jsons/ski_area_elevations//europe-latest.json", 
      "min_elev": 875, 
      "cumarea": 4664.417808625003
    }
  ], 
  "end_x": 4664.628626694626, 
  "num": 2124, 
  "zoom": 13, 
  "start_x": 4662.433507340888
}