{
  "shown": [], 
  "end_x": 4673.409104109582, 
  "num": 2128, 
  "zoom": 13, 
  "start_x": 4671.213984755843
}