{
  "shown": [], 
  "end_x": 4682.189581524535, 
  "num": 2132, 
  "zoom": 13, 
  "start_x": 4679.994462170797
}