{
  "shown": [], 
  "end_x": 4693.1651782932295, 
  "num": 2137, 
  "zoom": 13, 
  "start_x": 4690.970058939491
}