{
  "shown": [
    {
      "max_elev": 1640, 
      "uid": "88702475-3f89-4217-a990-6ec7c76d6eff", 
      "area": 1.83, 
      "num_lifts": 2, 
      "source": "jsons/ski_area_elevations//europe-latest.json", 
      "min_elev": 1453, 
      "cumarea": 4695.922865572361
    }
  ], 
  "end_x": 4697.555417000707, 
  "num": 2139, 
  "zoom": 13, 
  "start_x": 4695.360297646968
}