{
  "shown": [
    {
      "max_elev": 3045, 
      "cumarea": 470.67368481925195, 
      "area": 25.71, 
      "num_lifts": 258, 
      "name": "Park City", 
      "source": "jsons/ski_area_elevations//north-america-latest.json", 
      "min_elev": 2010, 
      "uid": "840fc397-3ae5-4396-9653-832715382296"
    }
  ], 
  "end_x": 471.9506610538093, 
  "num": 214, 
  "zoom": 13, 
  "start_x": 469.75554170007064
}