{
  "shown": [
    {
      "max_elev": 1633, 
      "uid": "9207e038-c9e1-40ac-a514-7340de2ce67e", 
      "area": 1.84, 
      "num_lifts": 1, 
      "source": "jsons/ski_area_elevations//europe-latest.json", 
      "min_elev": 1061, 
      "cumarea": 4726.004497285528
    }
  ], 
  "end_x": 4726.09196859931, 
  "num": 2152, 
  "zoom": 13, 
  "start_x": 4723.8968492455715
}