{
  "shown": [], 
  "end_x": 4734.872446014264, 
  "num": 2156, 
  "zoom": 13, 
  "start_x": 4732.677326660526
}