{
  "shown": [], 
  "end_x": 4741.45780407548, 
  "num": 2159, 
  "zoom": 13, 
  "start_x": 4739.262684721742
}