{
  "shown": [
    {
      "max_elev": 1629, 
      "uid": "7fcb10db-c1d8-4aa9-aa89-f68127957267", 
      "area": 2.33, 
      "num_lifts": 9, 
      "source": "jsons/ski_area_elevations//europe-latest.json", 
      "min_elev": 1440, 
      "cumarea": 4741.787772631149
    }
  ], 
  "end_x": 4743.652923429219, 
  "num": 2160, 
  "zoom": 13, 
  "start_x": 4741.45780407548
}