{
  "shown": [], 
  "end_x": 4759.018758905389, 
  "num": 2167, 
  "zoom": 13, 
  "start_x": 4756.823639551651
}