{
  "shown": [], 
  "end_x": 4802.921145980162, 
  "num": 2187, 
  "zoom": 13, 
  "start_x": 4800.726026626424
}