{
  "shown": [
    {
      "max_elev": 1616, 
      "uid": "5994d50e-779b-44b3-87f6-4830721afcad", 
      "area": 1.83, 
      "num_lifts": 1, 
      "source": "jsons/ski_area_elevations//europe-latest.json", 
      "min_elev": 1378, 
      "cumarea": 4817.840220960157
    }
  ], 
  "end_x": 4818.286981456333, 
  "num": 2194, 
  "zoom": 13, 
  "start_x": 4816.091862102594
}