{
  "shown": [
    {
      "max_elev": 1616, 
      "uid": "e0f7caf9-4a8c-4e42-b8d2-4db385c4ee7f", 
      "area": 1.82, 
      "num_lifts": 1, 
      "source": "jsons/ski_area_elevations//europe-latest.json", 
      "min_elev": 1470, 
      "cumarea": 4820.439057461246
    }
  ], 
  "end_x": 4820.482100810071, 
  "num": 2195, 
  "zoom": 13, 
  "start_x": 4818.286981456333
}