{
  "shown": [
    {
      "max_elev": 1614, 
      "cumarea": 4828.9552040236895, 
      "area": 2.0100000000000002, 
      "num_lifts": 2, 
      "name": "Gemeindealpe", 
      "source": "jsons/ski_area_elevations//europe-latest.json", 
      "min_elev": 810, 
      "uid": "448ea8e8-7106-4611-b60e-8b42600105f4"
    }
  ], 
  "end_x": 4829.262578225025, 
  "num": 2199, 
  "zoom": 13, 
  "start_x": 4827.067458871286
}