{
  "shown": [
    {
      "max_elev": 1612, 
      "uid": "75b8e941-52db-4ab7-98d2-d34b02537399", 
      "area": 1.83, 
      "num_lifts": 1, 
      "source": "jsons/ski_area_elevations//europe-latest.json", 
      "min_elev": 1339, 
      "cumarea": 4836.7735421307225
    }
  ], 
  "end_x": 4838.043055639981, 
  "num": 2203, 
  "zoom": 13, 
  "start_x": 4835.847936286242
}