{
  "shown": [], 
  "end_x": 4853.408891116151, 
  "num": 2210, 
  "zoom": 13, 
  "start_x": 4851.213771762412
}