{
  "shown": [], 
  "end_x": 4864.384487884845, 
  "num": 2215, 
  "zoom": 13, 
  "start_x": 4862.189368531106
}