{
  "shown": [
    {
      "max_elev": 1605, 
      "uid": "29bdb6c8-271a-461f-9a2d-9fcd86113480", 
      "area": 3.3600000000000003, 
      "num_lifts": 20, 
      "source": "jsons/ski_area_elevations//europe-latest.json", 
      "min_elev": 1252, 
      "cumarea": 4864.79292945152
    }
  ], 
  "end_x": 4866.579607238584, 
  "num": 2216, 
  "zoom": 13, 
  "start_x": 4864.384487884845
}