{
  "shown": [], 
  "end_x": 491.7067352374571, 
  "num": 223, 
  "zoom": 13, 
  "start_x": 489.5116158837185
}