{
  "shown": [
    {
      "max_elev": 1591, 
      "uid": "f2ee07b4-0f79-4de8-b2a3-1f29a2aa5954", 
      "area": 3.8099999999999996, 
      "num_lifts": 16, 
      "source": "jsons/ski_area_elevations//europe-latest.json", 
      "min_elev": 1116, 
      "cumarea": 4935.97423948456
    }
  ], 
  "end_x": 4936.82342655822, 
  "num": 2248, 
  "zoom": 13, 
  "start_x": 4934.628307204481
}