{
  "shown": [
    {
      "max_elev": 1586, 
      "uid": "362dcbc6-8cae-4fcb-b28c-cf00ba878cd5", 
      "area": 1.83, 
      "num_lifts": 1, 
      "source": "jsons/ski_area_elevations//europe-latest.json", 
      "min_elev": 1519, 
      "cumarea": 4955.319241669051
    }
  ], 
  "end_x": 4956.579500741867, 
  "num": 2257, 
  "zoom": 13, 
  "start_x": 4954.3843813881285
}