{
  "shown": [
    {
      "max_elev": 1585, 
      "uid": "87250145-6efe-4f2d-b5e7-f720a3c85b6e", 
      "area": 2.16, 
      "num_lifts": 8, 
      "source": "jsons/ski_area_elevations//europe-latest.json", 
      "min_elev": 1188, 
      "cumarea": 4958.089349890747
    }
  ], 
  "end_x": 4958.774620095606, 
  "num": 2258, 
  "zoom": 13, 
  "start_x": 4956.579500741867
}