{
  "shown": [
    {
      "max_elev": 1575, 
      "cumarea": 5022.98677302833, 
      "area": 5.07, 
      "num_lifts": 56, 
      "name": "Mount Washington Alpine Resort", 
      "source": "jsons/ski_area_elevations//north-america-latest.json", 
      "min_elev": 1079, 
      "uid": "64e7b4cc-1ec6-4545-a0aa-c17debde31e7"
    }
  ], 
  "end_x": 5024.628200707766, 
  "num": 2288, 
  "zoom": 13, 
  "start_x": 5022.433081354027
}