{
  "shown": [], 
  "end_x": 5033.40867812272, 
  "num": 2292, 
  "zoom": 13, 
  "start_x": 5031.213558768982
}