{
  "shown": [
    {
      "max_elev": 1570, 
      "uid": "b2bbd5ba-864e-439b-8d43-235e56624683", 
      "area": 2.38, 
      "num_lifts": 7, 
      "source": "jsons/ski_area_elevations//asia-latest.json", 
      "min_elev": 1379, 
      "cumarea": 5051.653412785472
    }
  ], 
  "end_x": 5053.1647523063675, 
  "num": 2301, 
  "zoom": 13, 
  "start_x": 5050.969632952629
}