{
  "shown": [], 
  "end_x": 5059.750110367584, 
  "num": 2304, 
  "zoom": 13, 
  "start_x": 5057.554991013845
}