{
  "shown": [
    {
      "max_elev": 1567, 
      "cumarea": 5063.980808298247, 
      "area": 5.25, 
      "num_lifts": 29, 
      "name": "Spitzingsee-Tegernsee", 
      "source": "jsons/ski_area_elevations//europe-latest.json", 
      "min_elev": 982, 
      "uid": "5ddabada-fe17-42b3-8476-a1cfc0fc09b8"
    }
  ], 
  "end_x": 5064.140349075062, 
  "num": 2306, 
  "zoom": 13, 
  "start_x": 5061.945229721323
}