{
  "shown": [
    {
      "max_elev": 1567, 
      "uid": "14765261-af8d-4628-b83b-9cce104dd88a", 
      "area": 2.52, 
      "num_lifts": 12, 
      "source": "jsons/ski_area_elevations//europe-latest.json", 
      "min_elev": 782, 
      "cumarea": 5066.90506719977
    }
  ], 
  "end_x": 5068.530587782538, 
  "num": 2308, 
  "zoom": 13, 
  "start_x": 5066.3354684288
}