{
  "shown": [
    {
      "max_elev": 1564, 
      "uid": "9038e085-e244-4f32-9fe5-7d1cdea8c56a", 
      "area": 3.7800000000000002, 
      "num_lifts": 21, 
      "source": "jsons/ski_area_elevations//europe-latest.json", 
      "min_elev": 1173, 
      "cumarea": 5084.493899261432
    }
  ], 
  "end_x": 5086.091542612447, 
  "num": 2316, 
  "zoom": 13, 
  "start_x": 5083.896423258709
}