{
  "shown": [], 
  "end_x": 511.46280942110496, 
  "num": 232, 
  "zoom": 13, 
  "start_x": 509.2676900673663
}