{
  "shown": [], 
  "end_x": 5114.62809421105, 
  "num": 2329, 
  "zoom": 13, 
  "start_x": 5112.432974857311
}