{
  "shown": [], 
  "end_x": 5158.530481285823, 
  "num": 2349, 
  "zoom": 13, 
  "start_x": 5156.335361932084
}