{
  "shown": [
    {
      "max_elev": 2993, 
      "cumarea": 515.967970310154, 
      "area": 4.43, 
      "num_lifts": 27, 
      "name": "Karakol Ski Base", 
      "source": "jsons/ski_area_elevations//asia-latest.json", 
      "min_elev": 2404, 
      "uid": "10a794b4-7d58-44d6-b635-da87713c6410"
    }
  ], 
  "end_x": 518.0481674823209, 
  "num": 235, 
  "zoom": 13, 
  "start_x": 515.8530481285823
}