{
  "shown": [], 
  "end_x": 5169.506078054517, 
  "num": 2354, 
  "zoom": 13, 
  "start_x": 5167.310958700778
}