{
  "shown": [
    {
      "max_elev": 1541, 
      "uid": "00d747e5-6c59-48ad-8372-3325a9c942bc", 
      "area": 1.85, 
      "num_lifts": 1, 
      "source": "jsons/ski_area_elevations//europe-latest.json", 
      "min_elev": 1170, 
      "cumarea": 5175.790675005577
    }
  ], 
  "end_x": 5176.091436115732, 
  "num": 2357, 
  "zoom": 13, 
  "start_x": 5173.896316761993
}