{
  "shown": [], 
  "end_x": 5184.871913530687, 
  "num": 2361, 
  "zoom": 13, 
  "start_x": 5182.6767941769485
}