{
  "shown": [], 
  "end_x": 5202.432868360596, 
  "num": 2369, 
  "zoom": 13, 
  "start_x": 5200.2377490068575
}