{
  "shown": [
    {
      "max_elev": 1533, 
      "uid": "f4aa7a0f-b8f5-4d07-8c98-875fa4e3f4d1", 
      "area": 1.86, 
      "num_lifts": 1, 
      "source": "jsons/ski_area_elevations//europe-latest.json", 
      "min_elev": 765, 
      "cumarea": 5205.237473929288
    }
  ], 
  "end_x": 5206.823107068073, 
  "num": 2371, 
  "zoom": 13, 
  "start_x": 5204.627987714335
}