{
  "shown": [], 
  "end_x": 5213.408465129289, 
  "num": 2374, 
  "zoom": 13, 
  "start_x": 5211.21334577555
}