{
  "shown": [
    {
      "max_elev": 2984, 
      "cumarea": 523.1916664983806, 
      "area": 11.63, 
      "num_lifts": 26, 
      "name": "Les diablerets - Glacier 3000", 
      "source": "jsons/ski_area_elevations//europe-latest.json", 
      "min_elev": 1322, 
      "uid": "531e03fb-ebae-4635-b556-da8d263cddeb"
    }
  ], 
  "end_x": 524.6335255435367, 
  "num": 238, 
  "zoom": 13, 
  "start_x": 522.4384061897981
}