{
  "shown": [], 
  "end_x": 5241.945016727891, 
  "num": 2387, 
  "zoom": 13, 
  "start_x": 5239.749897374153
}