{
  "shown": [], 
  "end_x": 5261.70109091154, 
  "num": 2396, 
  "zoom": 13, 
  "start_x": 5259.505971557801
}