{
  "shown": [], 
  "end_x": 529.0237642510142, 
  "num": 240, 
  "zoom": 13, 
  "start_x": 526.8286448972755
}