{
  "shown": [], 
  "end_x": 5290.237642510143, 
  "num": 2409, 
  "zoom": 13, 
  "start_x": 5288.042523156404
}