{
  "shown": [], 
  "end_x": 5323.164432816222, 
  "num": 2424, 
  "zoom": 13, 
  "start_x": 5320.969313462483
}