{
  "shown": [], 
  "end_x": 535.60912231223, 
  "num": 243, 
  "zoom": 13, 
  "start_x": 533.4140029584914
}