{
  "shown": [
    {
      "max_elev": 1510, 
      "uid": "21fe8ab6-79d4-46bd-8283-b916303a556f", 
      "area": 1.97, 
      "num_lifts": 4, 
      "source": "jsons/ski_area_elevations//europe-latest.json", 
      "min_elev": 1250, 
      "cumarea": 5337.4035232975775
    }
  ], 
  "end_x": 5338.530268292392, 
  "num": 2431, 
  "zoom": 13, 
  "start_x": 5336.335148938653
}