{
  "shown": [], 
  "end_x": 5345.115626353609, 
  "num": 2434, 
  "zoom": 13, 
  "start_x": 5342.92050699987
}