{
  "shown": [], 
  "end_x": 5362.676581183518, 
  "num": 2442, 
  "zoom": 13, 
  "start_x": 5360.481461829779
}