{
  "shown": [
    {
      "max_elev": 2977, 
      "uid": "ebb1adfb-881e-42df-bb66-ead7463dbb73", 
      "area": 1.8800000000000001, 
      "num_lifts": 1, 
      "source": "jsons/ski_area_elevations//asia-latest.json", 
      "min_elev": 2685, 
      "cumarea": 540.6459975492603
    }
  ], 
  "end_x": 542.1944803734459, 
  "num": 246, 
  "zoom": 13, 
  "start_x": 539.9993610197073
}