{
  "shown": [
    {
      "max_elev": 1493, 
      "uid": "0453d3c5-c35d-4d08-9341-ffe850d86fcd", 
      "area": 2.27, 
      "num_lifts": 1, 
      "source": "jsons/ski_area_elevations//europe-latest.json", 
      "min_elev": 736, 
      "cumarea": 5437.298363193299
    }
  ], 
  "end_x": 5437.310639210631, 
  "num": 2476, 
  "zoom": 13, 
  "start_x": 5435.115519856893
}