{
  "shown": [], 
  "end_x": 5450.481355333064, 
  "num": 2482, 
  "zoom": 13, 
  "start_x": 5448.286235979325
}