{
  "shown": [
    {
      "max_elev": 1489, 
      "uid": "33ebd205-80a6-46e2-a559-073f0ae9ee52", 
      "area": 3.4699999999999998, 
      "num_lifts": 9, 
      "source": "jsons/ski_area_elevations//europe-latest.json", 
      "min_elev": 1067, 
      "cumarea": 5453.967060683331
    }
  ], 
  "end_x": 5454.87159404054, 
  "num": 2484, 
  "zoom": 13, 
  "start_x": 5452.676474686802
}