{
  "shown": [], 
  "end_x": 5459.261832748018, 
  "num": 2486, 
  "zoom": 13, 
  "start_x": 5457.066713394279
}