{
  "shown": [], 
  "end_x": 5470.237429516711, 
  "num": 2491, 
  "zoom": 13, 
  "start_x": 5468.042310162973
}