{
  "shown": [
    {
      "max_elev": 1484, 
      "cumarea": 5481.858841681779, 
      "area": 2.6, 
      "num_lifts": 3, 
      "name": "Chr\u00e9a", 
      "source": "jsons/ski_area_elevations//africa-latest.json", 
      "min_elev": 212, 
      "uid": "b16b9c0e-3782-4ca0-8775-f4b6dd796f1c"
    }
  ], 
  "end_x": 5483.408145639143, 
  "num": 2497, 
  "zoom": 13, 
  "start_x": 5481.213026285404
}