{
  "shown": [], 
  "end_x": 5489.993503700358, 
  "num": 2500, 
  "zoom": 13, 
  "start_x": 5487.79838434662
}