{
  "shown": [], 
  "end_x": 553.1700771421392, 
  "num": 251, 
  "zoom": 13, 
  "start_x": 550.9749577884006
}