{
  "shown": [], 
  "end_x": 5533.895890775131, 
  "num": 2520, 
  "zoom": 13, 
  "start_x": 5531.700771421392
}