{
  "shown": [
    {
      "max_elev": 1474, 
      "uid": "11936b3e-315d-4a92-b0ab-f5167e3a8098", 
      "area": 1.86, 
      "num_lifts": 2, 
      "source": "jsons/ski_area_elevations//north-america-latest.json", 
      "min_elev": 1263, 
      "cumarea": 5539.592375907998
    }
  ], 
  "end_x": 5540.481248836348, 
  "num": 2523, 
  "zoom": 13, 
  "start_x": 5538.286129482609
}