{
  "shown": [
    {
      "max_elev": 1472, 
      "uid": "dd56ee32-ea34-442c-ad49-b972c7b5d4fd", 
      "area": 2.0, 
      "num_lifts": 3, 
      "source": "jsons/ski_area_elevations//europe-latest.json", 
      "min_elev": 885, 
      "cumarea": 5544.911461519425
    }
  ], 
  "end_x": 5547.066606897564, 
  "num": 2526, 
  "zoom": 13, 
  "start_x": 5544.871487543825
}