{
  "shown": [
    {
      "max_elev": 1471, 
      "uid": "41ab428a-f523-41f8-815f-882967cc812f", 
      "area": 1.9300000000000002, 
      "num_lifts": 2, 
      "source": "jsons/ski_area_elevations//europe-latest.json", 
      "min_elev": 1353, 
      "cumarea": 5550.591432450044
    }
  ], 
  "end_x": 5551.45684560504, 
  "num": 2528, 
  "zoom": 13, 
  "start_x": 5549.261726251302
}