{
  "shown": [
    {
      "max_elev": 1469, 
      "uid": "1ef2fffb-f301-4396-b58d-74b4e599cd5e", 
      "area": 1.8800000000000001, 
      "num_lifts": 1, 
      "source": "jsons/ski_area_elevations//europe-latest.json", 
      "min_elev": 1063, 
      "cumarea": 5563.930726427597
    }
  ], 
  "end_x": 5564.627561727473, 
  "num": 2534, 
  "zoom": 13, 
  "start_x": 5562.432442373734
}