{
  "shown": [], 
  "end_x": 5566.822681081212, 
  "num": 2535, 
  "zoom": 13, 
  "start_x": 5564.627561727473
}