{
  "shown": [], 
  "end_x": 5575.6031584961665, 
  "num": 2539, 
  "zoom": 13, 
  "start_x": 5573.408039142429
}