{
  "shown": [
    {
      "max_elev": 1466, 
      "uid": "7e205608-42e4-4359-9c88-7230788b455b", 
      "area": 1.8800000000000001, 
      "num_lifts": 3, 
      "source": "jsons/ski_area_elevations//north-america-latest.json", 
      "min_elev": 1267, 
      "cumarea": 5583.876359520411
    }
  ], 
  "end_x": 5584.383635911121, 
  "num": 2543, 
  "zoom": 13, 
  "start_x": 5582.188516557382
}