{
  "shown": [], 
  "end_x": 5588.773874618599, 
  "num": 2545, 
  "zoom": 13, 
  "start_x": 5586.57875526486
}