{
  "shown": [
    {
      "max_elev": 1464, 
      "uid": "175f4a2e-bc17-4c10-b9c8-026d1f4dca1a", 
      "area": 1.92, 
      "num_lifts": 3, 
      "source": "jsons/ski_area_elevations//north-america-latest.json", 
      "min_elev": 1013, 
      "cumarea": 5594.806574566851
    }
  ], 
  "end_x": 5595.359232679813, 
  "num": 2548, 
  "zoom": 13, 
  "start_x": 5593.1641133260755
}