{
  "shown": [], 
  "end_x": 5597.554352033552, 
  "num": 2549, 
  "zoom": 13, 
  "start_x": 5595.359232679813
}