{
  "shown": [
    {
      "max_elev": 1462, 
      "uid": "5f872e60-0338-4f41-bf40-cf0ca71f87a7", 
      "area": 1.8800000000000001, 
      "num_lifts": 1, 
      "source": "jsons/ski_area_elevations//europe-latest.json", 
      "min_elev": 798, 
      "cumarea": 5609.027737006198
    }
  ], 
  "end_x": 5610.725068155984, 
  "num": 2555, 
  "zoom": 13, 
  "start_x": 5608.5299488022465
}