{
  "shown": [
    {
      "max_elev": 1453, 
      "uid": "194ed438-94d1-402d-a839-2cf7c769d164", 
      "area": 1.83, 
      "num_lifts": 1, 
      "source": "jsons/ski_area_elevations//europe-latest.json", 
      "min_elev": 1428, 
      "cumarea": 5627.5796866158935
    }
  ], 
  "end_x": 5628.286022985893, 
  "num": 2563, 
  "zoom": 13, 
  "start_x": 5626.0909036321555
}