{
  "shown": [], 
  "end_x": 5632.67626169337, 
  "num": 2565, 
  "zoom": 13, 
  "start_x": 5630.481142339631
}