{
  "shown": [], 
  "end_x": 566.3407932645712, 
  "num": 257, 
  "zoom": 13, 
  "start_x": 564.1456739108326
}