{
  "shown": [], 
  "end_x": 5648.04209716954, 
  "num": 2572, 
  "zoom": 13, 
  "start_x": 5645.846977815802
}