{
  "shown": [
    {
      "max_elev": 1449, 
      "uid": "a663949d-91d8-493b-9a7e-f12b6df0217f", 
      "area": 2.8, 
      "num_lifts": 8, 
      "source": "jsons/ski_area_elevations//europe-latest.json", 
      "min_elev": 1155, 
      "cumarea": 5651.569311469275
    }
  ], 
  "end_x": 5652.432335877018, 
  "num": 2574, 
  "zoom": 13, 
  "start_x": 5650.237216523279
}