{
  "shown": [], 
  "end_x": 5667.798171353188, 
  "num": 2581, 
  "zoom": 13, 
  "start_x": 5665.603051999449
}