{
  "shown": [], 
  "end_x": 5702.920081013008, 
  "num": 2597, 
  "zoom": 13, 
  "start_x": 5700.724961659269
}