{
  "shown": [], 
  "end_x": 572.926151325787, 
  "num": 260, 
  "zoom": 13, 
  "start_x": 570.7310319720484
}