{
  "shown": [
    {
      "max_elev": 1427, 
      "cumarea": 5763.0223215813485, 
      "area": 1.9100000000000001, 
      "num_lifts": 2, 
      "name": "(not a ski area)", 
      "source": "jsons/ski_area_elevations//south-america-latest.json", 
      "min_elev": 1304, 
      "uid": "c7449d20-6c36-47c0-88e2-427a9c9254e3"
    }
  ], 
  "end_x": 5764.38342291769, 
  "num": 2625, 
  "zoom": 13, 
  "start_x": 5762.188303563951
}