{
  "shown": [], 
  "end_x": 5768.773661625167, 
  "num": 2627, 
  "zoom": 13, 
  "start_x": 5766.578542271429
}