{
  "shown": [
    {
      "max_elev": 1421, 
      "uid": "a454a65e-63ce-4b7e-8f8b-054234acab92", 
      "area": 1.81, 
      "num_lifts": 1, 
      "source": "jsons/ski_area_elevations//europe-latest.json", 
      "min_elev": 1376, 
      "cumarea": 5813.324435414293
    }
  ], 
  "end_x": 5814.871168053678, 
  "num": 2648, 
  "zoom": 13, 
  "start_x": 5812.676048699939
}