{
  "shown": [
    {
      "max_elev": 2926, 
      "uid": "27548ce3-52e7-4f28-ace0-a85647e131e5", 
      "area": 1.97, 
      "num_lifts": 1, 
      "source": "jsons/ski_area_elevations//europe-latest.json", 
      "min_elev": 2271, 
      "cumarea": 583.1193727101618
    }
  ], 
  "end_x": 583.9017480944804, 
  "num": 265, 
  "zoom": 13, 
  "start_x": 581.7066287407417
}