{
  "shown": [], 
  "end_x": 5858.773555128451, 
  "num": 2668, 
  "zoom": 13, 
  "start_x": 5856.578435774713
}