{
  "shown": [], 
  "end_x": 588.2919868019577, 
  "num": 267, 
  "zoom": 13, 
  "start_x": 586.096867448219
}