{
  "shown": [
    {
      "max_elev": 1406, 
      "cumarea": 5864.537938877783, 
      "area": 2.13, 
      "num_lifts": 10, 
      "name": "Sappada", 
      "source": "jsons/ski_area_elevations//europe-latest.json", 
      "min_elev": 1197, 
      "uid": "60001199-5e5e-417c-990c-ededcd7d87c4"
    }
  ], 
  "end_x": 5865.358913189668, 
  "num": 2671, 
  "zoom": 13, 
  "start_x": 5863.163793835929
}