{
  "shown": [
    {
      "max_elev": 1402, 
      "uid": "6b54ea38-2b9d-4d6e-acfb-8ce5124a950f", 
      "area": 1.81, 
      "num_lifts": 1, 
      "source": "jsons/ski_area_elevations//europe-latest.json", 
      "min_elev": 1345, 
      "cumarea": 5887.090859985439
    }
  ], 
  "end_x": 5887.3101067270545, 
  "num": 2681, 
  "zoom": 13, 
  "start_x": 5885.114987373316
}