{
  "shown": [
    {
      "max_elev": 1398, 
      "uid": "6e8b15ac-ce8f-4947-8904-1265a484d135", 
      "area": 2.6, 
      "num_lifts": 6, 
      "source": "jsons/ski_area_elevations//europe-latest.json", 
      "min_elev": 1057, 
      "cumarea": 5911.990920899063
    }
  ], 
  "end_x": 5913.651538971917, 
  "num": 2693, 
  "zoom": 13, 
  "start_x": 5911.456419618178
}