{
  "shown": [], 
  "end_x": 594.8773448631737, 
  "num": 270, 
  "zoom": 13, 
  "start_x": 592.682225509435
}