{
  "shown": [], 
  "end_x": 5929.017374448087, 
  "num": 2700, 
  "zoom": 13, 
  "start_x": 5926.822255094349
}