{
  "shown": [
    {
      "max_elev": 1379, 
      "uid": "72fe3e7a-bb6b-401d-ad6e-f776e7151758", 
      "area": 1.84, 
      "num_lifts": 1, 
      "source": "jsons/ski_area_elevations//africa-latest.json", 
      "min_elev": 692, 
      "cumarea": 6035.12442600814
    }
  ], 
  "end_x": 6036.5782227812815, 
  "num": 2749, 
  "zoom": 13, 
  "start_x": 6034.383103427543
}