{
  "shown": [], 
  "end_x": 6062.919655026146, 
  "num": 2761, 
  "zoom": 13, 
  "start_x": 6060.724535672407
}