{
  "shown": [], 
  "end_x": 6071.700132441099, 
  "num": 2765, 
  "zoom": 13, 
  "start_x": 6069.505013087361
}