{
  "shown": [], 
  "end_x": 6095.846445332225, 
  "num": 2776, 
  "zoom": 13, 
  "start_x": 6093.651325978486
}