{
  "shown": [
    {
      "max_elev": 1362, 
      "uid": "a4736e99-01f7-41ea-82ed-2543eb35b4ca", 
      "area": 1.81, 
      "num_lifts": 1, 
      "source": "jsons/ski_area_elevations//north-america-latest.json", 
      "min_elev": 1361, 
      "cumarea": 6102.023939219302
    }
  ], 
  "end_x": 6102.431803393441, 
  "num": 2779, 
  "zoom": 13, 
  "start_x": 6100.236684039703
}