{
  "shown": [], 
  "end_x": 612.4382996930829, 
  "num": 278, 
  "zoom": 13, 
  "start_x": 610.2431803393442
}