{
  "shown": [], 
  "end_x": 6104.62692274718, 
  "num": 2780, 
  "zoom": 13, 
  "start_x": 6102.431803393441
}