{
  "shown": [
    {
      "max_elev": 1354, 
      "uid": "7017f667-de2c-4e20-9538-4f86ca21e586", 
      "area": 1.87, 
      "num_lifts": 1, 
      "source": "jsons/ski_area_elevations//europe-latest.json", 
      "min_elev": 861, 
      "cumarea": 6133.334699131931
    }
  ], 
  "end_x": 6135.358593699522, 
  "num": 2794, 
  "zoom": 13, 
  "start_x": 6133.1634743457835
}