{
  "shown": [
    {
      "max_elev": 1354, 
      "uid": "f614001f-f554-4bfc-9010-b52343d15a0c", 
      "area": 1.86, 
      "num_lifts": 1, 
      "source": "jsons/ski_area_elevations//europe-latest.json", 
      "min_elev": 1091, 
      "cumarea": 6135.955275619656
    }
  ], 
  "end_x": 6137.55371305326, 
  "num": 2795, 
  "zoom": 13, 
  "start_x": 6135.358593699522
}