{
  "shown": [], 
  "end_x": 6155.114667883169, 
  "num": 2803, 
  "zoom": 13, 
  "start_x": 6152.919548529431
}