{
  "shown": [], 
  "end_x": 6207.797532372896, 
  "num": 2827, 
  "zoom": 13, 
  "start_x": 6205.602413019158
}