{
  "shown": [], 
  "end_x": 6245.114561386454, 
  "num": 2844, 
  "zoom": 13, 
  "start_x": 6242.919442032715
}