{
  "shown": [
    {
      "max_elev": 1333, 
      "uid": "89c06437-fef7-407b-af34-f89e6312cd23", 
      "area": 1.84, 
      "num_lifts": 1, 
      "source": "jsons/ski_area_elevations//africa-latest.json", 
      "min_elev": 1294, 
      "cumarea": 6250.759968656992
    }
  ], 
  "end_x": 6251.699919447669, 
  "num": 2847, 
  "zoom": 13, 
  "start_x": 6249.504800093931
}