{
  "shown": [], 
  "end_x": 6264.8706355701015, 
  "num": 2853, 
  "zoom": 13, 
  "start_x": 6262.675516216363
}