{
  "shown": [
    {
      "max_elev": 1327, 
      "uid": "76b56998-787b-4610-b91d-5115c2980716", 
      "area": 1.82, 
      "num_lifts": 1, 
      "source": "jsons/ski_area_elevations//south-america-latest.json", 
      "min_elev": 1227, 
      "cumarea": 6296.015148823969
    }
  ], 
  "end_x": 6297.797425876181, 
  "num": 2868, 
  "zoom": 13, 
  "start_x": 6295.602306522443
}