{
  "shown": [], 
  "end_x": 632.1943738767307, 
  "num": 287, 
  "zoom": 13, 
  "start_x": 629.999254522992
}