{
  "shown": [], 
  "end_x": 6306.577903291136, 
  "num": 2872, 
  "zoom": 13, 
  "start_x": 6304.382783937397
}