{
  "shown": [
    {
      "max_elev": 2878, 
      "cumarea": 632.9345904493077, 
      "area": 15.860000000000001, 
      "num_lifts": 74, 
      "name": "Grimentz-Zinal", 
      "source": "jsons/ski_area_elevations//europe-latest.json", 
      "min_elev": 1554, 
      "uid": "5809d1f3-3f25-485c-82a1-a10c09b80642"
    }
  ], 
  "end_x": 634.3894932304693, 
  "num": 288, 
  "zoom": 13, 
  "start_x": 632.1943738767307
}