{
  "shown": [
    {
      "max_elev": 1317, 
      "cumarea": 6338.997450649259, 
      "area": 2.88, 
      "num_lifts": 15, 
      "name": "Zauberberg", 
      "source": "jsons/ski_area_elevations//europe-latest.json", 
      "min_elev": 979, 
      "uid": "376a2746-1bcf-4120-8c15-fc8fdbd0973a"
    }
  ], 
  "end_x": 6339.504693597215, 
  "num": 2887, 
  "zoom": 13, 
  "start_x": 6337.309574243476
}