{
  "shown": [
    {
      "max_elev": 1314, 
      "uid": "9c324bef-d0b1-415a-9b30-fd20b9210bb9", 
      "area": 1.8800000000000001, 
      "num_lifts": 4, 
      "source": "jsons/ski_area_elevations//europe-latest.json", 
      "min_elev": 1259, 
      "cumarea": 6360.392185010859
    }
  ], 
  "end_x": 6361.455887134602, 
  "num": 2897, 
  "zoom": 13, 
  "start_x": 6359.260767780863
}