{
  "shown": [], 
  "end_x": 6376.821722610772, 
  "num": 2904, 
  "zoom": 13, 
  "start_x": 6374.626603257033
}