{
  "shown": [], 
  "end_x": 6385.602200025727, 
  "num": 2908, 
  "zoom": 13, 
  "start_x": 6383.407080671988
}