{
  "shown": [], 
  "end_x": 640.9748512916852, 
  "num": 291, 
  "zoom": 13, 
  "start_x": 638.7797319379465
}