{
  "shown": [
    {
      "max_elev": 1309, 
      "uid": "60769c66-9975-46af-99fd-c8131d9750ad", 
      "area": 1.8, 
      "num_lifts": 1, 
      "source": "jsons/ski_area_elevations//asia-latest.json", 
      "min_elev": 1304, 
      "cumarea": 6396.36288910716
    }
  ], 
  "end_x": 6396.57779679442, 
  "num": 2913, 
  "zoom": 13, 
  "start_x": 6394.382677440681
}