{
  "shown": [
    {
      "max_elev": 1305, 
      "uid": "3526a716-e65f-4112-8d70-a1b54b7a4c09", 
      "area": 1.82, 
      "num_lifts": 2, 
      "source": "jsons/ski_area_elevations//north-america-latest.json", 
      "min_elev": 1299, 
      "cumarea": 6417.266821034767
    }
  ], 
  "end_x": 6418.528990331807, 
  "num": 2923, 
  "zoom": 13, 
  "start_x": 6416.333870978069
}