{
  "shown": [
    {
      "max_elev": 1302, 
      "uid": "8b6a2e6a-d501-4b88-8f24-be3b4e757b7f", 
      "area": 1.81, 
      "num_lifts": 1, 
      "source": "jsons/ski_area_elevations//europe-latest.json", 
      "min_elev": 1232, 
      "cumarea": 6434.150575498178
    }
  ], 
  "end_x": 6436.089945161716, 
  "num": 2931, 
  "zoom": 13, 
  "start_x": 6433.894825807978
}