{
  "shown": [], 
  "end_x": 647.5602093529012, 
  "num": 294, 
  "zoom": 13, 
  "start_x": 645.3650899991626
}