{
  "shown": [
    {
      "max_elev": 1297, 
      "uid": "9b5f1a57-de0c-4905-b19f-9e4b023f406c", 
      "area": 2.68, 
      "num_lifts": 13, 
      "source": "jsons/ski_area_elevations//north-america-latest.json", 
      "min_elev": 1001, 
      "cumarea": 6461.473242698736
    }
  ], 
  "end_x": 6462.4313774065795, 
  "num": 2943, 
  "zoom": 13, 
  "start_x": 6460.236258052841
}