{
  "shown": [
    {
      "max_elev": 1296, 
      "uid": "a3e5374f-83b4-4291-b6d1-417a62932826", 
      "area": 1.96, 
      "num_lifts": 2, 
      "source": "jsons/ski_area_elevations//europe-latest.json", 
      "min_elev": 1015, 
      "cumarea": 6470.480387204342
    }
  ], 
  "end_x": 6471.211854821534, 
  "num": 2947, 
  "zoom": 13, 
  "start_x": 6469.016735467796
}