{
  "shown": [
    {
      "max_elev": 1295, 
      "cumarea": 6483.575898721, 
      "area": 1.9000000000000001, 
      "num_lifts": 2, 
      "name": "El Fraile", 
      "source": "jsons/ski_area_elevations//south-america-latest.json", 
      "min_elev": 981, 
      "uid": "07c4f54b-88fa-4e23-89e8-b65d378f9826"
    }
  ], 
  "end_x": 6484.382570943966, 
  "num": 2953, 
  "zoom": 13, 
  "start_x": 6482.187451590227
}