{
  "shown": [
    {
      "max_elev": 1292, 
      "uid": "69d58d12-8f82-417b-a20c-48f1bc329635", 
      "area": 1.95, 
      "num_lifts": 2, 
      "source": "jsons/ski_area_elevations//europe-latest.json", 
      "min_elev": 1205, 
      "cumarea": 6494.200393765496
    }
  ], 
  "end_x": 6495.3581677126585, 
  "num": 2958, 
  "zoom": 13, 
  "start_x": 6493.16304835892
}