{
  "shown": [], 
  "end_x": 651.9504480603784, 
  "num": 296, 
  "zoom": 13, 
  "start_x": 649.7553287066398
}