{
  "shown": [
    {
      "max_elev": 1288, 
      "uid": "b157d09d-675e-4711-8930-77703046349b", 
      "area": 1.8800000000000001, 
      "num_lifts": 1, 
      "source": "jsons/ski_area_elevations//asia-latest.json", 
      "min_elev": 898, 
      "cumarea": 6504.712405199176
    }
  ], 
  "end_x": 6506.333764481352, 
  "num": 2963, 
  "zoom": 13, 
  "start_x": 6504.138645127614
}