{
  "shown": [], 
  "end_x": 6526.089838665001, 
  "num": 2972, 
  "zoom": 13, 
  "start_x": 6523.894719311262
}