{
  "shown": [
    {
      "max_elev": 1278, 
      "cumarea": 6551.34177808622, 
      "area": 3.7, 
      "num_lifts": 27, 
      "name": "Annaberg", 
      "source": "jsons/ski_area_elevations//europe-latest.json", 
      "min_elev": 752, 
      "uid": "f4efea68-8236-4be3-9a91-80593724ee1a"
    }
  ], 
  "end_x": 6552.431270909865, 
  "num": 2984, 
  "zoom": 13, 
  "start_x": 6550.236151556126
}