{
  "shown": [], 
  "end_x": 6569.992225739774, 
  "num": 2992, 
  "zoom": 13, 
  "start_x": 6567.797106386035
}