{
  "shown": [
    {
      "max_elev": 1276, 
      "uid": "41a1e659-d845-4576-83be-89fb66bc934d", 
      "area": 1.92, 
      "num_lifts": 2, 
      "source": "jsons/ski_area_elevations//europe-latest.json", 
      "min_elev": 1141, 
      "cumarea": 6570.175108711364
    }
  ], 
  "end_x": 6572.187345093513, 
  "num": 2993, 
  "zoom": 13, 
  "start_x": 6569.992225739774
}