{
  "shown": [], 
  "end_x": 6587.553180569683, 
  "num": 3000, 
  "zoom": 13, 
  "start_x": 6585.358061215944
}