{
  "shown": [
    {
      "max_elev": 1273, 
      "uid": "6337a734-ecc0-48b4-b8f9-3c68ef287464", 
      "area": 2.0, 
      "num_lifts": 1, 
      "source": "jsons/ski_area_elevations//asia-latest.json", 
      "min_elev": 633, 
      "cumarea": 6590.27622613416
    }
  ], 
  "end_x": 6591.9434192771605, 
  "num": 3002, 
  "zoom": 13, 
  "start_x": 6589.748299923422
}