{
  "shown": [
    {
      "max_elev": 1272, 
      "uid": "d193e260-aa5a-4218-b7ea-653e4bfaad40", 
      "area": 1.83, 
      "num_lifts": 2, 
      "source": "jsons/ski_area_elevations//europe-latest.json", 
      "min_elev": 1183, 
      "cumarea": 6592.880542101014
    }
  ], 
  "end_x": 6594.138538630898, 
  "num": 3003, 
  "zoom": 13, 
  "start_x": 6591.9434192771605
}