{
  "shown": [
    {
      "max_elev": 1270, 
      "cumarea": 6608.094554055348, 
      "area": 10.360000000000001, 
      "num_lifts": 59, 
      "name": "Sheregesh", 
      "source": "jsons/ski_area_elevations//asia-latest.json", 
      "min_elev": 595, 
      "uid": "785c10cd-4914-42c7-bd1e-6cd21ebf93bc"
    }
  ], 
  "end_x": 6609.504374107069, 
  "num": 3010, 
  "zoom": 13, 
  "start_x": 6607.309254753331
}