{
  "shown": [], 
  "end_x": 6611.699493460807, 
  "num": 3011, 
  "zoom": 13, 
  "start_x": 6609.504374107069
}