{
  "shown": [
    {
      "max_elev": 1269, 
      "cumarea": 6612.53516044624, 
      "area": 11.48, 
      "num_lifts": 53, 
      "name": "Oppdal", 
      "source": "jsons/ski_area_elevations//europe-latest.json", 
      "min_elev": 588, 
      "uid": "553b29b3-82ae-4343-bc8d-c980e9660681"
    }
  ], 
  "end_x": 6613.894612814545, 
  "num": 3012, 
  "zoom": 13, 
  "start_x": 6611.699493460807
}