{
  "shown": [
    {
      "max_elev": 1249, 
      "uid": "27ab8eb7-a8a0-4028-91bc-346b70bc452d", 
      "area": 1.84, 
      "num_lifts": 1, 
      "source": "jsons/ski_area_elevations//europe-latest.json", 
      "min_elev": 950, 
      "cumarea": 6715.117914131354
    }
  ], 
  "end_x": 6717.065222440263, 
  "num": 3059, 
  "zoom": 13, 
  "start_x": 6714.870103086525
}