{
  "shown": [], 
  "end_x": 6728.040819208956, 
  "num": 3064, 
  "zoom": 13, 
  "start_x": 6725.845699855217
}