{
  "shown": [
    {
      "max_elev": 1241, 
      "uid": "38d4f657-9ab6-45a1-99f9-8574eabbb117", 
      "area": 2.91, 
      "num_lifts": 3, 
      "source": "jsons/ski_area_elevations//europe-latest.json", 
      "min_elev": 1068, 
      "cumarea": 6754.672392514338
    }
  ], 
  "end_x": 6756.577370807558, 
  "num": 3077, 
  "zoom": 13, 
  "start_x": 6754.382251453819
}