{
  "shown": [
    {
      "max_elev": 1240, 
      "uid": "ee706a6f-e089-4924-8e55-a89ae0633051", 
      "area": 1.85, 
      "num_lifts": 1, 
      "source": "jsons/ski_area_elevations//europe-latest.json", 
      "min_elev": 748, 
      "cumarea": 6768.561896632174
    }
  ], 
  "end_x": 6769.74808692999, 
  "num": 3083, 
  "zoom": 13, 
  "start_x": 6767.552967576252
}