{
  "shown": [
    {
      "max_elev": 1238, 
      "uid": "21a4ba3a-bf94-43b2-b6a9-c6d3817a95c6", 
      "area": 1.95, 
      "num_lifts": 2, 
      "source": "jsons/ski_area_elevations//europe-latest.json", 
      "min_elev": 1056, 
      "cumarea": 6771.229726004749
    }
  ], 
  "end_x": 6771.943206283728, 
  "num": 3084, 
  "zoom": 13, 
  "start_x": 6769.74808692999
}