{
  "shown": [], 
  "end_x": 6796.089519174853, 
  "num": 3095, 
  "zoom": 13, 
  "start_x": 6793.894399821114
}