{
  "shown": [], 
  "end_x": 6811.455354651025, 
  "num": 3102, 
  "zoom": 13, 
  "start_x": 6809.260235297286
}