{
  "shown": [
    {
      "max_elev": 1233, 
      "uid": "433d45f1-898e-40d5-bd8d-d0ca851d245d", 
      "area": 1.82, 
      "num_lifts": 1, 
      "source": "jsons/ski_area_elevations//europe-latest.json", 
      "min_elev": 1175, 
      "cumarea": 6819.915394028331
    }
  ], 
  "end_x": 6820.235832065979, 
  "num": 3106, 
  "zoom": 13, 
  "start_x": 6818.04071271224
}