{
  "shown": [], 
  "end_x": 6822.4309514197175, 
  "num": 3107, 
  "zoom": 13, 
  "start_x": 6820.235832065979
}