{
  "shown": [
    {
      "max_elev": 1231, 
      "uid": "12faf5d1-a598-4b09-ae5b-c6ebb858e025", 
      "area": 1.82, 
      "num_lifts": 1, 
      "source": "jsons/ski_area_elevations//europe-latest.json", 
      "min_elev": 1034, 
      "cumarea": 6844.471035251301
    }
  ], 
  "end_x": 6846.577264310843, 
  "num": 3118, 
  "zoom": 13, 
  "start_x": 6844.382144957104
}