{
  "shown": [
    {
      "max_elev": 1229, 
      "uid": "c9d08b26-5b3e-4438-9510-2c37d8f004d8", 
      "area": 1.9000000000000001, 
      "num_lifts": 1, 
      "source": "jsons/ski_area_elevations//europe-latest.json", 
      "min_elev": 382, 
      "cumarea": 6850.234566699073
    }
  ], 
  "end_x": 6850.967503018321, 
  "num": 3120, 
  "zoom": 13, 
  "start_x": 6848.772383664582
}