{
  "shown": [], 
  "end_x": 6868.52845784823, 
  "num": 3128, 
  "zoom": 13, 
  "start_x": 6866.333338494491
}