{
  "shown": [
    {
      "max_elev": 1216, 
      "uid": "510ef1f8-1238-4497-890d-da39a92ef87d", 
      "area": 4.21, 
      "num_lifts": 24, 
      "source": "jsons/ski_area_elevations//europe-latest.json", 
      "min_elev": 790, 
      "cumarea": 6940.132126955761
    }
  ], 
  "end_x": 6940.967396521604, 
  "num": 3161, 
  "zoom": 13, 
  "start_x": 6938.7722771678655
}