{
  "shown": [], 
  "end_x": 6945.357635229082, 
  "num": 3163, 
  "zoom": 13, 
  "start_x": 6943.162515875343
}