{
  "shown": [], 
  "end_x": 6967.308828766469, 
  "num": 3173, 
  "zoom": 13, 
  "start_x": 6965.11370941273
}