{
  "shown": [
    {
      "max_elev": 1210, 
      "uid": "6bca5a8a-8a2f-4c3d-b240-7eee3dab45d9", 
      "area": 4.41, 
      "num_lifts": 47, 
      "source": "jsons/ski_area_elevations//north-america-latest.json", 
      "min_elev": 589, 
      "cumarea": 6981.89248163978
    }
  ], 
  "end_x": 6982.674664242639, 
  "num": 3180, 
  "zoom": 13, 
  "start_x": 6980.479544888901
}