{
  "shown": [
    {
      "max_elev": 2809, 
      "cumarea": 701.3598277517275, 
      "area": 1.96, 
      "num_lifts": 3, 
      "name": "Snowbasin Resort", 
      "source": "jsons/ski_area_elevations//north-america-latest.json", 
      "min_elev": 2055, 
      "uid": "4fcafb54-cc20-403e-a88c-ed9b24c819d7"
    }
  ], 
  "end_x": 702.4381931963674, 
  "num": 319, 
  "zoom": 13, 
  "start_x": 700.2430738426287
}