{
  "shown": [], 
  "end_x": 7006.820977133764, 
  "num": 3191, 
  "zoom": 13, 
  "start_x": 7004.625857780025
}