{
  "shown": [], 
  "end_x": 7017.796573902457, 
  "num": 3196, 
  "zoom": 13, 
  "start_x": 7015.601454548719
}