{
  "shown": [], 
  "end_x": 7035.357528732366, 
  "num": 3204, 
  "zoom": 13, 
  "start_x": 7033.162409378628
}