{
  "shown": [], 
  "end_x": 7046.33312550106, 
  "num": 3209, 
  "zoom": 13, 
  "start_x": 7044.138006147321
}