{
  "shown": [], 
  "end_x": 706.8284319038446, 
  "num": 321, 
  "zoom": 13, 
  "start_x": 704.633312550106
}