{
  "shown": [], 
  "end_x": 7070.4794383921835, 
  "num": 3220, 
  "zoom": 13, 
  "start_x": 7068.284319038446
}