{
  "shown": [], 
  "end_x": 7090.235512575833, 
  "num": 3229, 
  "zoom": 13, 
  "start_x": 7088.040393222094
}