{
  "shown": [], 
  "end_x": 7123.162302881912, 
  "num": 3244, 
  "zoom": 13, 
  "start_x": 7120.967183528174
}