{
  "shown": [
    {
      "max_elev": 1183, 
      "cumarea": 7135.94935156717, 
      "area": 7.87, 
      "num_lifts": 95, 
      "name": "Stratton", 
      "source": "jsons/ski_area_elevations//north-america-latest.json", 
      "min_elev": 605, 
      "uid": "fb10030f-6e16-4bfa-994c-b33f023f7e78"
    }
  ], 
  "end_x": 7136.333019004345, 
  "num": 3250, 
  "zoom": 13, 
  "start_x": 7134.137899650606
}