{
  "shown": [
    {
      "max_elev": 1182, 
      "cumarea": 7149.164799162463, 
      "area": 2.8200000000000003, 
      "num_lifts": 4, 
      "name": "Wolfenschiessen", 
      "source": "jsons/ski_area_elevations//europe-latest.json", 
      "min_elev": 505, 
      "uid": "1bc35978-6fc6-4086-9e70-5e1898d971f8"
    }
  ], 
  "end_x": 7149.5037351267765, 
  "num": 3256, 
  "zoom": 13, 
  "start_x": 7147.308615773038
}