{
  "shown": [], 
  "end_x": 7263.649941521186, 
  "num": 3308, 
  "zoom": 13, 
  "start_x": 7261.454822167448
}