{
  "shown": [], 
  "end_x": 7276.820657643619, 
  "num": 3314, 
  "zoom": 13, 
  "start_x": 7274.62553828988
}