{
  "shown": [], 
  "end_x": 7283.406015704833, 
  "num": 3317, 
  "zoom": 13, 
  "start_x": 7281.210896351095
}