{
  "shown": [], 
  "end_x": 7294.381612473528, 
  "num": 3322, 
  "zoom": 13, 
  "start_x": 7292.186493119789
}