{
  "shown": [
    {
      "max_elev": 1161, 
      "uid": "1a1fd621-5456-4818-8e52-a2180a1fcba1", 
      "area": 1.86, 
      "num_lifts": 1, 
      "source": "jsons/ski_area_elevations//europe-latest.json", 
      "min_elev": 551, 
      "cumarea": 7302.648850568009
    }
  ], 
  "end_x": 7303.162089888481, 
  "num": 3326, 
  "zoom": 13, 
  "start_x": 7300.966970534742
}