{
  "shown": [
    {
      "max_elev": 1156, 
      "uid": "c98a225b-eaff-4225-a048-88acf81debbb", 
      "area": 1.83, 
      "num_lifts": 1, 
      "source": "jsons/ski_area_elevations//europe-latest.json", 
      "min_elev": 1063, 
      "cumarea": 7333.320331096889
    }
  ], 
  "end_x": 7333.893760840821, 
  "num": 3340, 
  "zoom": 13, 
  "start_x": 7331.6986414870835
}