{
  "shown": [], 
  "end_x": 7338.283999548299, 
  "num": 3342, 
  "zoom": 13, 
  "start_x": 7336.08888019456
}