{
  "shown": [
    {
      "max_elev": 2787, 
      "uid": "d254b090-e5c5-4fa0-b2f0-62e56fe3b28b", 
      "area": 1.8, 
      "num_lifts": 0, 
      "source": "jsons/ski_area_elevations//europe-latest.json", 
      "min_elev": 2787, 
      "cumarea": 736.8728365697353
    }
  ], 
  "end_x": 737.5601028561857, 
  "num": 335, 
  "zoom": 13, 
  "start_x": 735.3649835024471
}