{
  "shown": [], 
  "end_x": 741.950341563663, 
  "num": 337, 
  "zoom": 13, 
  "start_x": 739.7552222099243
}