{
  "shown": [], 
  "end_x": 7459.015564003925, 
  "num": 3397, 
  "zoom": 13, 
  "start_x": 7456.820444650186
}