{
  "shown": [
    {
      "max_elev": 2779, 
      "cumarea": 747.3775952912296, 
      "area": 14.360000000000001, 
      "num_lifts": 89, 
      "name": "Livigno", 
      "source": "jsons/ski_area_elevations//europe-latest.json", 
      "min_elev": 1815, 
      "uid": "fbfabb40-3727-4410-8163-130b4d89982d"
    }
  ], 
  "end_x": 748.535699624879, 
  "num": 340, 
  "zoom": 13, 
  "start_x": 746.3405802711403
}