{
  "shown": [], 
  "end_x": 750.7308189786177, 
  "num": 341, 
  "zoom": 13, 
  "start_x": 748.535699624879
}