{
  "shown": [], 
  "end_x": 7500.722831724959, 
  "num": 3416, 
  "zoom": 13, 
  "start_x": 7498.52771237122
}