{
  "shown": [], 
  "end_x": 7509.503309139915, 
  "num": 3420, 
  "zoom": 13, 
  "start_x": 7507.308189786176
}