{
  "shown": [
    {
      "max_elev": 1121, 
      "uid": "94681958-50b3-4070-9379-5cb67679c4ff", 
      "area": 1.86, 
      "num_lifts": 3, 
      "source": "jsons/ski_area_elevations//asia-latest.json", 
      "min_elev": 920, 
      "cumarea": 7514.728217145542
    }
  ], 
  "end_x": 7516.08866720113, 
  "num": 3423, 
  "zoom": 13, 
  "start_x": 7513.893547847392
}