{
  "shown": [
    {
      "max_elev": 1110, 
      "uid": "a7bd9fe2-b288-4a48-b027-4b554504913e", 
      "area": 1.9000000000000001, 
      "num_lifts": 4, 
      "source": "jsons/ski_area_elevations//europe-latest.json", 
      "min_elev": 951, 
      "cumarea": 7598.324958739769
    }
  ], 
  "end_x": 7599.503202643198, 
  "num": 3461, 
  "zoom": 13, 
  "start_x": 7597.308083289459
}