{
  "shown": [], 
  "end_x": 7601.698321996937, 
  "num": 3462, 
  "zoom": 13, 
  "start_x": 7599.503202643198
}