{
  "shown": [
    {
      "max_elev": 1109, 
      "uid": "279cbb16-a18d-4725-a093-87778e8f4dac", 
      "area": 2.0100000000000002, 
      "num_lifts": 4, 
      "source": "jsons/ski_area_elevations//europe-latest.json", 
      "min_elev": 961, 
      "cumarea": 7608.368041428162
    }
  ], 
  "end_x": 7610.478799411892, 
  "num": 3466, 
  "zoom": 13, 
  "start_x": 7608.283680058154
}