{
  "shown": [
    {
      "max_elev": 1105, 
      "uid": "fcd42311-8231-4dd9-b2bf-78ea2af1c398", 
      "area": 1.99, 
      "num_lifts": 2, 
      "source": "jsons/ski_area_elevations//europe-latest.json", 
      "min_elev": 834, 
      "cumarea": 7644.729457467175
    }
  ], 
  "end_x": 7645.60070907171, 
  "num": 3482, 
  "zoom": 13, 
  "start_x": 7643.405589717971
}