{
  "shown": [], 
  "end_x": 7649.990947779188, 
  "num": 3484, 
  "zoom": 13, 
  "start_x": 7647.795828425449
}