{
  "shown": [
    {
      "max_elev": 2767, 
      "uid": "aaab3ef9-ad15-4514-aece-e615d91bf8ec", 
      "area": 1.9300000000000002, 
      "num_lifts": 1, 
      "source": "jsons/ski_area_elevations//europe-latest.json", 
      "min_elev": 2245, 
      "cumarea": 767.3073720728208
    }
  ], 
  "end_x": 768.2917738085268, 
  "num": 349, 
  "zoom": 13, 
  "start_x": 766.0966544547882
}