{
  "shown": [], 
  "end_x": 7700.478692915177, 
  "num": 3507, 
  "zoom": 13, 
  "start_x": 7698.283573561439
}