{
  "shown": [
    {
      "max_elev": 1099, 
      "uid": "6dba1e16-7d17-4045-99e6-5d071c300c44", 
      "area": 1.92, 
      "num_lifts": 1, 
      "source": "jsons/ski_area_elevations//north-america-latest.json", 
      "min_elev": 866, 
      "cumarea": 7708.655210612118
    }
  ], 
  "end_x": 7709.259170330131, 
  "num": 3511, 
  "zoom": 13, 
  "start_x": 7707.0640509763925
}