{
  "shown": [], 
  "end_x": 7724.6250058063015, 
  "num": 3518, 
  "zoom": 13, 
  "start_x": 7722.429886452563
}