{
  "shown": [
    {
      "max_elev": 2751, 
      "cumarea": 774.446009170805, 
      "area": 10.440000000000001, 
      "num_lifts": 64, 
      "name": "Mt. Bachelor", 
      "source": "jsons/ski_area_elevations//north-america-latest.json", 
      "min_elev": 1737, 
      "uid": "de9ecbf4-0dc8-4f31-bda8-cfa270ea31c9"
    }
  ], 
  "end_x": 774.8771318697427, 
  "num": 352, 
  "zoom": 13, 
  "start_x": 772.6820125160041
}