{
  "shown": [
    {
      "max_elev": 1093, 
      "uid": "9fcb999e-df4c-41d7-af29-cba69406cef5", 
      "area": 1.83, 
      "num_lifts": 1, 
      "source": "jsons/ski_area_elevations//europe-latest.json", 
      "min_elev": 952, 
      "cumarea": 7735.459801038221
    }
  ], 
  "end_x": 7735.600602574995, 
  "num": 3523, 
  "zoom": 13, 
  "start_x": 7733.405483221257
}