{
  "shown": [], 
  "end_x": 7744.381079989949, 
  "num": 3527, 
  "zoom": 13, 
  "start_x": 7742.18596063621
}