{
  "shown": [], 
  "end_x": 777.0722512234813, 
  "num": 353, 
  "zoom": 13, 
  "start_x": 774.8771318697427
}