{
  "shown": [
    {
      "max_elev": 1088, 
      "uid": "ea944bc9-f11d-4a79-b94a-af07ca24c3c6", 
      "area": 2.11, 
      "num_lifts": 7, 
      "source": "jsons/ski_area_elevations//europe-latest.json", 
      "min_elev": 747, 
      "cumarea": 7767.12268657467
    }
  ], 
  "end_x": 7768.527392881075, 
  "num": 3538, 
  "zoom": 13, 
  "start_x": 7766.332273527336
}