{
  "shown": [
    {
      "max_elev": 2747, 
      "uid": "792d3363-9f6d-4731-8c4d-761659280689", 
      "area": 2.09, 
      "num_lifts": 1, 
      "source": "jsons/ski_area_elevations//north-america-latest.json", 
      "min_elev": 1334, 
      "cumarea": 783.6565806901767
    }
  ], 
  "end_x": 783.6576092846974, 
  "num": 356, 
  "zoom": 13, 
  "start_x": 781.4624899309587
}