{
  "shown": [], 
  "end_x": 7834.380973493235, 
  "num": 3568, 
  "zoom": 13, 
  "start_x": 7832.185854139496
}