{
  "shown": [
    {
      "max_elev": 1079, 
      "uid": "eb9ebfee-9c28-4023-ba23-fe77ac2b7740", 
      "area": 1.84, 
      "num_lifts": 1, 
      "source": "jsons/ski_area_elevations//south-america-latest.json", 
      "min_elev": 997, 
      "cumarea": 7837.306525076832
    }
  ], 
  "end_x": 7838.771212200712, 
  "num": 3570, 
  "zoom": 13, 
  "start_x": 7836.576092846974
}