{
  "shown": [], 
  "end_x": 7845.356570261927, 
  "num": 3573, 
  "zoom": 13, 
  "start_x": 7843.161450908188
}