{
  "shown": [
    {
      "max_elev": 1074, 
      "uid": "ddce2b40-3f78-4ba4-9485-324a36fbab96", 
      "area": 2.3600000000000003, 
      "num_lifts": 3, 
      "source": "jsons/ski_area_elevations//asia-latest.json", 
      "min_elev": 737, 
      "cumarea": 7869.679663931688
    }
  ], 
  "end_x": 7871.698002506791, 
  "num": 3585, 
  "zoom": 13, 
  "start_x": 7869.502883153053
}