{
  "shown": [
    {
      "max_elev": 1072, 
      "uid": "5d8e8e4f-ee86-4c59-b4a4-1a979f640f30", 
      "area": 1.83, 
      "num_lifts": 1, 
      "source": "jsons/ski_area_elevations//europe-latest.json", 
      "min_elev": 727, 
      "cumarea": 7872.2839798985415
    }
  ], 
  "end_x": 7873.89312186053, 
  "num": 3586, 
  "zoom": 13, 
  "start_x": 7871.698002506791
}