{
  "shown": [], 
  "end_x": 7922.1857476427795, 
  "num": 3608, 
  "zoom": 13, 
  "start_x": 7919.990628289041
}