{
  "shown": [], 
  "end_x": 7935.3564637652125, 
  "num": 3614, 
  "zoom": 13, 
  "start_x": 7933.161344411474
}