{
  "shown": [], 
  "end_x": 8014.380760499804, 
  "num": 3650, 
  "zoom": 13, 
  "start_x": 8012.185641146065
}