{
  "shown": [], 
  "end_x": 8058.283147574575, 
  "num": 3670, 
  "zoom": 13, 
  "start_x": 8056.088028220836
}