{
  "shown": [
    {
      "max_elev": 1047, 
      "uid": "c5a5c0a2-6bea-481f-9bad-e6e3d1614cc3", 
      "area": 1.94, 
      "num_lifts": 1, 
      "source": "jsons/ski_area_elevations//europe-latest.json", 
      "min_elev": 780, 
      "cumarea": 8063.939269935894
    }
  ], 
  "end_x": 8064.868505635792, 
  "num": 3673, 
  "zoom": 13, 
  "start_x": 8062.673386282053
}