{
  "shown": [
    {
      "max_elev": 1043, 
      "uid": "99470270-3332-4080-9a5e-ef0cdc5d1fe7", 
      "area": 1.81, 
      "num_lifts": 1, 
      "source": "jsons/ski_area_elevations//europe-latest.json", 
      "min_elev": 903, 
      "cumarea": 8117.621147478444
    }
  ], 
  "end_x": 8119.746489479259, 
  "num": 3698, 
  "zoom": 13, 
  "start_x": 8117.55137012552
}