{
  "shown": [], 
  "end_x": 8214.13662169002, 
  "num": 3741, 
  "zoom": 13, 
  "start_x": 8211.941502336282
}