{
  "shown": [
    {
      "max_elev": 1029, 
      "uid": "1c07d346-9266-4529-8780-bd246cadd8f6", 
      "area": 5.66, 
      "num_lifts": 62, 
      "source": "jsons/ski_area_elevations//europe-latest.json", 
      "min_elev": 640, 
      "cumarea": 8232.05861731436
    }
  ], 
  "end_x": 8233.89269587367, 
  "num": 3750, 
  "zoom": 13, 
  "start_x": 8231.697576519931
}