{
  "shown": [
    {
      "max_elev": 1021, 
      "uid": "79897416-6a5c-4d0c-9d69-6cd67f14f0a7", 
      "area": 1.81, 
      "num_lifts": 1, 
      "source": "jsons/ski_area_elevations//europe-latest.json", 
      "min_elev": 977, 
      "cumarea": 8272.430593893654
    }
  ], 
  "end_x": 8273.404844240962, 
  "num": 3768, 
  "zoom": 13, 
  "start_x": 8271.209724887225
}