{
  "shown": [], 
  "end_x": 8277.79508294844, 
  "num": 3770, 
  "zoom": 13, 
  "start_x": 8275.599963594701
}