{
  "shown": [], 
  "end_x": 8337.063305499385, 
  "num": 3797, 
  "zoom": 13, 
  "start_x": 8334.868186145646
}