{
  "shown": [], 
  "end_x": 8343.648663560598, 
  "num": 3800, 
  "zoom": 13, 
  "start_x": 8341.45354420686
}