{
  "shown": [], 
  "end_x": 8354.624260329292, 
  "num": 3805, 
  "zoom": 13, 
  "start_x": 8352.429140975553
}