{
  "shown": [], 
  "end_x": 838.5355931281636, 
  "num": 381, 
  "zoom": 13, 
  "start_x": 836.3404737744249
}