{
  "shown": [], 
  "end_x": 8380.965692574155, 
  "num": 3817, 
  "zoom": 13, 
  "start_x": 8378.770573220416
}