{
  "shown": [], 
  "end_x": 8416.087602233976, 
  "num": 3833, 
  "zoom": 13, 
  "start_x": 8413.892482880237
}