{
  "shown": [], 
  "end_x": 8459.98998930875, 
  "num": 3853, 
  "zoom": 13, 
  "start_x": 8457.79486995501
}