{
  "shown": [], 
  "end_x": 8525.843569920908, 
  "num": 3883, 
  "zoom": 13, 
  "start_x": 8523.648450567169
}