{
  "shown": [], 
  "end_x": 8587.30691182559, 
  "num": 3911, 
  "zoom": 13, 
  "start_x": 8585.111792471853
}