{
  "shown": [
    {
      "max_elev": 982, 
      "uid": "4ea1cbe8-0cfc-4f7d-b60d-fea63d605953", 
      "area": 3.05, 
      "num_lifts": 9, 
      "source": "jsons/ski_area_elevations//asia-latest.json", 
      "min_elev": 349, 
      "cumarea": 8614.734154352358
    }
  ], 
  "end_x": 8615.843463424193, 
  "num": 3924, 
  "zoom": 13, 
  "start_x": 8613.648344070454
}