{
  "shown": [], 
  "end_x": 867.0721447267658, 
  "num": 394, 
  "zoom": 13, 
  "start_x": 864.8770253730272
}