{
  "shown": [
    {
      "max_elev": 972, 
      "cumarea": 8712.966661019962, 
      "area": 3.79, 
      "num_lifts": 48, 
      "name": "Haystack Mountain", 
      "source": "jsons/ski_area_elevations//north-america-latest.json", 
      "min_elev": 545, 
      "uid": "9ae69a29-90ec-4b29-92d4-d0d8b7474565"
    }
  ], 
  "end_x": 8714.62383434243, 
  "num": 3969, 
  "zoom": 13, 
  "start_x": 8712.428714988691
}