{
  "shown": [
    {
      "max_elev": 969, 
      "uid": "1dcee1fa-350c-4afd-a402-4990f7cf413e", 
      "area": 1.84, 
      "num_lifts": 1, 
      "source": "jsons/ski_area_elevations//europe-latest.json", 
      "min_elev": 814, 
      "cumarea": 8734.666613755746
    }
  ], 
  "end_x": 8736.575027879819, 
  "num": 3979, 
  "zoom": 13, 
  "start_x": 8734.37990852608
}