{
  "shown": [
    {
      "max_elev": 966, 
      "uid": "7ce1b260-ce1f-4d4b-b9a4-8e9d7b1bff87", 
      "area": 2.04, 
      "num_lifts": 4, 
      "source": "jsons/ski_area_elevations//europe-latest.json", 
      "min_elev": 780, 
      "cumarea": 8745.21940532747
    }
  ], 
  "end_x": 8745.355505294774, 
  "num": 3983, 
  "zoom": 13, 
  "start_x": 8743.160385941035
}