{
  "shown": [], 
  "end_x": 8760.721340770946, 
  "num": 3990, 
  "zoom": 13, 
  "start_x": 8758.526221417207
}