{
  "shown": [], 
  "end_x": 880.2428608491978, 
  "num": 400, 
  "zoom": 13, 
  "start_x": 878.0477414954591
}