{
  "shown": [], 
  "end_x": 8782.67253430833, 
  "num": 4000, 
  "zoom": 13, 
  "start_x": 8780.477414954592
}