{
  "shown": [], 
  "end_x": 8795.843250430764, 
  "num": 4006, 
  "zoom": 13, 
  "start_x": 8793.648131077025
}