{
  "shown": [], 
  "end_x": 8809.013966553193, 
  "num": 4012, 
  "zoom": 13, 
  "start_x": 8806.818847199454
}