{
  "shown": [
    {
      "max_elev": 957, 
      "cumarea": 8821.316608784897, 
      "area": 9.71, 
      "num_lifts": 141, 
      "name": "Sunday River", 
      "source": "jsons/ski_area_elevations//north-america-latest.json", 
      "min_elev": 248, 
      "uid": "3ff11e2d-097c-4dd3-9286-bf8a89970fec"
    }
  ], 
  "end_x": 8822.184682675626, 
  "num": 4018, 
  "zoom": 13, 
  "start_x": 8819.989563321888
}