{
  "shown": [
    {
      "max_elev": 951, 
      "uid": "9752eefa-5f71-4b1f-a639-aadc0a6f4902", 
      "area": 1.82, 
      "num_lifts": 1, 
      "source": "jsons/ski_area_elevations//europe-latest.json", 
      "min_elev": 825, 
      "cumarea": 8876.518997631807
    }
  ], 
  "end_x": 8877.06266651909, 
  "num": 4043, 
  "zoom": 13, 
  "start_x": 8874.867547165351
}