{
  "shown": [], 
  "end_x": 891.2184576178911, 
  "num": 405, 
  "zoom": 13, 
  "start_x": 889.0233382641525
}