{
  "shown": [], 
  "end_x": 8896.81874070274, 
  "num": 4052, 
  "zoom": 13, 
  "start_x": 8894.623621349001
}