{
  "shown": [
    {
      "max_elev": 945, 
      "uid": "fc975b05-3b14-4905-a8e0-a3f932c8113c", 
      "area": 1.85, 
      "num_lifts": 1, 
      "source": "jsons/ski_area_elevations//europe-latest.json", 
      "min_elev": 709, 
      "cumarea": 8929.014812410247
    }
  ], 
  "end_x": 8929.745531008819, 
  "num": 4067, 
  "zoom": 13, 
  "start_x": 8927.55041165508
}