{
  "shown": [
    {
      "max_elev": 2663, 
      "cumarea": 895.4840248322593, 
      "area": 6.43, 
      "num_lifts": 34, 
      "name": "Aussois", 
      "source": "jsons/ski_area_elevations//europe-latest.json", 
      "min_elev": 1524, 
      "uid": "f91b792c-fc29-4caf-a1cb-8c58ee4f28f9"
    }
  ], 
  "end_x": 895.6086963253683, 
  "num": 407, 
  "zoom": 13, 
  "start_x": 893.4135769716297
}