{
  "shown": [], 
  "end_x": 8942.916247131248, 
  "num": 4073, 
  "zoom": 13, 
  "start_x": 8940.72112777751
}