{
  "shown": [
    {
      "max_elev": 943, 
      "uid": "d8f81419-d7d0-4846-becb-c7a60978cced", 
      "area": 3.31, 
      "num_lifts": 10, 
      "source": "jsons/ski_area_elevations//europe-latest.json", 
      "min_elev": 630, 
      "cumarea": 8948.863709618743
    }
  ], 
  "end_x": 8949.501605192465, 
  "num": 4076, 
  "zoom": 13, 
  "start_x": 8947.306485838726
}