{
  "shown": [], 
  "end_x": 8953.891843899943, 
  "num": 4078, 
  "zoom": 13, 
  "start_x": 8951.696724546204
}