{
  "shown": [], 
  "end_x": 897.803815679107, 
  "num": 408, 
  "zoom": 13, 
  "start_x": 895.6086963253683
}