{
  "shown": [], 
  "end_x": 8962.672321314898, 
  "num": 4082, 
  "zoom": 13, 
  "start_x": 8960.47720196116
}