{
  "shown": [
    {
      "max_elev": 2661, 
      "uid": "b5f280fb-9eb8-43a9-85f4-c8b06a36f5e1", 
      "area": 1.9000000000000001, 
      "num_lifts": 1, 
      "source": "jsons/ski_area_elevations//europe-latest.json", 
      "min_elev": 2395, 
      "cumarea": 900.767732604604
    }
  ], 
  "end_x": 902.1940543865842, 
  "num": 410, 
  "zoom": 13, 
  "start_x": 899.9989350328456
}