{
  "shown": [], 
  "end_x": 9002.184469682194, 
  "num": 4100, 
  "zoom": 13, 
  "start_x": 8999.989350328455
}