{
  "shown": [
    {
      "max_elev": 936, 
      "uid": "0299ac59-148e-4db7-80b1-999baca9b834", 
      "area": 1.82, 
      "num_lifts": 1, 
      "source": "jsons/ski_area_elevations//asia-latest.json", 
      "min_elev": 723, 
      "cumarea": 9011.55940257287
    }
  ], 
  "end_x": 9013.160066450888, 
  "num": 4105, 
  "zoom": 13, 
  "start_x": 9010.964947097149
}