{
  "shown": [], 
  "end_x": 9035.111259988276, 
  "num": 4115, 
  "zoom": 13, 
  "start_x": 9032.916140634537
}