{
  "shown": [], 
  "end_x": 9109.74531801539, 
  "num": 4149, 
  "zoom": 13, 
  "start_x": 9107.550198661651
}