{
  "shown": [], 
  "end_x": 9133.891630906513, 
  "num": 4160, 
  "zoom": 13, 
  "start_x": 9131.696511552775
}