{
  "shown": [
    {
      "max_elev": 921, 
      "uid": "e7f4979c-14b3-40e4-b2e7-ba986531a56c", 
      "area": 1.83, 
      "num_lifts": 1, 
      "source": "jsons/ski_area_elevations//asia-latest.json", 
      "min_elev": 740, 
      "cumarea": 9134.09374552265
    }
  ], 
  "end_x": 9136.086750260252, 
  "num": 4161, 
  "zoom": 13, 
  "start_x": 9133.891630906513
}