{
  "shown": [], 
  "end_x": 9147.062347028947, 
  "num": 4166, 
  "zoom": 13, 
  "start_x": 9144.867227675208
}