{
  "shown": [
    {
      "max_elev": 2651, 
      "uid": "5e36477a-d8e0-4986-94c6-fd100a218c05", 
      "area": 2.12, 
      "num_lifts": 2, 
      "source": "jsons/ski_area_elevations//north-america-latest.json", 
      "min_elev": 2150, 
      "cumarea": 920.957966717731
    }
  ], 
  "end_x": 921.9501285702321, 
  "num": 419, 
  "zoom": 13, 
  "start_x": 919.7550092164934
}