{
  "shown": [
    {
      "max_elev": 910, 
      "uid": "468706a8-a793-4c6e-8803-b8bffef8e2e7", 
      "area": 1.9300000000000002, 
      "num_lifts": 2, 
      "source": "jsons/ski_area_elevations//north-america-latest.json", 
      "min_elev": 605, 
      "cumarea": 9203.394914977054
    }
  ], 
  "end_x": 9204.13545022615, 
  "num": 4192, 
  "zoom": 13, 
  "start_x": 9201.940330872412
}