{
  "shown": [], 
  "end_x": 924.1452479239708, 
  "num": 420, 
  "zoom": 13, 
  "start_x": 921.9501285702321
}