{
  "shown": [], 
  "end_x": 9230.476882471015, 
  "num": 4204, 
  "zoom": 13, 
  "start_x": 9228.281763117277
}