{
  "shown": [], 
  "end_x": 9316.086537266823, 
  "num": 4243, 
  "zoom": 13, 
  "start_x": 9313.891417913084
}