{
  "shown": [], 
  "end_x": 935.1208446926639, 
  "num": 425, 
  "zoom": 13, 
  "start_x": 932.9257253389253
}