{
  "shown": [
    {
      "max_elev": 890, 
      "uid": "bae88ff8-1724-4a43-85ff-1c2844bee437", 
      "area": 1.81, 
      "num_lifts": 1, 
      "source": "jsons/ski_area_elevations//europe-latest.json", 
      "min_elev": 793, 
      "cumarea": 9334.523408572239
    }
  ], 
  "end_x": 9335.84261145047, 
  "num": 4252, 
  "zoom": 13, 
  "start_x": 9333.64749209673
}