{
  "shown": [
    {
      "max_elev": 886, 
      "uid": "5dba769f-eec4-4c69-bfb4-30683fde6820", 
      "area": 1.8900000000000001, 
      "num_lifts": 2, 
      "source": "jsons/ski_area_elevations//europe-latest.json", 
      "min_elev": 239, 
      "cumarea": 9369.392506299839
    }
  ], 
  "end_x": 9370.964521110287, 
  "num": 4268, 
  "zoom": 13, 
  "start_x": 9368.769401756548
}