{
  "shown": [
    {
      "max_elev": 884, 
      "uid": "36cd5b06-c0ae-4c76-a788-476effb0217c", 
      "area": 1.81, 
      "num_lifts": 1, 
      "source": "jsons/ski_area_elevations//europe-latest.json", 
      "min_elev": 764, 
      "cumarea": 9389.351326710588
    }
  ], 
  "end_x": 9390.720595293937, 
  "num": 4277, 
  "zoom": 13, 
  "start_x": 9388.525475940198
}