{
  "shown": [], 
  "end_x": 9399.501072708892, 
  "num": 4281, 
  "zoom": 13, 
  "start_x": 9397.305953355153
}