{
  "shown": [], 
  "end_x": 9406.086430770109, 
  "num": 4284, 
  "zoom": 13, 
  "start_x": 9403.89131141637
}