{
  "shown": [
    {
      "max_elev": 882, 
      "uid": "5368c92a-1207-4a84-8598-f8d37907b637", 
      "area": 1.84, 
      "num_lifts": 2, 
      "source": "jsons/ski_area_elevations//europe-latest.json", 
      "min_elev": 749, 
      "cumarea": 9414.263597791021
    }
  ], 
  "end_x": 9414.86690818506, 
  "num": 4288, 
  "zoom": 13, 
  "start_x": 9412.671788831323
}