{
  "shown": [], 
  "end_x": 9454.37905655236, 
  "num": 4306, 
  "zoom": 13, 
  "start_x": 9452.18393719862
}