{
  "shown": [], 
  "end_x": 9502.671682334607, 
  "num": 4328, 
  "zoom": 13, 
  "start_x": 9500.47656298087
}