{
  "shown": [
    {
      "max_elev": 867, 
      "uid": "2af9c996-1536-49bc-b3e9-e51c6f3d63dc", 
      "area": 1.84, 
      "num_lifts": 2, 
      "source": "jsons/ski_area_elevations//europe-latest.json", 
      "min_elev": 840, 
      "cumarea": 9551.82045571168
    }
  ], 
  "end_x": 9553.159427470597, 
  "num": 4351, 
  "zoom": 13, 
  "start_x": 9550.964308116858
}