{
  "shown": [], 
  "end_x": 963.6573962912664, 
  "num": 438, 
  "zoom": 13, 
  "start_x": 961.4622769375278
}