{
  "shown": [], 
  "end_x": 9616.817888729016, 
  "num": 4380, 
  "zoom": 13, 
  "start_x": 9614.622769375277
}