{
  "shown": [
    {
      "max_elev": 857, 
      "uid": "15cb2bcd-8101-400a-b152-c14fbd3174da", 
      "area": 2.2800000000000002, 
      "num_lifts": 5, 
      "source": "jsons/ski_area_elevations//europe-latest.json", 
      "min_elev": 498, 
      "cumarea": 9657.518126177038
    }
  ], 
  "end_x": 9658.52515645005, 
  "num": 4399, 
  "zoom": 13, 
  "start_x": 9656.330037096312
}