{
  "shown": [], 
  "end_x": 9676.086111279961, 
  "num": 4407, 
  "zoom": 13, 
  "start_x": 9673.890991926222
}