{
  "shown": [], 
  "end_x": 9700.232424171085, 
  "num": 4418, 
  "zoom": 13, 
  "start_x": 9698.037304817346
}