{
  "shown": [], 
  "end_x": 9759.50064672203, 
  "num": 4445, 
  "zoom": 13, 
  "start_x": 9757.305527368291
}