{
  "shown": [
    {
      "max_elev": 844, 
      "uid": "32c2133b-d408-45de-9b93-c1ec6f5567a6", 
      "area": 1.8900000000000001, 
      "num_lifts": 1, 
      "source": "jsons/ski_area_elevations//europe-latest.json", 
      "min_elev": 715, 
      "cumarea": 9765.271251552367
    }
  ], 
  "end_x": 9766.086004783247, 
  "num": 4448, 
  "zoom": 13, 
  "start_x": 9763.890885429508
}