{
  "shown": [], 
  "end_x": 9770.476243490724, 
  "num": 4450, 
  "zoom": 13, 
  "start_x": 9768.281124136985
}