{
  "shown": [], 
  "end_x": 9818.768869272972, 
  "num": 4472, 
  "zoom": 13, 
  "start_x": 9816.573749919235
}