{
  "shown": [], 
  "end_x": 9831.939585395405, 
  "num": 4478, 
  "zoom": 13, 
  "start_x": 9829.744466041666
}