{
  "shown": [], 
  "end_x": 9902.18340471504, 
  "num": 4510, 
  "zoom": 13, 
  "start_x": 9899.988285361302
}