{
  "shown": [
    {
      "max_elev": 826, 
      "uid": "75fbdd2b-9f77-4dfa-a225-960519474cb8", 
      "area": 2.3600000000000003, 
      "num_lifts": 11, 
      "source": "jsons/ski_area_elevations//europe-latest.json", 
      "min_elev": 697, 
      "cumarea": 9935.395253134426
    }
  ], 
  "end_x": 9937.305314374858, 
  "num": 4526, 
  "zoom": 13, 
  "start_x": 9935.11019502112
}