{
  "shown": [], 
  "end_x": 9948.280911143553, 
  "num": 4531, 
  "zoom": 13, 
  "start_x": 9946.085791789814
}