{
  "shown": [], 
  "end_x": 9970.232104680941, 
  "num": 4541, 
  "zoom": 13, 
  "start_x": 9968.036985327202
}