{
  "shown": [], 
  "end_x": 10003.15889498702, 
  "num": 4556, 
  "zoom": 13, 
  "start_x": 10000.963775633281
}