{
  "shown": [
    {
      "max_elev": 2612, 
      "uid": "150d4ca8-8ec7-411d-b098-de2e987590cd", 
      "area": 1.83, 
      "num_lifts": 1, 
      "source": "jsons/ski_area_elevations//europe-latest.json", 
      "min_elev": 2202, 
      "cumarea": 1001.1645499808536
    }
  ], 
  "end_x": 1003.169544658562, 
  "num": 456, 
  "zoom": 13, 
  "start_x": 1000.9744253048234
}