{
  "shown": [
    {
      "max_elev": 819, 
      "cumarea": 10012.124280625392, 
      "area": 2.3200000000000003, 
      "num_lifts": 1, 
      "name": "(not a ski resort)", 
      "source": "jsons/ski_area_elevations//south-america-latest.json", 
      "min_elev": 812, 
      "uid": "9b2d0f4d-8c95-40da-aa08-19e9708f196f"
    }
  ], 
  "end_x": 10014.134491755714, 
  "num": 4561, 
  "zoom": 13, 
  "start_x": 10011.939372401976
}