{
  "shown": [
    {
      "max_elev": 818, 
      "uid": "0145fc8a-17af-452e-9459-341497b6667b", 
      "area": 1.94, 
      "num_lifts": 2, 
      "source": "jsons/ski_area_elevations//europe-latest.json", 
      "min_elev": 738, 
      "cumarea": 10017.575425958832
    }
  ], 
  "end_x": 10018.524730463192, 
  "num": 4563, 
  "zoom": 13, 
  "start_x": 10016.329611109453
}