{
  "shown": [
    {
      "max_elev": 2610, 
      "uid": "4c3cf675-3114-4547-884a-3022d7ea3c76", 
      "area": 1.83, 
      "num_lifts": 1, 
      "source": "jsons/ski_area_elevations//asia-latest.json", 
      "min_elev": 2290, 
      "cumarea": 1003.7688659477069
    }
  ], 
  "end_x": 1005.3646640123006, 
  "num": 457, 
  "zoom": 13, 
  "start_x": 1003.169544658562
}