{
  "shown": [
    {
      "max_elev": 816, 
      "uid": "f516185b-71a9-4dea-8738-3bf6a4b3b6cd", 
      "area": 2.2600000000000002, 
      "num_lifts": 3, 
      "source": "jsons/ski_area_elevations//asia-latest.json", 
      "min_elev": 379, 
      "cumarea": 10036.927557619127
    }
  ], 
  "end_x": 10038.280804646838, 
  "num": 4572, 
  "zoom": 13, 
  "start_x": 10036.0856852931
}