{
  "shown": [], 
  "end_x": 1007.5597833660393, 
  "num": 458, 
  "zoom": 13, 
  "start_x": 1005.3646640123006
}