{
  "shown": [], 
  "end_x": 10101.939265905257, 
  "num": 4601, 
  "zoom": 13, 
  "start_x": 10099.744146551518
}