{
  "shown": [], 
  "end_x": 10121.695340088907, 
  "num": 4610, 
  "zoom": 13, 
  "start_x": 10119.500220735168
}