{
  "shown": [], 
  "end_x": 10141.451414272553, 
  "num": 4619, 
  "zoom": 13, 
  "start_x": 10139.256294918814
}