{
  "shown": [], 
  "end_x": 10176.57332393237, 
  "num": 4635, 
  "zoom": 13, 
  "start_x": 10174.378204578632
}