{
  "shown": [], 
  "end_x": 10189.744040054804, 
  "num": 4641, 
  "zoom": 13, 
  "start_x": 10187.548920701065
}