{
  "shown": [
    {
      "max_elev": 798, 
      "uid": "77b589dc-3d27-434a-b910-e61141950213", 
      "area": 2.14, 
      "num_lifts": 2, 
      "source": "jsons/ski_area_elevations//europe-latest.json", 
      "min_elev": 644, 
      "cumarea": 10242.8246693088
    }
  ], 
  "end_x": 10244.622023898271, 
  "num": 4666, 
  "zoom": 13, 
  "start_x": 10242.426904544533
}