{
  "shown": [], 
  "end_x": 10264.378098081917, 
  "num": 4675, 
  "zoom": 13, 
  "start_x": 10262.182978728179
}