{
  "shown": [], 
  "end_x": 10312.670723864168, 
  "num": 4697, 
  "zoom": 13, 
  "start_x": 10310.47560451043
}