{
  "shown": [
    {
      "max_elev": 2595, 
      "uid": "e1550172-7cf0-4a66-9544-0692e6f8589e", 
      "area": 3.01, 
      "num_lifts": 19, 
      "source": "jsons/ski_area_elevations//north-america-latest.json", 
      "min_elev": 2051, 
      "cumarea": 1035.1414434756998
    }
  ], 
  "end_x": 1036.0963349646418, 
  "num": 471, 
  "zoom": 13, 
  "start_x": 1033.9012156109031
}