{
  "shown": [], 
  "end_x": 10358.76823029268, 
  "num": 4718, 
  "zoom": 13, 
  "start_x": 10356.573110938942
}