{
  "shown": [], 
  "end_x": 1038.2914543183804, 
  "num": 472, 
  "zoom": 13, 
  "start_x": 1036.0963349646418
}