{
  "shown": [
    {
      "max_elev": 2594, 
      "uid": "69418eec-d2ec-45c4-8d1d-3e634d62ebd1", 
      "area": 3.3200000000000003, 
      "num_lifts": 35, 
      "source": "jsons/ski_area_elevations//north-america-latest.json", 
      "min_elev": 1944, 
      "cumarea": 1038.3414082586282
    }
  ], 
  "end_x": 1040.486573672119, 
  "num": 473, 
  "zoom": 13, 
  "start_x": 1038.2914543183804
}