{
  "shown": [], 
  "end_x": 10396.085259306237, 
  "num": 4735, 
  "zoom": 13, 
  "start_x": 10393.890139952498
}