{
  "shown": [], 
  "end_x": 10422.4266915511, 
  "num": 4747, 
  "zoom": 13, 
  "start_x": 10420.231572197361
}