{
  "shown": [], 
  "end_x": 10448.768123795964, 
  "num": 4759, 
  "zoom": 13, 
  "start_x": 10446.573004442227
}