{
  "shown": [
    {
      "max_elev": 2590, 
      "uid": "2dad8b39-b08b-4afe-ae10-97df46d0be02", 
      "area": 1.9000000000000001, 
      "num_lifts": 1, 
      "source": "jsons/ski_area_elevations//asia-latest.json", 
      "min_elev": 2123, 
      "cumarea": 1045.2111236915987
    }
  ], 
  "end_x": 1047.0719317333348, 
  "num": 476, 
  "zoom": 13, 
  "start_x": 1044.8768123795962
}