{
  "shown": [
    {
      "max_elev": 2589, 
      "uid": "db147786-3c2f-4dea-b43f-4374bee044e7", 
      "area": 1.86, 
      "num_lifts": 1, 
      "source": "jsons/ski_area_elevations//north-america-latest.json", 
      "min_elev": 2279, 
      "cumarea": 1047.831700179324
    }
  ], 
  "end_x": 1049.2670510870735, 
  "num": 477, 
  "zoom": 13, 
  "start_x": 1047.0719317333348
}