{
  "shown": [], 
  "end_x": 10494.865630224474, 
  "num": 4780, 
  "zoom": 13, 
  "start_x": 10492.670510870736
}