{
  "shown": [], 
  "end_x": 10508.036346346908, 
  "num": 4786, 
  "zoom": 13, 
  "start_x": 10505.841226993169
}