{
  "shown": [
    {
      "max_elev": 774, 
      "uid": "633a6738-c23e-4529-8b32-a440468bee1d", 
      "area": 1.81, 
      "num_lifts": 1, 
      "source": "jsons/ski_area_elevations//europe-latest.json", 
      "min_elev": 680, 
      "cumarea": 10534.861630164087
    }
  ], 
  "end_x": 10536.57289794551, 
  "num": 4799, 
  "zoom": 13, 
  "start_x": 10534.377778591774
}