{
  "shown": [
    {
      "max_elev": 772, 
      "uid": "995156d2-3203-4583-8a38-9e7490d72636", 
      "area": 1.8800000000000001, 
      "num_lifts": 5, 
      "source": "jsons/ski_area_elevations//europe-latest.json", 
      "min_elev": 676, 
      "cumarea": 10550.827323164876
    }
  ], 
  "end_x": 10551.93873342168, 
  "num": 4806, 
  "zoom": 13, 
  "start_x": 10549.743614067942
}