{
  "shown": [
    {
      "max_elev": 771, 
      "uid": "2798039b-c267-4261-ad4b-6987d901d6a9", 
      "area": 1.81, 
      "num_lifts": 1, 
      "source": "jsons/ski_area_elevations//europe-latest.json", 
      "min_elev": 673, 
      "cumarea": 10569.230975785955
    }
  ], 
  "end_x": 10569.499688251592, 
  "num": 4814, 
  "zoom": 13, 
  "start_x": 10567.304568897853
}