{
  "shown": [], 
  "end_x": 10571.69480760533, 
  "num": 4815, 
  "zoom": 13, 
  "start_x": 10569.499688251592
}