{
  "shown": [
    {
      "max_elev": 768, 
      "uid": "e3781ddf-2215-4423-9b24-7caefd6540e4", 
      "area": 1.9100000000000001, 
      "num_lifts": 2, 
      "source": "jsons/ski_area_elevations//north-america-latest.json", 
      "min_elev": 633, 
      "cumarea": 10612.024051037088
    }
  ], 
  "end_x": 10613.402075326365, 
  "num": 4834, 
  "zoom": 13, 
  "start_x": 10611.206955972626
}