{
  "shown": [
    {
      "max_elev": 762, 
      "uid": "c57c886d-55e1-43d2-8927-47f72c5b6333", 
      "area": 2.62, 
      "num_lifts": 8, 
      "source": "jsons/ski_area_elevations//asia-latest.json", 
      "min_elev": 514, 
      "cumarea": 10667.908241811923
    }
  ], 
  "end_x": 10668.280059169829, 
  "num": 4859, 
  "zoom": 13, 
  "start_x": 10666.08493981609
}