{
  "shown": [], 
  "end_x": 1069.0231252707215, 
  "num": 486, 
  "zoom": 13, 
  "start_x": 1066.8280059169829
}