{
  "shown": [
    {
      "max_elev": 2577, 
      "cumarea": 1069.6435333410136, 
      "area": 8.51, 
      "num_lifts": 46, 
      "name": "Davos Klosters", 
      "source": "jsons/ski_area_elevations//europe-latest.json", 
      "min_elev": 1532, 
      "uid": "1ff83750-1ed4-4742-8959-34115af31167"
    }
  ], 
  "end_x": 1071.21824462446, 
  "num": 487, 
  "zoom": 13, 
  "start_x": 1069.0231252707215
}