{
  "shown": [
    {
      "max_elev": 749, 
      "uid": "554fd292-d3c9-4c3e-b07c-7ef7fa441593", 
      "area": 1.82, 
      "num_lifts": 1, 
      "source": "jsons/ski_area_elevations//europe-latest.json", 
      "min_elev": 660, 
      "cumarea": 10758.680318180275
    }
  ], 
  "end_x": 10760.475072026853, 
  "num": 4901, 
  "zoom": 13, 
  "start_x": 10758.279952673114
}