{
  "shown": [], 
  "end_x": 10769.255549441805, 
  "num": 4905, 
  "zoom": 13, 
  "start_x": 10767.060430088066
}