{
  "shown": [
    {
      "max_elev": 743, 
      "uid": "7fedfd7e-7f28-4e02-af6c-a17c7a23ed1e", 
      "area": 1.86, 
      "num_lifts": 5, 
      "source": "jsons/ski_area_elevations//europe-latest.json", 
      "min_elev": 604, 
      "cumarea": 10821.74904810597
    }
  ], 
  "end_x": 10821.938413931533, 
  "num": 4929, 
  "zoom": 13, 
  "start_x": 10819.743294577795
}