{
  "shown": [], 
  "end_x": 10824.133533285272, 
  "num": 4930, 
  "zoom": 13, 
  "start_x": 10821.938413931533
}