{
  "shown": [
    {
      "max_elev": 742, 
      "uid": "ed83aa93-5e15-40fc-adf6-eb9d05dde08b", 
      "area": 1.83, 
      "num_lifts": 1, 
      "source": "jsons/ski_area_elevations//asia-latest.json", 
      "min_elev": 473, 
      "cumarea": 10842.646339241286
    }
  ], 
  "end_x": 10843.889607468922, 
  "num": 4939, 
  "zoom": 13, 
  "start_x": 10841.694488115183
}