{
  "shown": [], 
  "end_x": 10885.596875189956, 
  "num": 4958, 
  "zoom": 13, 
  "start_x": 10883.401755836217
}