{
  "shown": [], 
  "end_x": 10898.76759131239, 
  "num": 4964, 
  "zoom": 13, 
  "start_x": 10896.57247195865
}