{
  "shown": [
    {
      "max_elev": 735, 
      "uid": "d2754980-9f84-4f31-8330-27900f969f2a", 
      "area": 1.99, 
      "num_lifts": 6, 
      "source": "jsons/ski_area_elevations//europe-latest.json", 
      "min_elev": 630, 
      "cumarea": 10922.599972065038
    }
  ], 
  "end_x": 10922.913904203513, 
  "num": 4975, 
  "zoom": 13, 
  "start_x": 10920.718784849774
}