{
  "shown": [], 
  "end_x": 10925.109023557252, 
  "num": 4976, 
  "zoom": 13, 
  "start_x": 10922.913904203513
}