{
  "shown": [
    {
      "max_elev": 2560, 
      "uid": "e8c07011-8fd5-4c02-9b98-30aa3dc6af27", 
      "area": 2.0, 
      "num_lifts": 2, 
      "source": "jsons/ski_area_elevations//europe-latest.json", 
      "min_elev": 2064, 
      "cumarea": 1098.0309602957311
    }
  ], 
  "end_x": 1099.7547962230626, 
  "num": 500, 
  "zoom": 13, 
  "start_x": 1097.559676869324
}