{
  "shown": [], 
  "end_x": 11004.133320291843, 
  "num": 5012, 
  "zoom": 13, 
  "start_x": 11001.938200938104
}