{
  "shown": [
    {
      "max_elev": 727, 
      "cumarea": 11005.741864437161, 
      "area": 6.91, 
      "num_lifts": 69, 
      "name": "Holiday Valley", 
      "source": "jsons/ski_area_elevations//north-america-latest.json", 
      "min_elev": 467, 
      "uid": "2672a5cb-b2d1-4950-bd55-13769e39e3cf"
    }
  ], 
  "end_x": 11006.328439645582, 
  "num": 5013, 
  "zoom": 13, 
  "start_x": 11004.133320291843
}