{
  "shown": [], 
  "end_x": 11008.52355899932, 
  "num": 5014, 
  "zoom": 13, 
  "start_x": 11006.328439645582
}