{
  "shown": [
    {
      "max_elev": 722, 
      "uid": "0f078e2a-bd8d-4bf6-84c3-a62475789e86", 
      "area": 1.83, 
      "num_lifts": 1, 
      "source": "jsons/ski_area_elevations//europe-latest.json", 
      "min_elev": 570, 
      "cumarea": 11068.535699736605
    }
  ], 
  "end_x": 11069.986900904001, 
  "num": 5042, 
  "zoom": 13, 
  "start_x": 11067.791781550262
}