{
  "shown": [], 
  "end_x": 11116.084407332513, 
  "num": 5063, 
  "zoom": 13, 
  "start_x": 11113.889287978775
}