{
  "shown": [
    {
      "max_elev": 717, 
      "uid": "2935644b-9215-48e2-a395-55feafdfb55d", 
      "area": 1.82, 
      "num_lifts": 1, 
      "source": "jsons/ski_area_elevations//europe-latest.json", 
      "min_elev": 672, 
      "cumarea": 11131.923056041944
    }
  ], 
  "end_x": 11133.645362162424, 
  "num": 5071, 
  "zoom": 13, 
  "start_x": 11131.450242808685
}