{
  "shown": [], 
  "end_x": 1128.291347821665, 
  "num": 513, 
  "zoom": 13, 
  "start_x": 1126.0962284679263
}