{
  "shown": [], 
  "end_x": 11269.742762094218, 
  "num": 5133, 
  "zoom": 13, 
  "start_x": 11267.54764274048
}