{
  "shown": [], 
  "end_x": 11280.718358862912, 
  "num": 5138, 
  "zoom": 13, 
  "start_x": 11278.523239509173
}