{
  "shown": [], 
  "end_x": 11304.864671754036, 
  "num": 5149, 
  "zoom": 13, 
  "start_x": 11302.669552400297
}