{
  "shown": [
    {
      "max_elev": 699, 
      "uid": "449b4758-eeb4-4be5-890d-9e51455a010b", 
      "area": 1.8900000000000001, 
      "num_lifts": 2, 
      "source": "jsons/ski_area_elevations//europe-latest.json", 
      "min_elev": 504, 
      "cumarea": 11304.936306265014
    }
  ], 
  "end_x": 11307.059791107775, 
  "num": 5150, 
  "zoom": 13, 
  "start_x": 11304.864671754036
}