{
  "shown": [], 
  "end_x": 11333.401223352637, 
  "num": 5162, 
  "zoom": 13, 
  "start_x": 11331.206103998898
}