{
  "shown": [], 
  "end_x": 1137.0718252366196, 
  "num": 517, 
  "zoom": 13, 
  "start_x": 1134.876705882881
}