{
  "shown": [
    {
      "max_elev": 695, 
      "uid": "b8a05028-c308-41b6-9303-ef2b7800ed4b", 
      "area": 1.87, 
      "num_lifts": 2, 
      "source": "jsons/ski_area_elevations//north-america-latest.json", 
      "min_elev": 532, 
      "cumarea": 11369.396798104619
    }
  ], 
  "end_x": 11370.718252366198, 
  "num": 5179, 
  "zoom": 13, 
  "start_x": 11368.523133012459
}