{
  "shown": [
    {
      "max_elev": 2538, 
      "cumarea": 1143.5964063118533, 
      "area": 6.47, 
      "num_lifts": 71, 
      "name": "Vallnord / Pal-Arinsal", 
      "source": "jsons/ski_area_elevations//europe-latest.json", 
      "min_elev": 1236, 
      "uid": "558e0979-760c-4239-86d2-3e4f471a41ac"
    }
  ], 
  "end_x": 1143.6571832978354, 
  "num": 520, 
  "zoom": 13, 
  "start_x": 1141.4620639440968
}