{
  "shown": [
    {
      "max_elev": 688, 
      "uid": "dbdc9e84-16ac-47eb-bc93-efe9580ec1e6", 
      "area": 1.82, 
      "num_lifts": 1, 
      "source": "jsons/ski_area_elevations//europe-latest.json", 
      "min_elev": 623, 
      "cumarea": 11440.860466040509
    }
  ], 
  "end_x": 11440.962071685834, 
  "num": 5211, 
  "zoom": 13, 
  "start_x": 11438.766952332095
}