{
  "shown": [], 
  "end_x": 11443.157191039572, 
  "num": 5212, 
  "zoom": 13, 
  "start_x": 11440.962071685834
}