{
  "shown": [
    {
      "max_elev": 688, 
      "uid": "63e075b0-1262-4682-bdcd-d1c894b3ef5d", 
      "area": 1.81, 
      "num_lifts": 1, 
      "source": "jsons/ski_area_elevations//europe-latest.json", 
      "min_elev": 671, 
      "cumarea": 11448.64044657634
    }
  ], 
  "end_x": 11449.742549100789, 
  "num": 5215, 
  "zoom": 13, 
  "start_x": 11447.54742974705
}