{
  "shown": [
    {
      "max_elev": 687, 
      "uid": "76c9be6f-a230-44ea-bf49-75c061fcdc8e", 
      "area": 1.81, 
      "num_lifts": 1, 
      "source": "jsons/ski_area_elevations//europe-latest.json", 
      "min_elev": 659, 
      "cumarea": 11459.504346349335
    }
  ], 
  "end_x": 11460.718145869483, 
  "num": 5220, 
  "zoom": 13, 
  "start_x": 11458.523026515744
}