{
  "shown": [
    {
      "max_elev": 686, 
      "uid": "580e2b62-f7ea-4afd-883f-3f8f00554acf", 
      "area": 1.82, 
      "num_lifts": 1, 
      "source": "jsons/ski_area_elevations//asia-latest.json", 
      "min_elev": 618, 
      "cumarea": 11467.29534619679
    }
  ], 
  "end_x": 11467.303503930698, 
  "num": 5223, 
  "zoom": 13, 
  "start_x": 11465.10838457696
}