{
  "shown": [
    {
      "max_elev": 684, 
      "uid": "64944c92-2c87-4c41-81d2-8440dba3399b", 
      "area": 1.8800000000000001, 
      "num_lifts": 2, 
      "source": "jsons/ski_area_elevations//europe-latest.json", 
      "min_elev": 524, 
      "cumarea": 11477.7065679849
    }
  ], 
  "end_x": 11478.27910069939, 
  "num": 5228, 
  "zoom": 13, 
  "start_x": 11476.083981345651
}