{
  "shown": [
    {
      "max_elev": 2528, 
      "uid": "a8b27657-9404-486e-8791-b1677465b51b", 
      "area": 2.21, 
      "num_lifts": 4, 
      "source": "jsons/ski_area_elevations//europe-latest.json", 
      "min_elev": 1936, 
      "cumarea": 1153.2246806189612
    }
  ], 
  "end_x": 1154.632780066529, 
  "num": 525, 
  "zoom": 13, 
  "start_x": 1152.4376607127901
}