{
  "shown": [
    {
      "max_elev": 681, 
      "uid": "cb150aca-b4db-409d-a92d-7a5e4f052d15", 
      "area": 1.81, 
      "num_lifts": 1, 
      "source": "jsons/ski_area_elevations//europe-latest.json", 
      "min_elev": 586, 
      "cumarea": 11531.75070962744
    }
  ], 
  "end_x": 11533.157084542858, 
  "num": 5253, 
  "zoom": 13, 
  "start_x": 11530.961965189119
}