{
  "shown": [
    {
      "max_elev": 680, 
      "uid": "65d495ed-a8df-472a-9313-7a883c37c1b2", 
      "area": 1.95, 
      "num_lifts": 5, 
      "source": "jsons/ski_area_elevations//europe-latest.json", 
      "min_elev": 508, 
      "cumarea": 11544.94897091459
    }
  ], 
  "end_x": 11546.327800665287, 
  "num": 5259, 
  "zoom": 13, 
  "start_x": 11544.132681311548
}