{
  "shown": [
    {
      "max_elev": 674, 
      "uid": "2d8e953b-1e28-4b73-a379-b5646f48acff", 
      "area": 1.81, 
      "num_lifts": 1, 
      "source": "jsons/ski_area_elevations//europe-latest.json", 
      "min_elev": 641, 
      "cumarea": 11598.590993734873
    }
  ], 
  "end_x": 11599.010665155016, 
  "num": 5283, 
  "zoom": 13, 
  "start_x": 11596.815545801277
}