{
  "shown": [], 
  "end_x": 118.53644510188698, 
  "num": 53, 
  "zoom": 13, 
  "start_x": 116.34132574814834
}