{
  "shown": [
    {
      "max_elev": 664, 
      "uid": "755fe8e3-e066-420b-850e-d94c85edc7aa", 
      "area": 1.82, 
      "num_lifts": 1, 
      "source": "jsons/ski_area_elevations//europe-latest.json", 
      "min_elev": 624, 
      "cumarea": 11686.456055015407
    }
  ], 
  "end_x": 11686.815439304562, 
  "num": 5323, 
  "zoom": 13, 
  "start_x": 11684.620319950824
}