{
  "shown": [
    {
      "max_elev": 655, 
      "uid": "eeb0b8d3-c72a-4cc8-9a1f-772b52506f61", 
      "area": 1.8900000000000001, 
      "num_lifts": 2, 
      "source": "jsons/ski_area_elevations//asia-latest.json", 
      "min_elev": 554, 
      "cumarea": 11758.830945328227
    }
  ], 
  "end_x": 11759.254377977937, 
  "num": 5356, 
  "zoom": 13, 
  "start_x": 11757.059258624198
}