{
  "shown": [], 
  "end_x": 11774.620213454109, 
  "num": 5363, 
  "zoom": 13, 
  "start_x": 11772.42509410037
}