{
  "shown": [], 
  "end_x": 11803.15676505271, 
  "num": 5376, 
  "zoom": 13, 
  "start_x": 11800.961645698972
}