{
  "shown": [], 
  "end_x": 11875.595703726085, 
  "num": 5409, 
  "zoom": 13, 
  "start_x": 11873.400584372346
}