{
  "shown": [
    {
      "max_elev": 639, 
      "uid": "fb03c068-b7a9-4838-89e8-0c741a4cb415", 
      "area": 1.86, 
      "num_lifts": 2, 
      "source": "jsons/ski_area_elevations//europe-latest.json", 
      "min_elev": 515, 
      "cumarea": 11899.572376783528
    }
  ], 
  "end_x": 11899.742016617209, 
  "num": 5420, 
  "zoom": 13, 
  "start_x": 11897.54689726347
}