{
  "shown": [
    {
      "max_elev": 636, 
      "uid": "001153cc-10dc-4b8d-af06-e896ffbf753b", 
      "area": 1.82, 
      "num_lifts": 1, 
      "source": "jsons/ski_area_elevations//europe-latest.json", 
      "min_elev": 577, 
      "cumarea": 11918.071433843445
    }
  ], 
  "end_x": 11919.498090800858, 
  "num": 5429, 
  "zoom": 13, 
  "start_x": 11917.30297144712
}