{
  "shown": [
    {
      "max_elev": 635, 
      "uid": "2c4399a5-23d8-466e-9303-a6095eea563a", 
      "area": 1.81, 
      "num_lifts": 1, 
      "source": "jsons/ski_area_elevations//europe-latest.json", 
      "min_elev": 581, 
      "cumarea": 11936.328039471433
    }
  ], 
  "end_x": 11937.05904563077, 
  "num": 5437, 
  "zoom": 13, 
  "start_x": 11934.86392627703
}