{
  "shown": [
    {
      "max_elev": 634, 
      "uid": "0c8a8cc1-8138-40a8-9331-545d36c7d5b9", 
      "area": 1.97, 
      "num_lifts": 2, 
      "source": "jsons/ski_area_elevations//europe-latest.json", 
      "min_elev": 375, 
      "cumarea": 11944.331767753174
    }
  ], 
  "end_x": 11945.83952304572, 
  "num": 5441, 
  "zoom": 13, 
  "start_x": 11943.644403691982
}