{
  "shown": [], 
  "end_x": 11954.620000460676, 
  "num": 5445, 
  "zoom": 13, 
  "start_x": 11952.424881106937
}