{
  "shown": [], 
  "end_x": 12066.571087501346, 
  "num": 5496, 
  "zoom": 13, 
  "start_x": 12064.37596814761
}