{
  "shown": [
    {
      "max_elev": 622, 
      "uid": "9f9d8886-810a-4229-807b-51ac1a37e708", 
      "area": 2.84, 
      "num_lifts": 13, 
      "source": "jsons/ski_area_elevations//north-america-latest.json", 
      "min_elev": 350, 
      "cumarea": 12067.300794590186
    }
  ], 
  "end_x": 12068.766206855085, 
  "num": 5497, 
  "zoom": 13, 
  "start_x": 12066.571087501346
}