{
  "shown": [], 
  "end_x": 12106.083235868642, 
  "num": 5514, 
  "zoom": 13, 
  "start_x": 12103.888116514903
}