{
  "shown": [], 
  "end_x": 12158.76610035837, 
  "num": 5538, 
  "zoom": 13, 
  "start_x": 12156.570981004632
}