{
  "shown": [], 
  "end_x": 12187.302651956972, 
  "num": 5551, 
  "zoom": 13, 
  "start_x": 12185.107532603233
}