{
  "shown": [
    {
      "max_elev": 609, 
      "uid": "301dfdbc-b2d0-436b-885d-0a762a26ac74", 
      "area": 1.82, 
      "num_lifts": 1, 
      "source": "jsons/ski_area_elevations//europe-latest.json", 
      "min_elev": 544, 
      "cumarea": 12187.575166281036
    }
  ], 
  "end_x": 12189.497771310711, 
  "num": 5552, 
  "zoom": 13, 
  "start_x": 12187.302651956972
}