{
  "shown": [], 
  "end_x": 12233.400158385484, 
  "num": 5572, 
  "zoom": 13, 
  "start_x": 12231.205039031745
}