{
  "shown": [
    {
      "max_elev": 603, 
      "uid": "2fabfacb-73bb-4451-83da-0efa67169b4c", 
      "area": 1.85, 
      "num_lifts": 1, 
      "source": "jsons/ski_area_elevations//europe-latest.json", 
      "min_elev": 564, 
      "cumarea": 12263.06792670609
    }
  ], 
  "end_x": 12264.131829337828, 
  "num": 5586, 
  "zoom": 13, 
  "start_x": 12261.93670998409
}