{
  "shown": [], 
  "end_x": 12270.717187399045, 
  "num": 5589, 
  "zoom": 13, 
  "start_x": 12268.522068045306
}