{
  "shown": [], 
  "end_x": 125.12180316310292, 
  "num": 56, 
  "zoom": 13, 
  "start_x": 122.92668380936428
}