{
  "shown": [], 
  "end_x": 12294.863500290168, 
  "num": 5600, 
  "zoom": 13, 
  "start_x": 12292.66838093643
}