{
  "shown": [], 
  "end_x": 12308.034216412601, 
  "num": 5606, 
  "zoom": 13, 
  "start_x": 12305.839097058863
}