{
  "shown": [], 
  "end_x": 12468.277929235519, 
  "num": 5679, 
  "zoom": 13, 
  "start_x": 12466.08280988178
}