{
  "shown": [], 
  "end_x": 12483.64376471169, 
  "num": 5686, 
  "zoom": 13, 
  "start_x": 12481.448645357952
}