{
  "shown": [
    {
      "max_elev": 578, 
      "uid": "3acf2ecf-c269-4e17-90d8-2621caf83ecb", 
      "area": 1.8800000000000001, 
      "num_lifts": 1, 
      "source": "jsons/ski_area_elevations//asia-latest.json", 
      "min_elev": 363, 
      "cumarea": 12500.221836728275
    }
  ], 
  "end_x": 12501.204719541602, 
  "num": 5694, 
  "zoom": 13, 
  "start_x": 12499.009600187863
}