{
  "shown": [], 
  "end_x": 12507.790077602815, 
  "num": 5697, 
  "zoom": 13, 
  "start_x": 12505.594958249076
}