{
  "shown": [], 
  "end_x": 1255.6082703385068, 
  "num": 571, 
  "zoom": 13, 
  "start_x": 1253.4131509847682
}