{
  "shown": [], 
  "end_x": 12562.668061446282, 
  "num": 5722, 
  "zoom": 13, 
  "start_x": 12560.472942092543
}