{
  "shown": [
    {
      "max_elev": 563, 
      "uid": "591b073f-f87d-4593-ac2f-26c887b4a807", 
      "area": 1.8900000000000001, 
      "num_lifts": 0, 
      "source": "jsons/ski_area_elevations//asia-latest.json", 
      "min_elev": 563, 
      "cumarea": 12625.650372917424
    }
  ], 
  "end_x": 12626.326522704703, 
  "num": 5751, 
  "zoom": 13, 
  "start_x": 12624.131403350966
}