{
  "shown": [], 
  "end_x": 12650.472835595829, 
  "num": 5762, 
  "zoom": 13, 
  "start_x": 12648.27771624209
}