{
  "shown": [], 
  "end_x": 12676.814267840691, 
  "num": 5774, 
  "zoom": 13, 
  "start_x": 12674.619148486952
}