{
  "shown": [
    {
      "max_elev": 2492, 
      "uid": "bafd99ec-edc7-4342-83df-376f088fef72", 
      "area": 1.81, 
      "num_lifts": 0, 
      "source": "jsons/ski_area_elevations//north-america-latest.json", 
      "min_elev": 2492, 
      "cumarea": 1272.6223873171805
    }
  ], 
  "end_x": 1273.1692251684158, 
  "num": 579, 
  "zoom": 13, 
  "start_x": 1270.9741058146772
}