{
  "shown": [
    {
      "max_elev": 554, 
      "uid": "ba18cf05-03e6-4683-a358-a130a198b6a7", 
      "area": 1.85, 
      "num_lifts": 0, 
      "source": "jsons/ski_area_elevations//europe-latest.json", 
      "min_elev": 554, 
      "cumarea": 12728.129437113283
    }
  ], 
  "end_x": 12729.49713233042, 
  "num": 5798, 
  "zoom": 13, 
  "start_x": 12727.302012976681
}