{
  "shown": [], 
  "end_x": 1275.3643445221544, 
  "num": 580, 
  "zoom": 13, 
  "start_x": 1273.1692251684158
}