{
  "shown": [], 
  "end_x": 12751.448325867805, 
  "num": 5808, 
  "zoom": 13, 
  "start_x": 12749.253206514066
}