{
  "shown": [], 
  "end_x": 12777.78975811267, 
  "num": 5820, 
  "zoom": 13, 
  "start_x": 12775.594638758932
}