{
  "shown": [
    {
      "max_elev": 542, 
      "uid": "decc1100-aabb-4b3f-800e-290ad36c846f", 
      "area": 2.45, 
      "num_lifts": 17, 
      "source": "jsons/ski_area_elevations//europe-latest.json", 
      "min_elev": 178, 
      "cumarea": 12833.871015917723
    }
  ], 
  "end_x": 12834.862861309877, 
  "num": 5846, 
  "zoom": 13, 
  "start_x": 12832.667741956138
}