{
  "shown": [], 
  "end_x": 1286.339941290848, 
  "num": 585, 
  "zoom": 13, 
  "start_x": 1284.144821937109
}