{
  "shown": [
    {
      "max_elev": 539, 
      "uid": "e3b44d3d-7677-4df3-8172-2c5a4c2d1fec", 
      "area": 1.81, 
      "num_lifts": 1, 
      "source": "jsons/ski_area_elevations//europe-latest.json", 
      "min_elev": 513, 
      "cumarea": 12875.985118323682
    }
  ], 
  "end_x": 12876.570129030908, 
  "num": 5865, 
  "zoom": 13, 
  "start_x": 12874.37500967717
}