{
  "shown": [
    {
      "max_elev": 537, 
      "uid": "2627a2e0-f392-431f-86b8-109c8b1fc1c2", 
      "area": 3.0300000000000002, 
      "num_lifts": 48, 
      "source": "jsons/ski_area_elevations//north-america-latest.json", 
      "min_elev": 157, 
      "cumarea": 12898.149118289917
    }
  ], 
  "end_x": 12898.521322568296, 
  "num": 5875, 
  "zoom": 13, 
  "start_x": 12896.326203214558
}