{
  "shown": [
    {
      "max_elev": 537, 
      "uid": "06cadefb-79ee-4001-b58c-0f97177d9061", 
      "area": 2.12, 
      "num_lifts": 1, 
      "source": "jsons/ski_area_elevations//asia-latest.json", 
      "min_elev": 39, 
      "cumarea": 12900.900534378601
    }
  ], 
  "end_x": 12902.911561275774, 
  "num": 5877, 
  "zoom": 13, 
  "start_x": 12900.716441922035
}