{
  "shown": [], 
  "end_x": 12946.813948350544, 
  "num": 5897, 
  "zoom": 13, 
  "start_x": 12944.618828996805
}