{
  "shown": [
    {
      "max_elev": 533, 
      "uid": "45da661f-b3c8-4492-a2d8-efec19f745cb", 
      "area": 1.83, 
      "num_lifts": 1, 
      "source": "jsons/ski_area_elevations//europe-latest.json", 
      "min_elev": 330, 
      "cumarea": 12946.951324609214
    }
  ], 
  "end_x": 12949.009067704283, 
  "num": 5898, 
  "zoom": 13, 
  "start_x": 12946.813948350544
}