{
  "shown": [
    {
      "max_elev": 528, 
      "uid": "27e6ac27-93b8-49ce-9da3-65016a03600b", 
      "area": 1.81, 
      "num_lifts": 1, 
      "source": "jsons/ski_area_elevations//asia-latest.json", 
      "min_elev": 486, 
      "cumarea": 13008.920938325902
    }
  ], 
  "end_x": 13010.472409608967, 
  "num": 5926, 
  "zoom": 13, 
  "start_x": 13008.277290255228
}