{
  "shown": [], 
  "end_x": 13012.667528962704, 
  "num": 5927, 
  "zoom": 13, 
  "start_x": 13010.472409608967
}