{
  "shown": [], 
  "end_x": 1308.2911348282341, 
  "num": 595, 
  "zoom": 13, 
  "start_x": 1306.0960154744955
}