{
  "shown": [
    {
      "max_elev": 524, 
      "cumarea": 13068.197894260711, 
      "area": 1.97, 
      "num_lifts": 2, 
      "name": "Martial Glacier", 
      "source": "jsons/ski_area_elevations//south-america-latest.json", 
      "min_elev": 338, 
      "uid": "c5deb519-9dab-44e2-90c0-347deeb81ea3"
    }
  ], 
  "end_x": 13069.740632159908, 
  "num": 5953, 
  "zoom": 13, 
  "start_x": 13067.54551280617
}