{
  "shown": [
    {
      "max_elev": 522, 
      "uid": "55154209-82af-40b9-acc4-073affafaa87", 
      "area": 1.83, 
      "num_lifts": 1, 
      "source": "jsons/ski_area_elevations//europe-latest.json", 
      "min_elev": 324, 
      "cumarea": 13075.99437357393
    }
  ], 
  "end_x": 13076.325990221125, 
  "num": 5956, 
  "zoom": 13, 
  "start_x": 13074.130870867386
}