{
  "shown": [
    {
      "max_elev": 2483, 
      "cumarea": 1308.8183874543254, 
      "area": 20.51, 
      "num_lifts": 138, 
      "name": "Zillertal Arena", 
      "source": "jsons/ski_area_elevations//europe-latest.json", 
      "min_elev": 574, 
      "uid": "33d7078a-b84d-4193-b52e-a8ddcc85cc9a"
    }
  ], 
  "end_x": 1310.4862541819728, 
  "num": 596, 
  "zoom": 13, 
  "start_x": 1308.2911348282341
}