{
  "shown": [], 
  "end_x": 13091.691825697297, 
  "num": 5963, 
  "zoom": 13, 
  "start_x": 13089.496706343558
}