{
  "shown": [
    {
      "max_elev": 2483, 
      "uid": "c990160a-1461-416d-bfb0-c4a3e6b217d7", 
      "area": 2.87, 
      "num_lifts": 5, 
      "source": "jsons/ski_area_elevations//north-america-latest.json", 
      "min_elev": 1958, 
      "cumarea": 1311.872699484097
    }
  ], 
  "end_x": 1312.6813735357114, 
  "num": 597, 
  "zoom": 13, 
  "start_x": 1310.4862541819728
}