{
  "shown": [], 
  "end_x": 13133.399093418331, 
  "num": 5982, 
  "zoom": 13, 
  "start_x": 13131.203974064592
}