{
  "shown": [], 
  "end_x": 15.365835476170535, 
  "num": 6, 
  "zoom": 13, 
  "start_x": 13.170716122431887
}