{
  "shown": [], 
  "end_x": 13190.472196615534, 
  "num": 6008, 
  "zoom": 13, 
  "start_x": 13188.277077261797
}