{
  "shown": [], 
  "end_x": 13212.423390152922, 
  "num": 6018, 
  "zoom": 13, 
  "start_x": 13210.228270799184
}