{
  "shown": [], 
  "end_x": 13249.74041916648, 
  "num": 6035, 
  "zoom": 13, 
  "start_x": 13247.54529981274
}