{
  "shown": [
    {
      "max_elev": 492, 
      "uid": "b85cfadb-0404-47a9-9acd-765f5136d030", 
      "area": 1.9000000000000001, 
      "num_lifts": 2, 
      "source": "jsons/ski_area_elevations//europe-latest.json", 
      "min_elev": 486, 
      "cumarea": 13359.959260434474
    }
  ], 
  "end_x": 13361.69150620715, 
  "num": 6086, 
  "zoom": 13, 
  "start_x": 13359.49638685341
}