{
  "shown": [], 
  "end_x": 13370.471983622105, 
  "num": 6090, 
  "zoom": 13, 
  "start_x": 13368.276864268366
}