{
  "shown": [
    {
      "max_elev": 491, 
      "uid": "3d0ca263-5a06-43f5-9333-508be82ca993", 
      "area": 1.81, 
      "num_lifts": 1, 
      "source": "jsons/ski_area_elevations//europe-latest.json", 
      "min_elev": 455, 
      "cumarea": 13378.384625621353
    }
  ], 
  "end_x": 13379.25246103706, 
  "num": 6094, 
  "zoom": 13, 
  "start_x": 13377.057341683321
}