{
  "shown": [
    {
      "max_elev": 3596, 
      "cumarea": 135.54841459390522, 
      "area": 4.18, 
      "num_lifts": 7, 
      "name": "Dizin", 
      "source": "jsons/ski_area_elevations//asia-latest.json", 
      "min_elev": 2678, 
      "uid": "8ab8ac77-360c-4a44-bf59-b47432e972b9"
    }
  ], 
  "end_x": 136.09739993179616, 
  "num": 61, 
  "zoom": 13, 
  "start_x": 133.9022805780575
}