{
  "shown": [], 
  "end_x": 13394.618296513232, 
  "num": 6101, 
  "zoom": 13, 
  "start_x": 13392.423177159493
}