{
  "shown": [
    {
      "max_elev": 489, 
      "uid": "785b8e12-cab1-490a-9db2-a160fee90e3f", 
      "area": 1.82, 
      "num_lifts": 2, 
      "source": "jsons/ski_area_elevations//europe-latest.json", 
      "min_elev": 454, 
      "cumarea": 13394.848770204098
    }
  ], 
  "end_x": 13396.81341586697, 
  "num": 6102, 
  "zoom": 13, 
  "start_x": 13394.618296513232
}