{
  "shown": [
    {
      "max_elev": 489, 
      "uid": "7ee0aa8f-4bf8-4fab-aa95-afa1d9014609", 
      "area": 1.8900000000000001, 
      "num_lifts": 1, 
      "source": "jsons/ski_area_elevations//asia-latest.json", 
      "min_elev": -20, 
      "cumarea": 13400.377345072475
    }
  ], 
  "end_x": 13401.203654574445, 
  "num": 6104, 
  "zoom": 13, 
  "start_x": 13399.008535220708
}