{
  "shown": [
    {
      "max_elev": 2471, 
      "uid": "1a06d625-489b-48fa-bfef-5990cf98a1f2", 
      "area": 2.12, 
      "num_lifts": 1, 
      "source": "jsons/ski_area_elevations//europe-latest.json", 
      "min_elev": 1364, 
      "cumarea": 1348.1200007573277
    }
  ], 
  "end_x": 1349.9984025492686, 
  "num": 614, 
  "zoom": 13, 
  "start_x": 1347.8032831955297
}