{
  "shown": [], 
  "end_x": 13482.423070662775, 
  "num": 6141, 
  "zoom": 13, 
  "start_x": 13480.227951309036
}