{
  "shown": [
    {
      "max_elev": 478, 
      "uid": "c07c2ccd-74b8-48cd-9ecc-5c8c7f4da41d", 
      "area": 2.08, 
      "num_lifts": 7, 
      "source": "jsons/ski_area_elevations//asia-latest.json", 
      "min_elev": 310, 
      "cumarea": 13487.865100367533
    }
  ], 
  "end_x": 13489.008428723992, 
  "num": 6144, 
  "zoom": 13, 
  "start_x": 13486.813309370253
}