{
  "shown": [
    {
      "max_elev": 2471, 
      "uid": "f1d3492b-256d-41fe-97dc-6c2f1ff09271", 
      "area": 1.94, 
      "num_lifts": 1, 
      "source": "jsons/ski_area_elevations//north-america-latest.json", 
      "min_elev": 1364, 
      "cumarea": 1350.782688730403
    }
  ], 
  "end_x": 1352.1935219030072, 
  "num": 615, 
  "zoom": 13, 
  "start_x": 1349.9984025492686
}