{
  "shown": [
    {
      "max_elev": 476, 
      "uid": "1e699930-31b7-4336-86d5-aaf6d031f6b9", 
      "area": 1.83, 
      "num_lifts": 0, 
      "source": "jsons/ski_area_elevations//europe-latest.json", 
      "min_elev": 476, 
      "cumarea": 13500.891774027428
    }
  ], 
  "end_x": 13502.179144846425, 
  "num": 6150, 
  "zoom": 13, 
  "start_x": 13499.984025492686
}