{
  "shown": [], 
  "end_x": 1354.3886412567458, 
  "num": 616, 
  "zoom": 13, 
  "start_x": 1352.1935219030072
}