{
  "shown": [], 
  "end_x": 13550.471770628672, 
  "num": 6172, 
  "zoom": 13, 
  "start_x": 13548.276651274933
}