{
  "shown": [], 
  "end_x": 1358.7788799642233, 
  "num": 618, 
  "zoom": 13, 
  "start_x": 1356.5837606104847
}