{
  "shown": [], 
  "end_x": 13579.008322227273, 
  "num": 6185, 
  "zoom": 13, 
  "start_x": 13576.813202873534
}