{
  "shown": [
    {
      "max_elev": 467, 
      "uid": "2a5b6d2c-f7c6-427e-81a5-8b1e1f252b64", 
      "area": 1.81, 
      "num_lifts": 2, 
      "source": "jsons/ski_area_elevations//europe-latest.json", 
      "min_elev": 397, 
      "cumarea": 13579.212065413192
    }
  ], 
  "end_x": 13581.203441581012, 
  "num": 6186, 
  "zoom": 13, 
  "start_x": 13579.008322227273
}