{
  "shown": [
    {
      "max_elev": 467, 
      "uid": "97d104d4-fbb1-4ead-b3f9-d2d579ef38e7", 
      "area": 1.9100000000000001, 
      "num_lifts": 5, 
      "source": "jsons/ski_area_elevations//north-america-latest.json", 
      "min_elev": 415, 
      "cumarea": 13584.577008448401
    }
  ], 
  "end_x": 13585.59368028849, 
  "num": 6188, 
  "zoom": 13, 
  "start_x": 13583.398560934751
}