{
  "shown": [
    {
      "max_elev": 466, 
      "uid": "c7882eda-c0cf-4e2f-9e36-15204bf6628e", 
      "area": 1.8900000000000001, 
      "num_lifts": 4, 
      "source": "jsons/ski_area_elevations//europe-latest.json", 
      "min_elev": 338, 
      "cumarea": 13597.899931931275
    }
  ], 
  "end_x": 13598.764396410923, 
  "num": 6194, 
  "zoom": 13, 
  "start_x": 13596.569277057184
}