{
  "shown": [], 
  "end_x": 13627.300948009526, 
  "num": 6207, 
  "zoom": 13, 
  "start_x": 13625.105828655789
}