{
  "shown": [
    {
      "max_elev": 464, 
      "uid": "de4bc50e-2c2a-4393-a813-2648a455d24d", 
      "area": 1.8, 
      "num_lifts": 1, 
      "source": "jsons/ski_area_elevations//europe-latest.json", 
      "min_elev": 447, 
      "cumarea": 13635.169203307927
    }
  ], 
  "end_x": 13636.08142542448, 
  "num": 6211, 
  "zoom": 13, 
  "start_x": 13633.88630607074
}