{
  "shown": [], 
  "end_x": 13642.666783485696, 
  "num": 6214, 
  "zoom": 13, 
  "start_x": 13640.471664131957
}