{
  "shown": [], 
  "end_x": 1367.5593573791778, 
  "num": 622, 
  "zoom": 13, 
  "start_x": 1365.3642380254391
}