{
  "shown": [], 
  "end_x": 1378.5349541478708, 
  "num": 627, 
  "zoom": 13, 
  "start_x": 1376.3398347941322
}