{
  "shown": [
    {
      "max_elev": 444, 
      "uid": "a8be7a41-47cf-4197-a743-934474498d0e", 
      "area": 2.3, 
      "num_lifts": 14, 
      "source": "jsons/ski_area_elevations//asia-latest.json", 
      "min_elev": 199, 
      "cumarea": 13809.082032219922
    }
  ], 
  "end_x": 13809.495854369834, 
  "num": 6290, 
  "zoom": 13, 
  "start_x": 13807.300735016095
}