{
  "shown": [], 
  "end_x": 1387.3154315628256, 
  "num": 631, 
  "zoom": 13, 
  "start_x": 1385.120312209087
}