{
  "shown": [], 
  "end_x": 1391.705670270303, 
  "num": 633, 
  "zoom": 13, 
  "start_x": 1389.5105509165642
}