{
  "shown": [], 
  "end_x": 13903.885986580597, 
  "num": 6333, 
  "zoom": 13, 
  "start_x": 13901.690867226858
}