{
  "shown": [
    {
      "max_elev": 434, 
      "uid": "edd32673-2dbb-4e55-ba7e-36509165dbd1", 
      "area": 1.8900000000000001, 
      "num_lifts": 1, 
      "source": "jsons/ski_area_elevations//asia-latest.json", 
      "min_elev": 290, 
      "cumarea": 13915.18771231566
    }
  ], 
  "end_x": 13917.056702703027, 
  "num": 6339, 
  "zoom": 13, 
  "start_x": 13914.861583349288
}