{
  "shown": [], 
  "end_x": 1396.0959089777803, 
  "num": 635, 
  "zoom": 13, 
  "start_x": 1393.9007896240416
}