{
  "shown": [], 
  "end_x": 13985.105402668927, 
  "num": 6370, 
  "zoom": 13, 
  "start_x": 13982.910283315188
}