{
  "shown": [
    {
      "max_elev": 424, 
      "uid": "913bbde4-572c-4e8f-8320-f46749aaf26a", 
      "area": 1.82, 
      "num_lifts": 1, 
      "source": "jsons/ski_area_elevations//europe-latest.json", 
      "min_elev": 362, 
      "cumarea": 14030.292254030828
    }
  ], 
  "end_x": 14031.202909097437, 
  "num": 6391, 
  "zoom": 13, 
  "start_x": 14029.0077897437
}