{
  "shown": [], 
  "end_x": 14035.593147804913, 
  "num": 6393, 
  "zoom": 13, 
  "start_x": 14033.398028451174
}