{
  "shown": [
    {
      "max_elev": 423, 
      "uid": "3ae6e86d-3f75-491a-94f5-6afe49fb1f3e", 
      "area": 1.82, 
      "num_lifts": 1, 
      "source": "jsons/ski_area_elevations//europe-latest.json", 
      "min_elev": 325, 
      "cumarea": 14038.422091114036
    }
  ], 
  "end_x": 14039.983386512391, 
  "num": 6395, 
  "zoom": 13, 
  "start_x": 14037.788267158652
}