{
  "shown": [], 
  "end_x": 14048.763863927346, 
  "num": 6399, 
  "zoom": 13, 
  "start_x": 14046.568744573608
}