{
  "shown": [
    {
      "max_elev": 421, 
      "uid": "d0d298a9-f7de-4c4b-9715-6bd126087d6b", 
      "area": 1.81, 
      "num_lifts": 2, 
      "source": "jsons/ski_area_elevations//europe-latest.json", 
      "min_elev": 390, 
      "cumarea": 14054.15861208669
    }
  ], 
  "end_x": 14055.349221988563, 
  "num": 6402, 
  "zoom": 13, 
  "start_x": 14053.154102634824
}