{
  "shown": [
    {
      "max_elev": 420, 
      "uid": "23c35fb1-f58c-4a8a-bf12-21bd034d73d2", 
      "area": 1.9000000000000001, 
      "num_lifts": 3, 
      "source": "jsons/ski_area_elevations//europe-latest.json", 
      "min_elev": 199, 
      "cumarea": 14056.800465972863
    }
  ], 
  "end_x": 14057.544341342302, 
  "num": 6403, 
  "zoom": 13, 
  "start_x": 14055.349221988563
}