{
  "shown": [], 
  "end_x": 14061.93458004978, 
  "num": 6405, 
  "zoom": 13, 
  "start_x": 14059.73946069604
}