{
  "shown": [
    {
      "max_elev": 419, 
      "uid": "d0481eaf-10b4-498b-ba4f-394b32727f58", 
      "area": 1.84, 
      "num_lifts": 1, 
      "source": "jsons/ski_area_elevations//europe-latest.json", 
      "min_elev": 221, 
      "cumarea": 14070.155005659712
    }
  ], 
  "end_x": 14070.715057464731, 
  "num": 6409, 
  "zoom": 13, 
  "start_x": 14068.519938110992
}