{
  "shown": [], 
  "end_x": 14086.080892940903, 
  "num": 6416, 
  "zoom": 13, 
  "start_x": 14083.885773587164
}