{
  "shown": [
    {
      "max_elev": 410, 
      "uid": "ced800f7-7b73-4590-9c6d-4284320f4ae9", 
      "area": 1.81, 
      "num_lifts": 1, 
      "source": "jsons/ski_area_elevations//europe-latest.json", 
      "min_elev": 386, 
      "cumarea": 14139.253479294312
    }
  ], 
  "end_x": 14140.958876784367, 
  "num": 6441, 
  "zoom": 13, 
  "start_x": 14138.763757430628
}