{
  "shown": [
    {
      "max_elev": 410, 
      "uid": "338e2dd7-b357-4c78-8367-e17bcb033636", 
      "area": 2.3, 
      "num_lifts": 25, 
      "source": "jsons/ski_area_elevations//north-america-latest.json", 
      "min_elev": 234, 
      "cumarea": 14147.559342010027
    }
  ], 
  "end_x": 14149.739354199322, 
  "num": 6445, 
  "zoom": 13, 
  "start_x": 14147.544234845584
}