{
  "shown": [
    {
      "max_elev": 409, 
      "uid": "b1c63072-341e-4a80-b76d-0d115218e767", 
      "area": 1.81, 
      "num_lifts": 1, 
      "source": "jsons/ski_area_elevations//europe-latest.json", 
      "min_elev": 364, 
      "cumarea": 14158.320386577938
    }
  ], 
  "end_x": 14158.519831614278, 
  "num": 6449, 
  "zoom": 13, 
  "start_x": 14156.324712260539
}