{
  "shown": [], 
  "end_x": 1418.0471025151664, 
  "num": 645, 
  "zoom": 13, 
  "start_x": 1415.8519831614278
}