{
  "shown": [
    {
      "max_elev": 408, 
      "uid": "a8ba4c4b-cb2c-4cb6-8ada-c51fa294465a", 
      "area": 1.81, 
      "num_lifts": 1, 
      "source": "jsons/ski_area_elevations//europe-latest.json", 
      "min_elev": 341, 
      "cumarea": 14166.19564676901
    }
  ], 
  "end_x": 14167.300309029233, 
  "num": 6453, 
  "zoom": 13, 
  "start_x": 14165.105189675494
}