{
  "shown": [
    {
      "max_elev": 408, 
      "uid": "7caf5840-5079-4f1b-b40e-85c835ef3c6c", 
      "area": 1.8800000000000001, 
      "num_lifts": 2, 
      "source": "jsons/ski_area_elevations//north-america-latest.json", 
      "min_elev": 223, 
      "cumarea": 14174.302573605475
    }
  ], 
  "end_x": 14176.080786444189, 
  "num": 6457, 
  "zoom": 13, 
  "start_x": 14173.88566709045
}