{
  "shown": [
    {
      "max_elev": 406, 
      "uid": "3c32f3bb-8c38-4d07-94a3-d6d0b660c391", 
      "area": 1.82, 
      "num_lifts": 3, 
      "source": "jsons/ski_area_elevations//europe-latest.json", 
      "min_elev": 356, 
      "cumarea": 14190.297364904589
    }
  ], 
  "end_x": 14191.446621920357, 
  "num": 6464, 
  "zoom": 13, 
  "start_x": 14189.25150256662
}