{
  "shown": [
    {
      "max_elev": 2434, 
      "cumarea": 1421.9331387918273, 
      "area": 5.72, 
      "num_lifts": 15, 
      "name": "Ceillac", 
      "source": "jsons/ski_area_elevations//europe-latest.json", 
      "min_elev": 1696, 
      "uid": "617cf9cf-9deb-4499-b620-2e45ce6cf21b"
    }
  ], 
  "end_x": 1422.437341222644, 
  "num": 647, 
  "zoom": 13, 
  "start_x": 1420.2422218689053
}