{
  "shown": [], 
  "end_x": 14235.349008995134, 
  "num": 6484, 
  "zoom": 13, 
  "start_x": 14233.153889641395
}