{
  "shown": [
    {
      "max_elev": 2434, 
      "uid": "8907e2d3-40a0-413b-805c-abbb693dc011", 
      "area": 2.83, 
      "num_lifts": 9, 
      "source": "jsons/ski_area_elevations//europe-latest.json", 
      "min_elev": 630, 
      "cumarea": 1428.334392056618
    }
  ], 
  "end_x": 1429.02269928386, 
  "num": 650, 
  "zoom": 13, 
  "start_x": 1426.8275799301214
}