{
  "shown": [], 
  "end_x": 14272.66603800869, 
  "num": 6501, 
  "zoom": 13, 
  "start_x": 14270.470918654952
}