{
  "shown": [
    {
      "max_elev": 394, 
      "uid": "0f42afba-1e52-4bc2-a218-ef0841ee63dd", 
      "area": 1.84, 
      "num_lifts": 2, 
      "source": "jsons/ski_area_elevations//europe-latest.json", 
      "min_elev": 312, 
      "cumarea": 14286.336288900919
    }
  ], 
  "end_x": 14288.031873484859, 
  "num": 6508, 
  "zoom": 13, 
  "start_x": 14285.83675413112
}