{
  "shown": [], 
  "end_x": 1433.4129379913372, 
  "num": 652, 
  "zoom": 13, 
  "start_x": 1431.2178186375986
}