{
  "shown": [
    {
      "max_elev": 391, 
      "uid": "f433dd86-94dd-47ed-a47d-8a4ec2b91f36", 
      "area": 1.82, 
      "num_lifts": 3, 
      "source": "jsons/ski_area_elevations//europe-latest.json", 
      "min_elev": 389, 
      "cumarea": 14315.337959726885
    }
  ], 
  "end_x": 14316.56842508346, 
  "num": 6521, 
  "zoom": 13, 
  "start_x": 14314.373305729721
}