{
  "shown": [
    {
      "max_elev": 389, 
      "uid": "f373f3f0-0299-430d-a72c-57aca2c475e7", 
      "area": 1.87, 
      "num_lifts": 1, 
      "source": "jsons/ski_area_elevations//asia-latest.json", 
      "min_elev": 70, 
      "cumarea": 14336.77807365424
    }
  ], 
  "end_x": 14338.519618620849, 
  "num": 6531, 
  "zoom": 13, 
  "start_x": 14336.32449926711
}