{
  "shown": [], 
  "end_x": 1442.1934154062917, 
  "num": 656, 
  "zoom": 13, 
  "start_x": 1439.998296052553
}