{
  "shown": [
    {
      "max_elev": 377, 
      "uid": "eab43103-9537-4575-b931-3f6d71d417ab", 
      "area": 2.04, 
      "num_lifts": 7, 
      "source": "jsons/ski_area_elevations//north-america-latest.json", 
      "min_elev": 265, 
      "cumarea": 14419.875252152613
    }
  ], 
  "end_x": 14421.934154062914, 
  "num": 6569, 
  "zoom": 13, 
  "start_x": 14419.739034709175
}