{
  "shown": [
    {
      "max_elev": 376, 
      "uid": "89e0f0d4-3799-44d3-9925-d2be0de5b19b", 
      "area": 1.83, 
      "num_lifts": 4, 
      "source": "jsons/ski_area_elevations//europe-latest.json", 
      "min_elev": 301, 
      "cumarea": 14422.479568119466
    }
  ], 
  "end_x": 14424.129273416653, 
  "num": 6570, 
  "zoom": 13, 
  "start_x": 14421.934154062914
}