{
  "shown": [], 
  "end_x": 14448.27558630778, 
  "num": 6581, 
  "zoom": 13, 
  "start_x": 14446.080466954041
}