{
  "shown": [
    {
      "max_elev": 374, 
      "uid": "4f311b01-7b9f-4abb-8ad1-8ddbe197e031", 
      "area": 1.81, 
      "num_lifts": 1, 
      "source": "jsons/ski_area_elevations//europe-latest.json", 
      "min_elev": 293, 
      "cumarea": 14451.211080126164
    }
  ], 
  "end_x": 14452.665825015258, 
  "num": 6583, 
  "zoom": 13, 
  "start_x": 14450.470705661519
}