{
  "shown": [
    {
      "max_elev": 2429, 
      "cumarea": 1449.8258943993578, 
      "area": 12.700000000000001, 
      "num_lifts": 68, 
      "name": "Les Contamines Montjoie", 
      "source": "jsons/ski_area_elevations//europe-latest.json", 
      "min_elev": 1149, 
      "uid": "df37a228-9d6c-4c02-9373-ba2433839787"
    }
  ], 
  "end_x": 1450.9738928212462, 
  "num": 660, 
  "zoom": 13, 
  "start_x": 1448.7787734675076
}