{
  "shown": [
    {
      "max_elev": 368, 
      "uid": "d55ffe90-1e77-4b4f-b61e-0df173f763dc", 
      "area": 2.12, 
      "num_lifts": 34, 
      "source": "jsons/ski_area_elevations//north-america-latest.json", 
      "min_elev": 292, 
      "cumarea": 14490.745189707337
    }
  ], 
  "end_x": 14492.177973382553, 
  "num": 6601, 
  "zoom": 13, 
  "start_x": 14489.982854028814
}