{
  "shown": [
    {
      "max_elev": 368, 
      "uid": "b37b9e95-8720-41f4-975d-b9081ff67169", 
      "area": 1.9300000000000002, 
      "num_lifts": 8, 
      "source": "jsons/ski_area_elevations//north-america-latest.json", 
      "min_elev": 291, 
      "cumarea": 14496.11565951811
    }
  ], 
  "end_x": 14496.568212090031, 
  "num": 6603, 
  "zoom": 13, 
  "start_x": 14494.373092736292
}