{
  "shown": [
    {
      "max_elev": 368, 
      "uid": "166748f7-07cc-4d9d-b16e-0367cbc73f15", 
      "area": 2.11, 
      "num_lifts": 3, 
      "source": "jsons/ski_area_elevations//africa-latest.json", 
      "min_elev": 57, 
      "cumarea": 14498.862347465598
    }
  ], 
  "end_x": 14500.958450797509, 
  "num": 6605, 
  "zoom": 13, 
  "start_x": 14498.76333144377
}