{
  "shown": [], 
  "end_x": 1453.1690121749848, 
  "num": 661, 
  "zoom": 13, 
  "start_x": 1450.9738928212462
}