{
  "shown": [
    {
      "max_elev": 366, 
      "uid": "22e42949-d393-48b4-8ec4-2c9184960ac8", 
      "area": 1.83, 
      "num_lifts": 1, 
      "source": "jsons/ski_area_elevations//europe-latest.json", 
      "min_elev": 260, 
      "cumarea": 14509.753585498169
    }
  ], 
  "end_x": 14511.934047566203, 
  "num": 6610, 
  "zoom": 13, 
  "start_x": 14509.738928212464
}