{
  "shown": [], 
  "end_x": 14533.885241103588, 
  "num": 6620, 
  "zoom": 13, 
  "start_x": 14531.690121749849
}