{
  "shown": [], 
  "end_x": 14560.22667334845, 
  "num": 6632, 
  "zoom": 13, 
  "start_x": 14558.031553994713
}