{
  "shown": [
    {
      "max_elev": 361, 
      "uid": "6cbe6159-ad0a-48c8-b215-aa977b371b88", 
      "area": 1.99, 
      "num_lifts": 6, 
      "source": "jsons/ski_area_elevations//north-america-latest.json", 
      "min_elev": 273, 
      "cumarea": 14563.409421723958
    }
  ], 
  "end_x": 14564.616912055928, 
  "num": 6634, 
  "zoom": 13, 
  "start_x": 14562.42179270219
}