{
  "shown": [], 
  "end_x": 14595.348583008268, 
  "num": 6648, 
  "zoom": 13, 
  "start_x": 14593.153463654531
}