{
  "shown": [
    {
      "max_elev": 356, 
      "uid": "00599d3f-61a0-4ef7-aa81-e3b906390b71", 
      "area": 1.96, 
      "num_lifts": 3, 
      "source": "jsons/ski_area_elevations//europe-latest.json", 
      "min_elev": 266, 
      "cumarea": 14598.042875317713
    }
  ], 
  "end_x": 14599.738821715746, 
  "num": 6650, 
  "zoom": 13, 
  "start_x": 14597.543702362007
}