{
  "shown": [
    {
      "max_elev": 355, 
      "uid": "4ea29b99-a1e0-40d8-8d78-af70a860b247", 
      "area": 1.83, 
      "num_lifts": 1, 
      "source": "jsons/ski_area_elevations//asia-latest.json", 
      "min_elev": 95, 
      "cumarea": 14618.94079913206
    }
  ], 
  "end_x": 14619.494895899395, 
  "num": 6659, 
  "zoom": 13, 
  "start_x": 14617.299776545657
}