{
  "shown": [], 
  "end_x": 14648.031447497997, 
  "num": 6672, 
  "zoom": 13, 
  "start_x": 14645.836328144258
}