{
  "shown": [], 
  "end_x": 14659.007044266691, 
  "num": 6677, 
  "zoom": 13, 
  "start_x": 14656.811924912952
}