{
  "shown": [
    {
      "max_elev": 350, 
      "cumarea": 14667.369647712216, 
      "area": 3.13, 
      "num_lifts": 11, 
      "name": "Boyne Mountain", 
      "source": "jsons/ski_area_elevations//north-america-latest.json", 
      "min_elev": 219, 
      "uid": "96a24d5e-cd4e-4cba-b051-5abe5f219f0f"
    }
  ], 
  "end_x": 14667.787521681643, 
  "num": 6681, 
  "zoom": 13, 
  "start_x": 14665.592402327904
}