{
  "shown": [], 
  "end_x": 14669.982641035382, 
  "num": 6682, 
  "zoom": 13, 
  "start_x": 14667.787521681643
}