{
  "shown": [], 
  "end_x": 14694.128953926509, 
  "num": 6693, 
  "zoom": 13, 
  "start_x": 14691.93383457277
}