{
  "shown": [], 
  "end_x": 14707.299670048938, 
  "num": 6699, 
  "zoom": 13, 
  "start_x": 14705.1045506952
}