{
  "shown": [
    {
      "max_elev": 346, 
      "uid": "d1b7408b-492e-4fe4-9300-96815d847862", 
      "area": 2.0700000000000003, 
      "num_lifts": 5, 
      "source": "jsons/ski_area_elevations//europe-latest.json", 
      "min_elev": 211, 
      "cumarea": 14713.467759699359
    }
  ], 
  "end_x": 14713.885028110155, 
  "num": 6702, 
  "zoom": 13, 
  "start_x": 14711.689908756416
}