{
  "shown": [], 
  "end_x": 14716.080147463894, 
  "num": 6703, 
  "zoom": 13, 
  "start_x": 14713.885028110155
}