{
  "shown": [
    {
      "max_elev": 346, 
      "uid": "3091257e-99dd-443e-9529-d0b83b942bd2", 
      "area": 1.82, 
      "num_lifts": 1, 
      "source": "jsons/ski_area_elevations//north-america-latest.json", 
      "min_elev": 216, 
      "cumarea": 14727.205361721557
    }
  ], 
  "end_x": 14729.250863586327, 
  "num": 6709, 
  "zoom": 13, 
  "start_x": 14727.055744232588
}