{
  "shown": [], 
  "end_x": 14740.226460355021, 
  "num": 6714, 
  "zoom": 13, 
  "start_x": 14738.031341001282
}