{
  "shown": [
    {
      "max_elev": 345, 
      "uid": "6d099f63-2c0d-4fa6-a4e0-75da07360911", 
      "area": 1.81, 
      "num_lifts": 1, 
      "source": "jsons/ski_area_elevations//asia-latest.json", 
      "min_elev": 251, 
      "cumarea": 14742.924891889686
    }
  ], 
  "end_x": 14744.616699062499, 
  "num": 6716, 
  "zoom": 13, 
  "start_x": 14742.42157970876
}