{
  "shown": [], 
  "end_x": 1477.31532506611, 
  "num": 672, 
  "zoom": 13, 
  "start_x": 1475.1202057123714
}