{
  "shown": [], 
  "end_x": 14779.738608722317, 
  "num": 6732, 
  "zoom": 13, 
  "start_x": 14777.543489368578
}