{
  "shown": [
    {
      "max_elev": 336, 
      "uid": "a8d4a0c2-f784-4a4c-8693-55d6ab5d4e31", 
      "area": 1.99, 
      "num_lifts": 12, 
      "source": "jsons/ski_area_elevations//north-america-latest.json", 
      "min_elev": 261, 
      "cumarea": 14811.710554747624
    }
  ], 
  "end_x": 14812.665399028396, 
  "num": 6747, 
  "zoom": 13, 
  "start_x": 14810.470279674657
}