{
  "shown": [
    {
      "max_elev": 336, 
      "uid": "afe547a2-bc90-4456-bfe5-1aaf23abffda", 
      "area": 1.83, 
      "num_lifts": 1, 
      "source": "jsons/ski_area_elevations//north-america-latest.json", 
      "min_elev": 283, 
      "cumarea": 14814.314870714477
    }
  ], 
  "end_x": 14814.860518382135, 
  "num": 6748, 
  "zoom": 13, 
  "start_x": 14812.665399028396
}