{
  "shown": [], 
  "end_x": 14819.250757089612, 
  "num": 6750, 
  "zoom": 13, 
  "start_x": 14817.055637735873
}