{
  "shown": [
    {
      "max_elev": 333, 
      "uid": "5bb8af6c-def0-40e7-a085-9efe7197358a", 
      "area": 1.8800000000000001, 
      "num_lifts": 1, 
      "source": "jsons/ski_area_elevations//north-america-latest.json", 
      "min_elev": 99, 
      "cumarea": 14832.631544039305
    }
  ], 
  "end_x": 14834.616592565784, 
  "num": 6757, 
  "zoom": 13, 
  "start_x": 14832.421473212045
}