{
  "shown": [], 
  "end_x": 1486.0958024810645, 
  "num": 676, 
  "zoom": 13, 
  "start_x": 1483.900683127326
}