{
  "shown": [], 
  "end_x": 14845.592189334475, 
  "num": 6762, 
  "zoom": 13, 
  "start_x": 14843.397069980736
}