{
  "shown": [], 
  "end_x": 14893.884815116726, 
  "num": 6784, 
  "zoom": 13, 
  "start_x": 14891.689695762987
}