{
  "shown": [], 
  "end_x": 1492.6811605422806, 
  "num": 679, 
  "zoom": 13, 
  "start_x": 1490.486041188542
}