{
  "shown": [
    {
      "max_elev": 321, 
      "uid": "fd74b337-1a37-4ab8-a3be-484fd5ae62ba", 
      "area": 1.85, 
      "num_lifts": 2, 
      "source": "jsons/ski_area_elevations//europe-latest.json", 
      "min_elev": 199, 
      "cumarea": 14917.896135000556
    }
  ], 
  "end_x": 14918.03112800785, 
  "num": 6795, 
  "zoom": 13, 
  "start_x": 14915.83600865411
}