{
  "shown": [
    {
      "max_elev": 320, 
      "uid": "cc83f110-4bbe-45f4-acbd-45ef0b4eaf41", 
      "area": 1.8, 
      "num_lifts": 1, 
      "source": "jsons/ski_area_elevations//north-america-latest.json", 
      "min_elev": 305, 
      "cumarea": 14930.954255427141
    }
  ], 
  "end_x": 14931.201844130283, 
  "num": 6801, 
  "zoom": 13, 
  "start_x": 14929.006724776544
}