{
  "shown": [], 
  "end_x": 14933.396963484021, 
  "num": 6802, 
  "zoom": 13, 
  "start_x": 14931.201844130283
}