{
  "shown": [
    {
      "max_elev": 319, 
      "uid": "395b78db-7947-4d62-9ce5-f868569eae72", 
      "area": 1.87, 
      "num_lifts": 2, 
      "source": "jsons/ski_area_elevations//europe-latest.json", 
      "min_elev": 168, 
      "cumarea": 14938.981376831622
    }
  ], 
  "end_x": 14939.982321545238, 
  "num": 6805, 
  "zoom": 13, 
  "start_x": 14937.7872021915
}