{
  "shown": [
    {
      "max_elev": 319, 
      "uid": "7ba04a47-b114-4a76-a1e0-f22500a6445b", 
      "area": 1.9300000000000002, 
      "num_lifts": 1, 
      "source": "jsons/ski_area_elevations//asia-latest.json", 
      "min_elev": 159, 
      "cumarea": 14941.638896834538
    }
  ], 
  "end_x": 14942.177440898977, 
  "num": 6806, 
  "zoom": 13, 
  "start_x": 14939.982321545238
}