{
  "shown": [], 
  "end_x": 14946.56767960645, 
  "num": 6808, 
  "zoom": 13, 
  "start_x": 14944.372560252714
}