{
  "shown": [
    {
      "max_elev": 316, 
      "uid": "22eb12bf-6136-4ab2-860a-26aa84d01748", 
      "area": 1.84, 
      "num_lifts": 2, 
      "source": "jsons/ski_area_elevations//europe-latest.json", 
      "min_elev": 244, 
      "cumarea": 14957.48803515503
    }
  ], 
  "end_x": 14957.543276375145, 
  "num": 6813, 
  "zoom": 13, 
  "start_x": 14955.348157021406
}