{
  "shown": [], 
  "end_x": 14959.738395728884, 
  "num": 6814, 
  "zoom": 13, 
  "start_x": 14957.543276375145
}