{
  "shown": [
    {
      "max_elev": 316, 
      "uid": "fd5ba731-e1c7-4c88-9a8d-f7162cbba595", 
      "area": 1.81, 
      "num_lifts": 1, 
      "source": "jsons/ski_area_elevations//asia-latest.json", 
      "min_elev": 277, 
      "cumarea": 14962.764458845013
    }
  ], 
  "end_x": 14964.128634436362, 
  "num": 6816, 
  "zoom": 13, 
  "start_x": 14961.933515082623
}