{
  "shown": [
    {
      "max_elev": 314, 
      "uid": "6a707af1-0766-414d-9250-fd9750da505e", 
      "area": 1.86, 
      "num_lifts": 2, 
      "source": "jsons/ski_area_elevations//north-america-latest.json", 
      "min_elev": 190, 
      "cumarea": 14978.711602233916
    }
  ], 
  "end_x": 14979.494469912532, 
  "num": 6823, 
  "zoom": 13, 
  "start_x": 14977.299350558795
}