{
  "shown": [], 
  "end_x": 14994.860305388702, 
  "num": 6830, 
  "zoom": 13, 
  "start_x": 14992.665186034963
}