{
  "shown": [], 
  "end_x": 15016.81149892609, 
  "num": 6840, 
  "zoom": 13, 
  "start_x": 15014.616379572351
}