{
  "shown": [], 
  "end_x": 15203.396643993874, 
  "num": 6925, 
  "zoom": 13, 
  "start_x": 15201.201524640135
}