{
  "shown": [], 
  "end_x": 15216.567360116307, 
  "num": 6931, 
  "zoom": 13, 
  "start_x": 15214.372240762568
}