{
  "shown": [], 
  "end_x": 15227.542956884998, 
  "num": 6936, 
  "zoom": 13, 
  "start_x": 15225.34783753126
}