{
  "shown": [
    {
      "max_elev": 280, 
      "uid": "f1a0c532-ab85-45a0-a987-583e56814916", 
      "area": 1.8800000000000001, 
      "num_lifts": 10, 
      "source": "jsons/ski_area_elevations//north-america-latest.json", 
      "min_elev": 269, 
      "cumarea": 15262.234543872662
    }
  ], 
  "end_x": 15262.664866544816, 
  "num": 6952, 
  "zoom": 13, 
  "start_x": 15260.469747191079
}