{
  "shown": [], 
  "end_x": 15267.055105252293, 
  "num": 6954, 
  "zoom": 13, 
  "start_x": 15264.859985898554
}