{
  "shown": [
    {
      "max_elev": 276, 
      "uid": "b9427386-5ccb-4498-b998-6b229b296b86", 
      "area": 1.83, 
      "num_lifts": 1, 
      "source": "jsons/ski_area_elevations//asia-latest.json", 
      "min_elev": 151, 
      "cumarea": 15307.04137107696
    }
  ], 
  "end_x": 15308.762372973331, 
  "num": 6973, 
  "zoom": 13, 
  "start_x": 15306.567253619593
}