{
  "shown": [
    {
      "max_elev": 271, 
      "uid": "20cf9ab7-6bc7-477c-9818-a1c5e745e314", 
      "area": 1.92, 
      "num_lifts": 2, 
      "source": "jsons/ski_area_elevations//north-america-latest.json", 
      "min_elev": 244, 
      "cumarea": 15336.290306764602
    }
  ], 
  "end_x": 15337.298924571933, 
  "num": 6986, 
  "zoom": 13, 
  "start_x": 15335.103805218194
}