{
  "shown": [], 
  "end_x": 15357.054998755582, 
  "num": 6995, 
  "zoom": 13, 
  "start_x": 15354.859879401844
}