{
  "shown": [
    {
      "max_elev": 267, 
      "uid": "ee981aaf-8f6f-4d34-950e-bf396bd72824", 
      "area": 1.9000000000000001, 
      "num_lifts": 1, 
      "source": "jsons/ski_area_elevations//europe-latest.json", 
      "min_elev": 202, 
      "cumarea": 15362.466088580071
    }
  ], 
  "end_x": 15363.640356816799, 
  "num": 6998, 
  "zoom": 13, 
  "start_x": 15361.44523746306
}