{
  "shown": [
    {
      "max_elev": 264, 
      "cumarea": 15396.942958301033, 
      "area": 1.87, 
      "num_lifts": 4, 
      "name": "Mt Holiday", 
      "source": "jsons/ski_area_elevations//north-america-latest.json", 
      "min_elev": 205, 
      "uid": "c21b9381-a74b-4a7c-a1a4-d4626b601a86"
    }
  ], 
  "end_x": 15398.762266476617, 
  "num": 7014, 
  "zoom": 13, 
  "start_x": 15396.567147122878
}