{
  "shown": [], 
  "end_x": 15530.469427700933, 
  "num": 7074, 
  "zoom": 13, 
  "start_x": 15528.274308347194
}