{
  "shown": [
    {
      "max_elev": 242, 
      "uid": "221c69da-d6b2-4b15-9b74-0d98cb0f2213", 
      "area": 1.82, 
      "num_lifts": 1, 
      "source": "jsons/ski_area_elevations//asia-latest.json", 
      "min_elev": 85, 
      "cumarea": 15575.57063042036
    }
  ], 
  "end_x": 15576.566934129445, 
  "num": 7095, 
  "zoom": 13, 
  "start_x": 15574.371814775706
}