{
  "shown": [], 
  "end_x": 15594.127888959354, 
  "num": 7103, 
  "zoom": 13, 
  "start_x": 15591.932769605617
}