{
  "shown": [
    {
      "max_elev": 239, 
      "uid": "c5b4c984-55d5-4bed-8d87-54f415ad83b3", 
      "area": 1.81, 
      "num_lifts": 1, 
      "source": "jsons/ski_area_elevations//europe-latest.json", 
      "min_elev": 178, 
      "cumarea": 15596.905259829306
    }
  ], 
  "end_x": 15598.51812766683, 
  "num": 7105, 
  "zoom": 13, 
  "start_x": 15596.323008313091
}