{
  "shown": [], 
  "end_x": 15607.298605081785, 
  "num": 7109, 
  "zoom": 13, 
  "start_x": 15605.103485728047
}