{
  "shown": [
    {
      "max_elev": 236, 
      "uid": "9388bd40-f79f-4bf1-a926-83e1b7c02869", 
      "area": 1.81, 
      "num_lifts": 1, 
      "source": "jsons/ski_area_elevations//europe-latest.json", 
      "min_elev": 188, 
      "cumarea": 15623.247397631143
    }
  ], 
  "end_x": 15624.859559911696, 
  "num": 7117, 
  "zoom": 13, 
  "start_x": 15622.664440557957
}