{
  "shown": [], 
  "end_x": 15673.152185693947, 
  "num": 7139, 
  "zoom": 13, 
  "start_x": 15670.957066340208
}