{
  "shown": [
    {
      "max_elev": 228, 
      "uid": "c2a29058-53ab-4ef8-a4d7-93f160406526", 
      "area": 1.81, 
      "num_lifts": 1, 
      "source": "jsons/ski_area_elevations//europe-latest.json", 
      "min_elev": 98, 
      "cumarea": 15707.49468256342
    }
  ], 
  "end_x": 15708.274095353765, 
  "num": 7155, 
  "zoom": 13, 
  "start_x": 15706.078976000026
}