{
  "shown": [], 
  "end_x": 15752.176482428536, 
  "num": 7175, 
  "zoom": 13, 
  "start_x": 15749.9813630748
}