{
  "shown": [], 
  "end_x": 15765.347198550968, 
  "num": 7181, 
  "zoom": 13, 
  "start_x": 15763.152079197229
}