{
  "shown": [], 
  "end_x": 15791.68863079583, 
  "num": 7193, 
  "zoom": 13, 
  "start_x": 15789.493511442091
}