{
  "shown": [
    {
      "max_elev": 217, 
      "uid": "e4e791b8-a6ac-4c98-b728-dc9d42f3e03a", 
      "area": 1.9100000000000001, 
      "num_lifts": 6, 
      "source": "jsons/ski_area_elevations//europe-latest.json", 
      "min_elev": 161, 
      "cumarea": 15799.759936328906
    }
  ], 
  "end_x": 15800.469108210786, 
  "num": 7197, 
  "zoom": 13, 
  "start_x": 15798.273988857047
}