{
  "shown": [
    {
      "max_elev": 212, 
      "uid": "b08d93c7-daa4-49b6-bb14-bdb4e0fe7a02", 
      "area": 1.96, 
      "num_lifts": 6, 
      "source": "jsons/ski_area_elevations//north-america-latest.json", 
      "min_elev": 120, 
      "cumarea": 15849.72302477783
    }
  ], 
  "end_x": 15850.956853346775, 
  "num": 7220, 
  "zoom": 13, 
  "start_x": 15848.761733993037
}