{
  "shown": [], 
  "end_x": 15881.688524299116, 
  "num": 7234, 
  "zoom": 13, 
  "start_x": 15879.493404945377
}