{
  "shown": [
    {
      "max_elev": 208, 
      "uid": "e0c26688-147a-45ce-8d1f-0d1ea00b33cd", 
      "area": 2.11, 
      "num_lifts": 0, 
      "source": "jsons/ski_area_elevations//asia-latest.json", 
      "min_elev": 208, 
      "cumarea": 15892.280360333667
    }
  ], 
  "end_x": 15892.66412106781, 
  "num": 7239, 
  "zoom": 13, 
  "start_x": 15890.469001714071
}