{
  "shown": [], 
  "end_x": 15923.395792020154, 
  "num": 7253, 
  "zoom": 13, 
  "start_x": 15921.200672666415
}