{
  "shown": [
    {
      "max_elev": 203, 
      "uid": "5dd8db2c-58ac-4f0b-b720-1785574509b0", 
      "area": 2.64, 
      "num_lifts": 1, 
      "source": "jsons/ski_area_elevations//europe-latest.json", 
      "min_elev": 194, 
      "cumarea": 15931.880218026185
    }
  ], 
  "end_x": 15932.176269435105, 
  "num": 7257, 
  "zoom": 13, 
  "start_x": 15929.981150081367
}