{
  "shown": [], 
  "end_x": 15934.371388788844, 
  "num": 7258, 
  "zoom": 13, 
  "start_x": 15932.176269435105
}