{
  "shown": [
    {
      "max_elev": 200, 
      "uid": "d25e0289-98a4-4f2a-8903-bf02085dc72a", 
      "area": 1.9100000000000001, 
      "num_lifts": 1, 
      "source": "jsons/ski_area_elevations//asia-latest.json", 
      "min_elev": 133, 
      "cumarea": 15963.388167945692
    }
  ], 
  "end_x": 15965.103059741185, 
  "num": 7272, 
  "zoom": 13, 
  "start_x": 15962.907940387448
}