{
  "shown": [], 
  "end_x": 15973.88353715614, 
  "num": 7276, 
  "zoom": 13, 
  "start_x": 15971.688417802401
}