{
  "shown": [], 
  "end_x": 16000.224969401002, 
  "num": 7288, 
  "zoom": 13, 
  "start_x": 15998.029850047265
}