{
  "shown": [], 
  "end_x": 16013.395685523436, 
  "num": 7294, 
  "zoom": 13, 
  "start_x": 16011.200566169697
}