{
  "shown": [], 
  "end_x": 16026.566401645869, 
  "num": 7300, 
  "zoom": 13, 
  "start_x": 16024.37128229213
}