{
  "shown": [], 
  "end_x": 16090.224862904288, 
  "num": 7329, 
  "zoom": 13, 
  "start_x": 16088.029743550549
}