{
  "shown": [
    {
      "max_elev": 187, 
      "uid": "8b83c1fa-c2fa-412f-bfcb-9f8ca00549e0", 
      "area": 1.96, 
      "num_lifts": 7, 
      "source": "jsons/ski_area_elevations//asia-latest.json", 
      "min_elev": 74, 
      "cumarea": 16116.794111187606
    }
  ], 
  "end_x": 16118.76141450289, 
  "num": 7342, 
  "zoom": 13, 
  "start_x": 16116.56629514915
}