{
  "shown": [
    {
      "max_elev": 186, 
      "uid": "807b11cb-90e8-4ab5-b964-1fcb150bca79", 
      "area": 1.8, 
      "num_lifts": 1, 
      "source": "jsons/ski_area_elevations//europe-latest.json", 
      "min_elev": 185, 
      "cumarea": 16124.579570854687
    }
  ], 
  "end_x": 16125.346772564106, 
  "num": 7345, 
  "zoom": 13, 
  "start_x": 16123.151653210367
}