{
  "shown": [
    {
      "max_elev": 186, 
      "cumarea": 16127.292520662542, 
      "area": 2.04, 
      "num_lifts": 9, 
      "name": "Martock", 
      "source": "jsons/ski_area_elevations//north-america-latest.json", 
      "min_elev": 29, 
      "uid": "7230b281-182e-446d-8783-51297eb45baf"
    }
  ], 
  "end_x": 16127.541891917845, 
  "num": 7346, 
  "zoom": 13, 
  "start_x": 16125.346772564106
}