{
  "shown": [], 
  "end_x": 16129.737011271583, 
  "num": 7347, 
  "zoom": 13, 
  "start_x": 16127.541891917845
}