{
  "shown": [
    {
      "max_elev": 179, 
      "uid": "0dcea079-7614-4749-8eab-e0f636958d27", 
      "area": 1.84, 
      "num_lifts": 5, 
      "source": "jsons/ski_area_elevations//europe-latest.json", 
      "min_elev": 142, 
      "cumarea": 16190.82704416766
    }
  ], 
  "end_x": 16191.200353176268, 
  "num": 7375, 
  "zoom": 13, 
  "start_x": 16189.005233822529
}