{
  "shown": [
    {
      "max_elev": 2373, 
      "uid": "d94e7ac4-4164-4826-9907-6708c1624200", 
      "area": 1.9100000000000001, 
      "num_lifts": 1, 
      "source": "jsons/ski_area_elevations//europe-latest.json", 
      "min_elev": 1289, 
      "cumarea": 1620.134535889762
    }
  ], 
  "end_x": 1622.1932024128607, 
  "num": 738, 
  "zoom": 13, 
  "start_x": 1619.998083059122
}