{
  "shown": [
    {
      "max_elev": 177, 
      "uid": "4c868ab9-90d4-4455-a6a7-eee60be32c03", 
      "area": 1.82, 
      "num_lifts": 2, 
      "source": "jsons/ski_area_elevations//europe-latest.json", 
      "min_elev": 144, 
      "cumarea": 16211.775734101506
    }
  ], 
  "end_x": 16213.151546713652, 
  "num": 7385, 
  "zoom": 13, 
  "start_x": 16210.956427359914
}