{
  "shown": [], 
  "end_x": 16221.932024128608, 
  "num": 7389, 
  "zoom": 13, 
  "start_x": 16219.736904774869
}