{
  "shown": [], 
  "end_x": 16248.27345637347, 
  "num": 7401, 
  "zoom": 13, 
  "start_x": 16246.078337019731
}