{
  "shown": [
    {
      "max_elev": 173, 
      "uid": "848c87cf-11b5-4fff-b28d-feb9d9a21df8", 
      "area": 1.96, 
      "num_lifts": 3, 
      "source": "jsons/ski_area_elevations//europe-latest.json", 
      "min_elev": 80, 
      "cumarea": 16251.220011811758
    }
  ], 
  "end_x": 16252.663695080948, 
  "num": 7403, 
  "zoom": 13, 
  "start_x": 16250.46857572721
}