{
  "shown": [], 
  "end_x": 16327.297753108061, 
  "num": 7437, 
  "zoom": 13, 
  "start_x": 16325.102633754323
}