{
  "shown": [
    {
      "max_elev": 2370, 
      "cumarea": 1638.294779262614, 
      "area": 12.56, 
      "num_lifts": 83, 
      "name": "Les 7 Laux", 
      "source": "jsons/ski_area_elevations//europe-latest.json", 
      "min_elev": 1335, 
      "uid": "b9486aa7-d482-4de2-97fd-76529edb78c8"
    }
  ], 
  "end_x": 1639.7541572427701, 
  "num": 746, 
  "zoom": 13, 
  "start_x": 1637.5590378890315
}