{
  "shown": [], 
  "end_x": 16379.98061759779, 
  "num": 7461, 
  "zoom": 13, 
  "start_x": 16377.785498244051
}