{
  "shown": [
    {
      "max_elev": 161, 
      "cumarea": 16394.73896417342, 
      "area": 7.62, 
      "num_lifts": 5, 
      "name": "(some mine)", 
      "source": "jsons/ski_area_elevations//asia-latest.json", 
      "min_elev": 128, 
      "uid": "3a3d114d-ff18-455e-9297-428930eaa1e6"
    }
  ], 
  "end_x": 16395.346453073962, 
  "num": 7468, 
  "zoom": 13, 
  "start_x": 16393.151333720223
}