{
  "shown": [], 
  "end_x": 1646.339515303986, 
  "num": 749, 
  "zoom": 13, 
  "start_x": 1644.1443959502474
}