{
  "shown": [], 
  "end_x": 16496.321943345938, 
  "num": 7514, 
  "zoom": 13, 
  "start_x": 16494.1268239922
}