{
  "shown": [], 
  "end_x": 16509.49265946837, 
  "num": 7520, 
  "zoom": 13, 
  "start_x": 16507.297540114632
}