{
  "shown": [], 
  "end_x": 1659.5102314264177, 
  "num": 755, 
  "zoom": 13, 
  "start_x": 1657.315112072679
}