{
  "shown": [], 
  "end_x": 16577.541359434268, 
  "num": 7551, 
  "zoom": 13, 
  "start_x": 16575.34624008053
}