{
  "shown": [
    {
      "max_elev": 143, 
      "uid": "284120ca-fff7-4919-b00f-7680dfbcda41", 
      "area": 1.86, 
      "num_lifts": 3, 
      "source": "jsons/ski_area_elevations//asia-latest.json", 
      "min_elev": 116, 
      "cumarea": 16588.127855144096
    }
  ], 
  "end_x": 16588.516956202962, 
  "num": 7556, 
  "zoom": 13, 
  "start_x": 16586.321836849223
}