{
  "shown": [
    {
      "max_elev": 141, 
      "uid": "5937d64e-af8c-424d-9adc-a96681239539", 
      "area": 1.8800000000000001, 
      "num_lifts": 6, 
      "source": "jsons/ski_area_elevations//europe-latest.json", 
      "min_elev": 100, 
      "cumarea": 16606.389706426024
    }
  ], 
  "end_x": 16608.273030386612, 
  "num": 7565, 
  "zoom": 13, 
  "start_x": 16606.077911032873
}