{
  "shown": [
    {
      "max_elev": 138, 
      "uid": "5fcd870f-d2d1-496b-82b8-e7e9e6e038b9", 
      "area": 1.84, 
      "num_lifts": 3, 
      "source": "jsons/ski_area_elevations//europe-latest.json", 
      "min_elev": 95, 
      "cumarea": 16643.1855497921
    }
  ], 
  "end_x": 16643.394940046426, 
  "num": 7581, 
  "zoom": 13, 
  "start_x": 16641.199820692687
}