{
  "shown": [], 
  "end_x": 16645.590059400165, 
  "num": 7582, 
  "zoom": 13, 
  "start_x": 16643.394940046426
}