{
  "shown": [], 
  "end_x": 1670.485828195111, 
  "num": 760, 
  "zoom": 13, 
  "start_x": 1668.2907088413724
}