{
  "shown": [
    {
      "max_elev": 133, 
      "uid": "f80c4283-cf73-4759-99b6-81be271635cc", 
      "area": 1.84, 
      "num_lifts": 1, 
      "source": "jsons/ski_area_elevations//europe-latest.json", 
      "min_elev": 125, 
      "cumarea": 16697.901107785634
    }
  ], 
  "end_x": 16698.27292388989, 
  "num": 7606, 
  "zoom": 13, 
  "start_x": 16696.07780453615
}