{
  "shown": [
    {
      "max_elev": 2361, 
      "cumarea": 1670.5135084655228, 
      "area": 6.87, 
      "num_lifts": 57, 
      "name": "Les Angles", 
      "source": "jsons/ski_area_elevations//europe-latest.json", 
      "min_elev": 1640, 
      "uid": "dbcc4ad9-a035-4217-afda-fb342e55b736"
    }
  ], 
  "end_x": 1672.6809475488499, 
  "num": 761, 
  "zoom": 13, 
  "start_x": 1670.485828195111
}