{
  "shown": [], 
  "end_x": 16713.638759366062, 
  "num": 7613, 
  "zoom": 13, 
  "start_x": 16711.443640012323
}