{
  "shown": [], 
  "end_x": 16742.175310964667, 
  "num": 7626, 
  "zoom": 13, 
  "start_x": 16739.980191610928
}