{
  "shown": [
    {
      "max_elev": 127, 
      "uid": "18540b4e-7e5a-4e5f-9b9f-d21a481070b1", 
      "area": 1.83, 
      "num_lifts": 1, 
      "source": "jsons/ski_area_elevations//europe-latest.json", 
      "min_elev": 50, 
      "cumarea": 16750.368565527504
    }
  ], 
  "end_x": 16750.955788379622, 
  "num": 7630, 
  "zoom": 13, 
  "start_x": 16748.760669025884
}