{
  "shown": [
    {
      "max_elev": 122, 
      "uid": "cbc9e660-af3b-4ed3-8de8-7250c9dcf8c0", 
      "area": 1.83, 
      "num_lifts": 2, 
      "source": "jsons/ski_area_elevations//europe-latest.json", 
      "min_elev": 75, 
      "cumarea": 16813.324896736267
    }
  ], 
  "end_x": 16814.61424963804, 
  "num": 7659, 
  "zoom": 13, 
  "start_x": 16812.419130284303
}