{
  "shown": [
    {
      "max_elev": 120, 
      "uid": "42a48f8a-edd2-4d97-945e-60679906750d", 
      "area": 1.83, 
      "num_lifts": 3, 
      "source": "jsons/ski_area_elevations//asia-latest.json", 
      "min_elev": 67, 
      "cumarea": 16852.58411660895
    }
  ], 
  "end_x": 16854.12639800534, 
  "num": 7677, 
  "zoom": 13, 
  "start_x": 16851.931278651602
}