{
  "shown": [], 
  "end_x": 1690.2419023787588, 
  "num": 769, 
  "zoom": 13, 
  "start_x": 1688.0467830250202
}