{
  "shown": [
    {
      "max_elev": 116, 
      "uid": "887cd60f-9420-41b3-a7c6-06b3be9d4bcf", 
      "area": 1.82, 
      "num_lifts": 1, 
      "source": "jsons/ski_area_elevations//europe-latest.json", 
      "min_elev": 95, 
      "cumarea": 16894.640819385517
    }
  ], 
  "end_x": 16895.83366572637, 
  "num": 7696, 
  "zoom": 13, 
  "start_x": 16893.638546372633
}