{
  "shown": [], 
  "end_x": 171.21930959161455, 
  "num": 77, 
  "zoom": 13, 
  "start_x": 169.0241902378759
}