{
  "shown": [
    {
      "max_elev": 107, 
      "uid": "c29add4c-f3d7-4a65-aec0-ea4062f13c55", 
      "area": 1.81, 
      "num_lifts": 1, 
      "source": "jsons/ski_area_elevations//asia-latest.json", 
      "min_elev": 62, 
      "cumarea": 16978.697009769676
    }
  ], 
  "end_x": 16979.24820116844, 
  "num": 7734, 
  "zoom": 13, 
  "start_x": 16977.0530818147
}