{
  "shown": [
    {
      "max_elev": 104, 
      "uid": "fff9e58a-8056-40f0-8cbb-36c6459b461f", 
      "area": 1.85, 
      "num_lifts": 1, 
      "source": "jsons/ski_area_elevations//europe-latest.json", 
      "min_elev": 103, 
      "cumarea": 17005.075402421793
    }
  ], 
  "end_x": 17005.589633413307, 
  "num": 7746, 
  "zoom": 13, 
  "start_x": 17003.394514059568
}