{
  "shown": [], 
  "end_x": 17157.052868821273, 
  "num": 7815, 
  "zoom": 13, 
  "start_x": 17154.857749467534
}