{
  "shown": [
    {
      "max_elev": 84, 
      "uid": "e1b7f155-782c-4b41-ae61-69139b8d6110", 
      "area": 2.24, 
      "num_lifts": 19, 
      "source": "jsons/ski_area_elevations//europe-latest.json", 
      "min_elev": 50, 
      "cumarea": 17170.2954156957
    }
  ], 
  "end_x": 17172.418704297444, 
  "num": 7822, 
  "zoom": 13, 
  "start_x": 17170.223584943706
}