{
  "shown": [
    {
      "max_elev": 80, 
      "uid": "bcd8ba8e-7e34-434b-affb-80e0db6dbc3f", 
      "area": 1.86, 
      "num_lifts": 1, 
      "source": "jsons/ski_area_elevations//europe-latest.json", 
      "min_elev": 17, 
      "cumarea": 17206.845113371288
    }
  ], 
  "end_x": 17207.54061395726, 
  "num": 7838, 
  "zoom": 13, 
  "start_x": 17205.34549460352
}