{
  "shown": [
    {
      "max_elev": 77, 
      "uid": "5dd541d1-219f-4272-b292-a1a9e87e40ab", 
      "area": 1.86, 
      "num_lifts": 0, 
      "source": "jsons/ski_area_elevations//europe-latest.json", 
      "min_elev": 77, 
      "cumarea": 17254.008457736694
    }
  ], 
  "end_x": 17255.833239739506, 
  "num": 7860, 
  "zoom": 13, 
  "start_x": 17253.638120385767
}