{
  "shown": [
    {
      "max_elev": 75, 
      "uid": "6561dc52-419e-4d61-9a0a-cdcb169d0019", 
      "area": 1.8, 
      "num_lifts": 1, 
      "source": "jsons/ski_area_elevations//europe-latest.json", 
      "min_elev": 65, 
      "cumarea": 17272.558864637303
    }
  ], 
  "end_x": 17273.394194569417, 
  "num": 7868, 
  "zoom": 13, 
  "start_x": 17271.199075215678
}