{
  "shown": [
    {
      "max_elev": 74, 
      "uid": "a880be3b-4656-4fb6-a93c-0a903b44e338", 
      "area": 1.81, 
      "num_lifts": 1, 
      "source": "jsons/ski_area_elevations//north-america-latest.json", 
      "min_elev": 34, 
      "cumarea": 17285.519928158756
    }
  ], 
  "end_x": 17286.56491069185, 
  "num": 7874, 
  "zoom": 13, 
  "start_x": 17284.36979133811
}