{
  "shown": [
    {
      "max_elev": 74, 
      "uid": "db61820a-bff2-4c0c-84a6-6e989d254b9a", 
      "area": 2.21, 
      "num_lifts": 0, 
      "source": "jsons/ski_area_elevations//asia-latest.json", 
      "min_elev": 74, 
      "cumarea": 17288.312920674285
    }
  ], 
  "end_x": 17288.76003004559, 
  "num": 7875, 
  "zoom": 13, 
  "start_x": 17286.56491069185
}