{
  "shown": [], 
  "end_x": 1734.1442894535317, 
  "num": 789, 
  "zoom": 13, 
  "start_x": 1731.949170099793
}