{
  "shown": [], 
  "end_x": 1738.5345281610091, 
  "num": 791, 
  "zoom": 13, 
  "start_x": 1736.3394088072705
}