{
  "shown": [
    {
      "max_elev": 2330, 
      "cumarea": 1739.5431927939114, 
      "area": 6.95, 
      "num_lifts": 37, 
      "name": "Krasnaya Polyana", 
      "source": "jsons/ski_area_elevations//europe-latest.json", 
      "min_elev": 520, 
      "uid": "27cc8c60-d684-428e-b662-54629232f9cd"
    }
  ], 
  "end_x": 1740.7296475147477, 
  "num": 792, 
  "zoom": 13, 
  "start_x": 1738.5345281610091
}