{
  "shown": [
    {
      "max_elev": 52, 
      "uid": "ee45f0ee-3be7-428f-b1d6-4bb363c95d37", 
      "area": 1.81, 
      "num_lifts": 0, 
      "source": "jsons/ski_area_elevations//europe-latest.json", 
      "min_elev": 52, 
      "cumarea": 17462.828049682787
    }
  ], 
  "end_x": 17464.369578344682, 
  "num": 7955, 
  "zoom": 13, 
  "start_x": 17462.174458990943
}