{
  "shown": [], 
  "end_x": 17473.150055759637, 
  "num": 7959, 
  "zoom": 13, 
  "start_x": 17470.9549364059
}