{
  "shown": [], 
  "end_x": 17488.51589123581, 
  "num": 7966, 
  "zoom": 13, 
  "start_x": 17486.32077188207
}