{
  "shown": [
    {
      "max_elev": 49, 
      "uid": "912cfd4a-3459-4c4d-b33a-769675225cbe", 
      "area": 1.81, 
      "num_lifts": 1, 
      "source": "jsons/ski_area_elevations//europe-latest.json", 
      "min_elev": 34, 
      "cumarea": 17491.37081426255
    }
  ], 
  "end_x": 17492.906129943287, 
  "num": 7968, 
  "zoom": 13, 
  "start_x": 17490.711010589548
}