{
  "shown": [
    {
      "max_elev": 2326, 
      "uid": "befe595a-8154-45b6-b065-64f1c3851ab2", 
      "area": 1.92, 
      "num_lifts": 2, 
      "source": "jsons/ski_area_elevations//europe-latest.json", 
      "min_elev": 1844, 
      "cumarea": 1752.3095339517101
    }
  ], 
  "end_x": 1753.9003636371797, 
  "num": 798, 
  "zoom": 13, 
  "start_x": 1751.705244283441
}