{
  "shown": [], 
  "end_x": 17543.393875079273, 
  "num": 7991, 
  "zoom": 13, 
  "start_x": 17541.198755725534
}