{
  "shown": [
    {
      "max_elev": 4110, 
      "cumarea": 18.646729070259017, 
      "area": 2.0100000000000002, 
      "num_lifts": 2, 
      "name": "(urban, La Paz)", 
      "source": "jsons/ski_area_elevations//south-america-latest.json", 
      "min_elev": 3706, 
      "uid": "149969d9-ce99-41f7-997c-35a02e14043b"
    }
  ], 
  "end_x": 19.756074183647833, 
  "num": 8, 
  "zoom": 13, 
  "start_x": 17.560954829909182
}