{
  "shown": [], 
  "end_x": 17571.930426677878, 
  "num": 8004, 
  "zoom": 13, 
  "start_x": 17569.73530732414
}