{
  "shown": [
    {
      "max_elev": 41, 
      "uid": "d2014009-ab45-49fb-adb3-048395c8e682", 
      "area": 1.83, 
      "num_lifts": 1, 
      "source": "jsons/ski_area_elevations//europe-latest.json", 
      "min_elev": 8, 
      "cumarea": 17590.576909132637
    }
  ], 
  "end_x": 17591.686500861528, 
  "num": 8013, 
  "zoom": 13, 
  "start_x": 17589.49138150779
}