{
  "shown": [], 
  "end_x": 1762.6808410521342, 
  "num": 802, 
  "zoom": 13, 
  "start_x": 1760.4857216983955
}