{
  "shown": [], 
  "end_x": 1769.26619911335, 
  "num": 805, 
  "zoom": 13, 
  "start_x": 1767.0710797596114
}