{
  "shown": [], 
  "end_x": 17692.6619911335, 
  "num": 8059, 
  "zoom": 13, 
  "start_x": 17690.46687177976
}