{
  "shown": [], 
  "end_x": 17705.832707255933, 
  "num": 8065, 
  "zoom": 13, 
  "start_x": 17703.637587902194
}