{
  "shown": [
    {
      "max_elev": 31, 
      "uid": "a878cfc8-d553-4a4d-abad-9ba238353c0f", 
      "area": 1.8, 
      "num_lifts": 1, 
      "source": "jsons/ski_area_elevations//europe-latest.json", 
      "min_elev": 21, 
      "cumarea": 17708.517454570458
    }
  ], 
  "end_x": 17710.22294596341, 
  "num": 8067, 
  "zoom": 13, 
  "start_x": 17708.027826609672
}