{
  "shown": [], 
  "end_x": 17747.539974976964, 
  "num": 8084, 
  "zoom": 13, 
  "start_x": 17745.344855623225
}