{
  "shown": [], 
  "end_x": 17760.710691099397, 
  "num": 8090, 
  "zoom": 13, 
  "start_x": 17758.51557174566
}