{
  "shown": [
    {
      "max_elev": 20, 
      "uid": "8b27e35c-12d1-462e-8c94-1974c41fd8a7", 
      "area": 1.81, 
      "num_lifts": 1, 
      "source": "jsons/ski_area_elevations//asia-latest.json", 
      "min_elev": 20, 
      "cumarea": 17779.0420305011
    }
  ], 
  "end_x": 17780.466765283047, 
  "num": 8099, 
  "zoom": 13, 
  "start_x": 17778.271645929308
}