{
  "shown": [], 
  "end_x": 17789.247242698002, 
  "num": 8103, 
  "zoom": 13, 
  "start_x": 17787.052123344263
}