{
  "shown": [], 
  "end_x": 17830.954510419033, 
  "num": 8122, 
  "zoom": 13, 
  "start_x": 17828.759391065294
}