{
  "shown": [
    {
      "max_elev": 9, 
      "uid": "6bcb6bd1-d671-4b0a-964d-b690f3ea6b9c", 
      "area": 1.81, 
      "num_lifts": 1, 
      "source": "jsons/ski_area_elevations//europe-latest.json", 
      "min_elev": 8, 
      "cumarea": 17859.811883648388
    }
  ], 
  "end_x": 17861.686181371377, 
  "num": 8136, 
  "zoom": 13, 
  "start_x": 17859.491062017638
}