{
  "shown": [
    {
      "max_elev": 1, 
      "uid": "fed2b222-2cea-4abd-8ff3-01b6bc803929", 
      "area": 1.85, 
      "num_lifts": 0, 
      "source": "jsons/ski_area_elevations//europe-latest.json", 
      "min_elev": 1, 
      "cumarea": 17930.210111947457
    }
  ], 
  "end_x": 17931.930000691013, 
  "num": 8168, 
  "zoom": 13, 
  "start_x": 17929.734881337274
}