{
  "shown": [
    {
      "max_elev": 1, 
      "uid": "abbecb32-fe57-48b2-8a7a-2df0c2a388bf", 
      "area": 1.84, 
      "num_lifts": 0, 
      "source": "jsons/ski_area_elevations//asia-latest.json", 
      "min_elev": 1, 
      "cumarea": 17945.899270341866
    }
  ], 
  "end_x": 17947.295836167184, 
  "num": 8175, 
  "zoom": 13, 
  "start_x": 17945.100716813446
}