{
  "shown": [], 
  "end_x": 1802.1929894194298, 
  "num": 820, 
  "zoom": 13, 
  "start_x": 1799.9978700656911
}