{
  "shown": [], 
  "end_x": 1808.7783474806458, 
  "num": 823, 
  "zoom": 13, 
  "start_x": 1806.5832281269072
}