{
  "shown": [
    {
      "max_elev": 2306, 
      "uid": "7bbccd28-df12-401c-bda8-92a98ace263f", 
      "area": 1.9100000000000001, 
      "num_lifts": 2, 
      "source": "jsons/ski_area_elevations//europe-latest.json", 
      "min_elev": 1580, 
      "cumarea": 1808.7967548205386
    }
  ], 
  "end_x": 1810.9734668343845, 
  "num": 824, 
  "zoom": 13, 
  "start_x": 1808.7783474806458
}