{
  "shown": [
    {
      "max_elev": 2297, 
      "uid": "dc9ff330-4aaa-4065-ac65-1cb0a1cc1f8f", 
      "area": 1.9000000000000001, 
      "num_lifts": 1, 
      "source": "jsons/ski_area_elevations//asia-latest.json", 
      "min_elev": 1819, 
      "cumarea": 1839.0672623494158
    }
  ], 
  "end_x": 1839.5100184329867, 
  "num": 837, 
  "zoom": 13, 
  "start_x": 1837.314899079248
}