{
  "shown": [
    {
      "max_elev": 2292, 
      "cumarea": 1855.6384503118265, 
      "area": 6.4799999999999995, 
      "num_lifts": 29, 
      "name": "Snowbowl", 
      "source": "jsons/ski_area_elevations//north-america-latest.json", 
      "min_elev": 1518, 
      "uid": "07de5d8e-86d5-4550-8a9c-bf970ae4c5be"
    }
  ], 
  "end_x": 1857.0709732628961, 
  "num": 845, 
  "zoom": 13, 
  "start_x": 1854.8758539091575
}