{
  "shown": [], 
  "end_x": 1859.2660926166348, 
  "num": 846, 
  "zoom": 13, 
  "start_x": 1857.0709732628961
}