{
  "shown": [], 
  "end_x": 188.78026442152373, 
  "num": 85, 
  "zoom": 13, 
  "start_x": 186.58514506778508
}