{
  "shown": [], 
  "end_x": 1900.973360337669, 
  "num": 865, 
  "zoom": 13, 
  "start_x": 1898.7782409839303
}