{
  "shown": [
    {
      "max_elev": 2273, 
      "cumarea": 1925.1464947045918, 
      "area": 41.3, 
      "num_lifts": 312, 
      "name": "Whistler Blackcomb", 
      "source": "jsons/ski_area_elevations//north-america-latest.json", 
      "min_elev": 659, 
      "uid": "8e8aa042-bd64-4b74-931a-f3b6f66443f0"
    }
  ], 
  "end_x": 1927.3147925825328, 
  "num": 877, 
  "zoom": 13, 
  "start_x": 1925.1196732287942
}