{
  "shown": [], 
  "end_x": 195.36562248273967, 
  "num": 88, 
  "zoom": 13, 
  "start_x": 193.17050312900102
}