{
  "shown": [], 
  "end_x": 1933.9001506437487, 
  "num": 880, 
  "zoom": 13, 
  "start_x": 1931.70503129001
}