{
  "shown": [
    {
      "max_elev": 2271, 
      "uid": "a9821dd2-2a83-4746-a5c7-d087008bd5bb", 
      "area": 2.35, 
      "num_lifts": 2, 
      "source": "jsons/ski_area_elevations//asia-latest.json", 
      "min_elev": 1888, 
      "cumarea": 1938.5528022192816
    }
  ], 
  "end_x": 1940.4855087049646, 
  "num": 883, 
  "zoom": 13, 
  "start_x": 1938.290389351226
}