{
  "shown": [], 
  "end_x": 1947.0708667661806, 
  "num": 886, 
  "zoom": 13, 
  "start_x": 1944.8757474124418
}