{
  "shown": [], 
  "end_x": 1984.3878957797376, 
  "num": 903, 
  "zoom": 13, 
  "start_x": 1982.192776425999
}