{
  "shown": [], 
  "end_x": 1993.1683731946923, 
  "num": 907, 
  "zoom": 13, 
  "start_x": 1990.9732538409537
}