{
  "shown": [], 
  "end_x": 204.14609989769426, 
  "num": 92, 
  "zoom": 13, 
  "start_x": 201.9509805439556
}