{
  "shown": [
    {
      "max_elev": 2248, 
      "uid": "20e2cd26-1173-4344-930c-b8f62ecc9ddb", 
      "area": 1.84, 
      "num_lifts": 1, 
      "source": "jsons/ski_area_elevations//south-america-latest.json", 
      "min_elev": 2042, 
      "cumarea": 2036.6417997052308
    }
  ], 
  "end_x": 2037.0707602694652, 
  "num": 927, 
  "zoom": 13, 
  "start_x": 2034.8756409157265
}