{
  "shown": [], 
  "end_x": 2056.8268344531134, 
  "num": 936, 
  "zoom": 13, 
  "start_x": 2054.6317150993746
}