{
  "shown": [], 
  "end_x": 2067.8024312218063, 
  "num": 941, 
  "zoom": 13, 
  "start_x": 2065.607311868068
}