{
  "shown": [], 
  "end_x": 2091.9487441129313, 
  "num": 952, 
  "zoom": 13, 
  "start_x": 2089.7536247591925
}