{
  "shown": [], 
  "end_x": 2098.534102174147, 
  "num": 955, 
  "zoom": 13, 
  "start_x": 2096.338982820408
}