{
  "shown": [], 
  "end_x": 2127.07065377275, 
  "num": 968, 
  "zoom": 13, 
  "start_x": 2124.8755344190113
}