{
  "shown": [
    {
      "max_elev": 2223, 
      "cumarea": 2128.052797217286, 
      "area": 6.0, 
      "num_lifts": 4, 
      "name": "Mittenwald - Kranzberg", 
      "source": "jsons/ski_area_elevations//europe-latest.json", 
      "min_elev": 929, 
      "uid": "62d7075a-bbe1-409b-84c5-49bafbbc49a8"
    }
  ], 
  "end_x": 2129.2657731264885, 
  "num": 969, 
  "zoom": 13, 
  "start_x": 2127.07065377275
}