{
  "shown": [
    {
      "max_elev": 2218, 
      "uid": "13afa76e-98fe-4734-8f66-1b3e7e2210e6", 
      "area": 1.96, 
      "num_lifts": 5, 
      "source": "jsons/ski_area_elevations//north-america-latest.json", 
      "min_elev": 2070, 
      "cumarea": 2152.3277202152103
    }
  ], 
  "end_x": 2153.4120860176135, 
  "num": 980, 
  "zoom": 13, 
  "start_x": 2151.2169666638747
}