{
  "shown": [
    {
      "max_elev": 2209, 
      "uid": "4944e829-4129-4a11-b5ab-43897cd8fff9", 
      "area": 1.95, 
      "num_lifts": 2, 
      "source": "jsons/ski_area_elevations//europe-latest.json", 
      "min_elev": 1544, 
      "cumarea": 2175.2021299197963
    }
  ], 
  "end_x": 2175.363279555, 
  "num": 990, 
  "zoom": 13, 
  "start_x": 2173.1681602012613
}